Var1,Freq
"""""""Law Offices of Charles M """"""""Tex"""""""" Stevenson""""""",1
"""LAW OFFICES OF WARREN A. """"CHIP"""" FORSTALL, JR. LLC""",1
[REDACTED FOR PRIVACY],890
[REDACTED FOR PRIVACY]; Attorney's Trust Account,1
[REDACTED FOR PRIVACY]; PLLC;Sloan & Associates,2
[REDACTED FOR PRIVACY];Center on Race; Poverty & Environment,1
[REDACTED FOR PRIVACY];EARTHJUSTICE ATTY CLIENT TRUST FUND;REED  ZARS,2
[REDACTED FOR PRIVACY];HARMAN CLAYTOR CORRIGAN & WELLMAN,1
[REDACTED FOR PRIVACY];LATHAM & WATKINS LLP,1
[REDACTED FOR PRIVACY];Marek;Griffin&Knaupp Trust,1
[REDACTED FOR PRIVACY];McGillivray Westerberg & Bender LLC,1
[REDACTED FOR PRIVACY];Pacific Legal Foundation,1
[REDACTED FOR PRIVACY];STEIN SHOSTAK SHOSTAK POLLACK & OHARA,2
[REDACTED FOR PRIVACY];WESTERN ENVIRONMENTAL LAW CENTER,1
& NESKIS PC;DECKER CARDON THOMAS ESCROW A/C;DECKER; CARDON; THOMAS ;WEINTRAUB,1
& RAITT PC;GURSTEN KOLTONOW GURSTEN CHRISTENSEN,1
& RAITT;GURSTEN KOLTONOW GURSTEN CHRISTENSEN,1
& WILLIAMS TRUST ACCOUNT;KEVIN C SMITH;LYTAL REITER CLARK FOUNTAIN,1
1000-Attorney Generals Office;Smith & Lowney; PLLC,1
4STRUCTURES.COM; LLC TRUST ACCOUNT;THOMAS Q KEEFE,1
A  KOSS;A KOSS TRUST ACCT,1
A ALLAN  GARTNER,1
A Boe Law Firm; P.S.;Nolan Lim Law Firm; P.S.,1
A BRUCE  JONES;HOLLAND & HART LLP,1
A Chiarello Legal; PA,1
A J  HOHMAN,1
A John  Witkowski,1
A PROFFESSIONAL CORP ESCROW ACCT;KENNETH B WILLIS;KENNETH B WILLS ATTY AT LAW,1
A Robert E Thomson Attorney at Law PS,1
A Russell  Watson,1
A. ALLEN  GARTNER,1
A. Clarke Law Group,1
A. DONALD  MCEACHIN,1
A. Elliott  Barrow BROW,1
"A. Frazho Law Office, PLLC",4
A. GREGORY ROME; ATTORNEY AT LAW,1
A. Mark Faggard IOLTA,1
A. Michael Bross; P.A.,1
A. Wayland  Cooke,1
AARON  ALLISON,1
AARON  BLOOM;NATURAL RESOURCE DEFENCE COUNCIL,1
Aaron  Castleton,1
AARON  GALLOWAY,1
AARON  KASHMANIAN,1
Aaron  Koury,1
Aaron & Prince,2
Aaron & Quirk LLP,1
AARON & QUIRK LLP,2
Aaron & Quirk LLP IOLTA,1
Aaron & Quirk; LLP,2
AARON AND QUIRK LLP,1
Aaron C. French; Esq,1
AARON I LIPSEY,1
AARON M LAVINE,1
Aaron Meyer Law,1
Aaron R Coven,1
AARON SACHS &  ASSOCIATES; P.C.,1
Aaron Sachs & Associates,1
Aaron Sachs & Associates; PC,1
Aaron Sachs Associates PC,1
ABBIE  TRONE,1
"Abbott Bushlow & Schechner, LLP",1
Abbott Bushlow & Schechner; LLP,7
Abbott Law Firm PA;ABBOTT LAW FIRM PA,1
"Abbott McKissick and Hopewell, LLC",1
Abbott; Bushlow & Schechner; LLP,1
Abbott; McKissick & Hopewell; LLC,1
ABBOTT; MCKISSICK & HOPEWELL; LLC,1
Abboud Law Firm,3
Abby L Botnick,1
ABDULLAH SALIM,1
ABEL  FAVELA;CARONNA  JOHNSON LLP,1
ABEL  RUSS,1
ABEL LAW FIRM,1
Abel Law Group,1
Abelardo  Bernal,1
ABELARDO P. BERNAL ATTORNEY AT LAW,1
ABEND & SILBER; PLLC,1
Abes Baumann; P.C.,1
ABES BAUMANN; P.C.,3
Abeyta Nelson PC,1
ABEYTA NELSON PC,1
ABEYTA-NELSON PC IOLTA ACCT;RODNEY K NELSON,1
ABEYTA-NELSON PC IOLTA;GREGORY S LIGHTY,1
ABIGAIL WILLIAMS & ASSO PC IOLTA;ROSS  ANNENBERG,1
ABIMAN  RAJADURAI,1
Abiona Law PLLC,2
Abir Cohen Treyzon Salo LLP,1
ABOUD & ABOUD; PC TRUST ACCT,1
Abourazk Law  Firm Trt Account;George  Nelson,1
ABOUREZK & ZEPHIER PC,1
Abourezk Law  Firm Trust Account;Robin  Zephier,1
Abourezk Law  Firm Trust Account;Robin L Zephier,1
Abourezk Law Firm,2
ABOUREZK LAW FIRM TR ACCT,1
ABOUREZK LAW FIRM TRUST ACCOUNT,1
ABOUREZK LAW FIRM TRUST ACCT,2
Abourezk Zephier & Lafleur,1
Abourezk Zephier & LaFleur,1
Abourezk Zephier & LaFleur PC,2
ABOUREZK ZEPHIER & LAFLEUR PC,2
ABOUREZK ZEPHIER & LAFLEUR PC TRUST ACCT,1
Aboushi Law Firm,1
ABRAHAM  ARZATE;CARABIN & SHAW; PC,1
ABRAHAM J BARNETT,1
"Abraham Law & Consulting, LLC,",1
"Abrahams Wolf-Rodda, LLC",1
Abrahams Wolf-Rodda; LLC,1
ABRAHAMSON CONABOY & ABRAHAMSON,1
Abramowitz & Pomerantz; P.A.;Lawlor White & Murphy; LLP,1
Abrams & Abrams; PA,1
Abrams Fensterman LLP,3
"Abrams Fensterman, LLP",8
Abrams Fensterman; LLP,1
Abrams Law Group LTD,1
Abramson & Deneberg PC,1
ABRAMSON & DENENBERG P.C.,1
Abramson & Denenberg PC,1
ABRAMSON & DENENBERG PC,1
ABRAMSON & KELLER;MARK J KELLER,1
Abramson Brown & Dugan,2
ABRAMSON BROWN & DUGAN IOLTA,1
ABRAMSON SMITH WALDSMITH LLP,1
Abromson & Carey,3
Abromson & Carey; P.A.,1
ACCASVEK; LLC,1
Accelerated Recover Services Inc,1
Accelerated Recovery Services,5
Accelerated Recovery Services; Inc.,1
Access Disability LLC,7
Access Disability; LLC,1
Accident Attorneys of Monge & Associates,1
Accident Law Professionals,1
Acclaim Resource Partners LLC,1
ACCOUNT;HEDLAND BRENNAN & HEIDEMAN SPECIAL;JOHN S HEDLAND,1
ACCT;QUARTEY & UMANA ATTORNEYS CLIENTS TR;QUARTEY & UMANA LLC,1
Acevedo; Zepeda; Hernandez & Acevedo,1
ACHERMAN  LAW  FIRM,2
Ackerman Brown PLLC,1
ACKERSON KAUFFMAN FEX PC IOLTA,1
ACKERSON KAUFFMAN FEX PC;GEORGE M ALLEN,1
Ackerson Kauffman Fex PC;Stephens & Klinge LLP,11
ACKERSON KAUFMANN FEX PC;[REDACTED FOR PRIVACY],1
ACKERSON KAUFMANN FEX PC;LARRY  WALKER,1
ACKRE LAW FIRM TRUST ACCT,1
ACLU,2
ACLU FOUNDATION  OF SOUTHERN CALIFORNIA,1
ACLU Foundation of D.C.,1
ACLU Foundation of FLorida; Inc.;Law Office of Andrea Flynn Mogensen; PA,1
ACLU Foundation of Pennsylvania,1
ACLU Foundation of Southern CA,1
ACLU Foundation of Southern California,1
ACLU Foundation of Southern California;Northwest Immigrant Rights Project;Public Counsel,3
ACLU Foundation of Southern California;Public Counsel;Public Law Center,1
ACLU Foundation of Southern California;Sidley Austin; LLP,1
ACLU Foundation of Texas;Kirkland & Ellis LLP,1
ACLU Foundation of Vermont;Center for Constitutional Rights;Gibson Dunn & Crutcher;National Center for Law & Economic;National Immigration Law Center,1
ACLU Fund of Michigan,1
ACLU MN,1
ACLU OF INDIANA,2
ACLU OF INDIANA;[REDACTED FOR PRIVACY],1
ACLU OF MARYLAND;BROWN; GOLDSTEIN & LEVY;BROWN; GOLDSTEIN & LEVY ESCROW ACCT;CROWELL & MORING,1
ACLU of Missouri Foundation;Stinson LLP,1
ACLU of New Mexico,2
ACLU of NM,1
ACLU of Pennsylvania,1
ACLU of the District of Columbia,1
ACLU;Covington & Burling LLP,2
Acosta Injury Law,2
Acosta Law Firm; LLC,4
ActRight Legal Foundation,1
ADA M BARRETO,2
Ada Mena Law,1
Adaljisa Perez Andreu Law Office PSC,1
ADAM  NEIDENBERG,1
Adam  Rappaport,1
ADAM  RESMINI,1
Adam & Bleser,1
Adam B Kehrli,1
Adam E Barnett,2
Adam E Miller,2
ADAM E MILLER; PA,1
Adam G Forrest,1
Adam G Gerhardstein,1
Adam H Baker,1
ADAM H STANZIONE,1
ADAM J ROSENFELD,1
ADAM K HOBAUGH,2
ADAM L ROTHENBERG,1
Adam Levine Attorney at Law,1
ADAM M COHEN,1
Adam M Dulik,1
Adam P Bailey,1
ADAM P MORRELL,1
Adam R. Webber,1
ADAM S NEIDENBERG,1
Adam Scher Law Group P.A.,1
Adame Garza,5
Adame Garza LLP,2
Adams Hill & Hess; Attorneys at Law,1
Adams Jordan & Herrington,2
Adams Landenwich Walton; PLLC,1
Adams Law Office,1
ADAMS NYE TRAPANI BECHT LLP;MICHAEL  SACHS,1
Adams; Jordan & Herrington,1
Adams; Jordan & Herrington; P.C.,3
ADAMS; JORDAN & TREADWELL; P.C.,1
Adcock & Morrison PLLC,1
Adduci; Mastriani & Schaumberg LLP;Kelley Drye & Warren; LLP,2
AddyHart P.C.,1
Adelman & Gettleman,1
ADELMAN GERMAN PLC,1
Adelman Law Office,2
Adelphi LLP,1
Adelson Testan Brundo Novell & Jimenez,3
Adler Giersch; P.S.,1
ADLERLAW; PC,1
Adley Law Firm,2
Administrators of Tulane Educational,1
ADOLFO  LARA,1
Adrian A Sak,1
ADRIAN R BRIDGES,1
ADRIANA  LAFAILLE,1
Adriana M de l Torre,1
Adriana M de la Torre,2
ADRIANA M DE LA TORRE,1
ADRIANNA  SHANNON,1
ADRIANNE  GUEST,1
ADRIENNE A PIETROPAOLO,1
Adrienne F Jarvis,2
ADRIENNE F JARVIS,2
Adrienne F Jarvis; Esq.,1
Adrionne  Beasley,1
ADV. ALAA  ZAHALKA,1
Advanced Subrogation Resources;Advanced Subrogation Services,1
Advanced Subrogation Services,1
Advocacy Claims Management,1
ADVOCAT  SOREN OLSEN,1
Advocate Law Center,1
Advocates for the West,13
ADVOCATES FOR THE WEST,2
ADVOCATES FOR THE WEST LAWYER,1
ADVOCATES FOR THE WEST LAWYER TRUST ACCT,1
ADVOCATES FOR THE WEST LAWYERS ACCT,1
Advocates Kuttab/S. Khoury/Hanna,1
Advocates Law Firm,1
Advocates Law Group; PLLC;Maxwell Graham P.S.,1
AE IOLA 7078,1
AEC FINANCIAL INC;JEFFREY  CATALANO,1
AEC FINANCIAL INC;JEFFREY N CATALANO,1
AFA Claims Services,1
AFGE,2
AFGE Attorney Escrow,1
AFGE ATTORNEY ESCROW ACC'T,1
AFGE Local 1923,2
Afni,2
AFNI,36
AFNI Inc,2
AFNI Inc.,2
AFNI Insurance Services,1
Afni Subrogation,2
AFNI Subrogation Department,1
"AFNI, Inc.",1
AFNI; Inc. Subrogation Department,1
AFTON  JANE IZEN;AFTON JANE IZEN ATTORNEY AT LAW,1
Aghabegian & Associates PC,1
Aghabegian and Associates PC,1
"Aghabegian Law Group, APC",1
Agnes  Wladyka,2
AGNES S WLADYDKA LLC,1
Agnes S Wladyka,2
AGNES S WLADYKA,5
AGNES S WLADYKA LLC,1
"Agnes S. Wladyka, LLC",1
Agnes S. Wladyka; LLC,8
Agron Law Office,1
Aguirre & Severson LLP,1
Aguirre Law Group; PLLC,1
Aherin Law Office,1
Aherin Law Office PA,1
AHILAN  ARULANANTHAM,1
Ahlander Injury Law,1
Ahlers & Cressman PLLC,1
AHMED LAW FIRM; P.C.,1
AID Finance Service,1
AID FINANCE SERVICE; INC,1
AID Finance Services Inc,8
AID Finance Services; Inc.,1
"Aiello, Harris, Marth, Tunnero & Schiffman PC",1
AIEM Attorney's & Counselors at Law PSC,1
AIEM Attorney's & Counselors at Law; PSC,1
AIEM Attorneys & Counselors at Law,1
AIEM Attorneys & Counselors at Law PSC,1
AIG Claims; Inc.,2
Aikaterini  Callahan,1
Aiken & Scoptur SC,2
Aiken Bridges Elliott Tyler & Saleeby,1
Aiken Schenk Hawkins & Ricciardi PC,1
Ain & Stein LLC,1
AIRAPETIAN LAW FIRM,1
Aisha  Hill;Perrotta; Fraser & Forrester; LLC,1
Aissa Hasnaoui,2
AITKEN AITKEN & COHN,1
AITKEN AITKEN AITKEN & COHN,1
AJ  Peterman,1
AJ Law PLC,1
"AJ Law, PLC",2
AJ Law; PLC,1
AJF Legal Service LLC;[REDACTED FOR PRIVACY];Resilience LLC,7
Akerman LLP,9
Akerman Senterfitt LLP Trust Account,1
AKERMAN SENTERFITT WICKWIRE GAVIN PC;HAL J PERLOFF,1
Akim Anastopoulo Law Firm LLC,2
Akin Gump Straus Hauer & Feld LLP,1
Akin Gump Strauss Hauer & Feld LLP,12
AKIN GUMP STRAUSS HAUER & FELD LLP;HYLAND  HUNT,1
Akin Gump Strauss Hauer & Feld LLP;Phillips Lytle LLP,1
AKIN GUMP STRAUSS HAUER & FELD LLP;PIPESTEM LAW FIRM PC,3
Akin Gump Strauss Hauer & Feld; LLP,1
Akin; Gump; Strauss; Hauer & Feld; LLC,1
Akland Law Firm,2
Akland Law Firm PLLC,1
Akland Law Firm; PLLC,1
AL  GRESCH,1
AL JONES & ASSOCIATES,1
Al Otro Lado,2
Alacrity Claims Solutions LLC,2
Alacrity Solutions,1
ALAN  AGEE,1
Alan  Anderson,2
ALAN  BLUMEN,1
Alan  Fawcett,1
ALAN  FRIEDMAN,1
Alan  Goldfarb,1
Alan  Graf,2
ALAN  LEWIS,1
Alan  Ripka;Napoli Bern  Ripka,1
ALAN  ROSS,1
Alan  Schiffman,2
ALAN  SCHIFFMAN,1
Alan  Stuart Graf,1
ALAN  STUART GRAF,1
ALAN  STUART GRAF PC,1
Alan  Wagner,2
ALAN  WILSON,1
Alan Banov and Associates,3
ALAN C ESPY,1
Alan D Levine,2
Alan D Pardo; P.C.,1
Alan D Taylor,1
"Alan D. Levine, Attorney At Law",11
Alan E Silver,2
ALAN F WOHLSTETTER,5
ALAN F WOHLSTETTER;DENNING & WOHLSTETTER ESCROW ACCT,1
Alan G Crone,1
Alan Goldfarb PA,2
Alan H Polonsky,2
ALAN H POLONSKY,3
Alan I. Goodman Co.; LLC,1
Alan J Bloom,1
ALAN J BLOOM,1
ALAN J NUTA,1
ALAN L FUCHSBERG;THE JACOB D FUCHSBERG LAW FIRM,1
Alan L Schiffman,1
"Alan Lescht & Associate, P.C.",1
Alan Lescht & Associates,2
"Alan Lescht & Associates, P.C.",2
"Alan Lescht & Associates, PC",1
Alan Lescht & Associates; P.C.,8
Alan Lescht & Associates; PC,2
Alan Lescht & Associates; PC;Law Offices of Michael J. Risellie; PC;The Spiggle Law Firm,1
ALAN LESCHT & ASSOCIATES;[REDACTED FOR PRIVACY],1
Alan Lescht & Associates. P.C.,1
Alan Lescht and Assoc. P.C. DC IOLTA,1
"Alan Lescht and Associates, P.C.",1
"ALAN LESCHT AND ASSOCIATES, P.C.",1
"Alan Lescht and Associates, PC",1
Alan Lescht and Associates; P.C.,2
Alan M Agee,1
Alan M Ghaleb,1
Alan M Schiffman,6
ALAN M SCHIFFMAN,1
Alan M Schnitzer,1
Alan M Simpson,1
Alan Mauricio Sverdlick,1
ALAN N POLONSKY;POLONSKY & POLONSKY,1
ALAN R UNKELES,1
ALAN ROSS AND ASSOCIATES,2
Alan S Graf,8
ALAN S GRAF,6
Alan S Graf PC,1
Alan Stuart  Graf,1
ALAN STUART  GRAF,3
ALAN STUART  GRAF PC,3
ALAN STUART GRAF PC,1
Alan Stuart Graf; PC,2
ALAN W COHN,1
ALAN W GENTGES,1
ALAN W H  GOURLEY,1
ALASKA BAR FOUNDATION;NICHOLAS  KITTLESON,1
Alavi Law; PLLC,1
ALBERT  CHOW,1
ALBERT  ETTINGER;BENJAMIN A LUCKETT;JANE P DAVENPORT;RANDAL A STROBO;TANYA M SANERIB;THOMAS J FITZGERALD;W. HENRY  GRADDY,1
ALBERT  KRACHMAN,1
ALBERT A BREUD,1
ALBERT BROOKS FRIEDMAN LTD; CL FUND ACCT,1
ALBERT E MOON,3
ALBERT F GRASCH,1
ALBERT F HOFELD LTD,1
Albert G Stoll; Jr.,1
ALBERT G STOLL; JR.; ALC,1
Albert G. Stoll; Jr. A Law Corp,1
Albert Garcia Law Group,1
Albert J Gopin PC,1
Albert J. Gopin PC,1
ALBERT L FREVOLA,1
ALBERT L WILLIS,1
ALBERT T GOINS,1
Albert W Alschuler,1
Albertazzi Law Firm,1
ALBERTO RODRIGUEZ ATTORNEY AT LAW,1
ALBRIGHT YEE & SCHMIT LLP,2
ALCOCK & ASSOCIATES P.C.,1
ALCOCK & ASSOCIATES; PC,1
Alcock and Associates,1
Alden Law Group,1
Alder Law; P.C.,1
AlderLaw PC,1
ALDERMAN DEVORSETZ & HORA PLLC,1
Alderman; Devorsetz & Hora PLLC,3
Alderman; Devorsetz & Hora; PLLC,1
Alders and Lewellyn; PLCC,1
Aldo  Campesan,1
ALDO  CANMPESAN;AVV ALDO  CAMPESAN;ERIKA  PANTANO;ITALY FINANCE OFFICE ATTN COMMANDER,24
"Alegria & Associates, PLLC",1
Alegria & Associates; PLLC,3
Alegria & Barovick; LLP,1
Alejandro  Garcia,1
Aleshire  Robb; PC,1
Alex  Poberesky,1
ALEX  TOMASZCUK;WINTHROP  SHAW PITTMAN LLP,1
Alex  Tomaszczuk,1
Alex & Saavedra PC,1
"Alex and Associates, P.C.",1
ALEX B GATES BANKRUPTCY TRUSTEE,1
Alex B Ritchie,1
Alex C Bravo,1
Alex Hanna Law,2
"Alex Hanna Law, P.A.",2
ALEX L BENEDICT,2
Alex L. Benedict & Associates,2
ALEX LIEBER ALESSIE ATTORNEY AT LAW,1
ALEX R WHITE,1
Alex R. White PLLC,1
Alex R. White; PLLC,1
Alex W Rankin,5
ALEX W RANKIN,18
Alexander  Begum,1
ALEXANDER  BEGUM,2
ALEXANDER  PIRES,1
Alexander  Rosenberg,1
ALEXANDER  ROSENBERG,1
ALEXANDER  SHUNNARAH,1
Alexander & Catalano LLC,1
Alexander & Catalano; LLC,1
ALEXANDER A WOLD;NEW MEXICO  BAR FOUNDATION,1
Alexander Aponte Law Office,1
Alexander B Ritchie,1
ALEXANDER B RITCHIE;BETH  BALDWIN;BRIAN  CHESTNUT,1
Alexander J Korolinsky,1
ALEXANDER J PIRES,41
ALEXANDER J PIRES;POORMAN DOUGLAS,1
ALEXANDER J PIRES;POORMAN DOUGLAS CORP,4
ALEXANDER J PIRES;POORMAN DOUGLAS CORP;TIM PIGFORD ET AL,1
ALEXANDER J PIRES;TIM PIGFORD ET AL,1
ALEXANDER J TREMBICKI;LYNCH ;TREMBICKI & BOYNTON,1
ALEXANDER J WAZETER,2
Alexander Krakow & Glick LLP,1
ALEXANDER L STABINSKI;MAYNARD OCONNOR SMITH & CATALINOTTO,1
Alexander Law Group,1
Alexander M Shindler,1
Alexander Morrison & Fehr LLP,1
Alexander Morrison + FEHR,3
Alexander Shunnarah,1
Alexander Shunnarah & Associates,3
Alexander Shunnarah and Associates,1
Alexander Shunnarah PC,1
Alexander T Taibes,1
Alexander; Wagner; & Kinman,1
Alexander; Webb & Kinman,1
Alexandra  Manbeck,1
ALEXANDRA F SMITH;BARRY  KLOPFER;LENORA  LAPIDUS;MAUREEN  SANDERS,1
Alexandra T Mabeck,1
Alexandra T Manbeck,2
Alexandra T. Manbeck,1
Alexandre Fievee,1
Alexandria  Begum,1
Alfonso  Nevarez,1
Alfonso J Migliore,1
ALFONSO L MELENDEZ;KAREN  CARSON,1
Alfonzo  Nevarez,1
ALFORD & BERTRAND LLC;HARVEY  ALFORD,1
Alford Law,2
Alfred  Crews,1
ALFRED  ELLIS;SOMMERMAN &  QUESADA,1
ALFRED K MYERS,1
Alfred M Wurglitz,1
Alfredo Hugo  Lomanto,1
ALI PAPPAS & COX PC,2
Ali R Moghaddami;Michael L Oran,1
Ali; Pappas &  Cox,1
Alicia A Slaughter,1
Alicia M Wilson,1
Alif A Williams,1
ALIGN CLAIMS SERVICES; INC.,2
ALISA  BRODKOWITZ,2
Alison  Saling,1
Alison Saling,1
ALLAN  SIEGEL,1
Allan Amir  Rivera Fernandez,1
Allan B Rubenstein,3
ALLAN B RUBENSTEIN,6
Allan Berger & Associates,1
Allan E Feldman,1
ALLAN E RICHARDSON,1
Allan N. Karlin & Associates,1
Allan N. Karlin & Associates; PLLC,1
Allegheny Law Group; LLC,1
Allen  Mills,1
Allen  Mitchell,1
ALLEN  SCHWARTZ,1
Allen & Allen,1
Allen & Norman LLC,2
ALLEN & NORMAN LLC,1
"Allen & Nunnally, LLP",1
Allen Allen Allen & Allen,5
ALLEN ALLEN ALLEN & ALLEN;CHRIS  CLOUDE,1
Allen Barnes & Jones; PLC;Khalidi Law Firm,1
Allen Brecke Law Offices,1
Allen D Werter,1
ALLEN D WERTER,1
Allen David Werter; PLLC,1
Allen K Baxley;John M Winesette,1
Allen K Young,1
Allen Law Firm,3
Allen Law Firm; PLLC,1
Allen Matkins Leck Gamble Mallory & Nats,16
ALLEN N SCHWARTZ LTD TRT FUND,1
Allen N. Shabino; P.S.,1
Allen S McConnaughhay,1
Allen Stahl & Kilbourne; PLLC,1
ALLEN TRUST;FRIEDMAN; RUBIN & WHITE,1
Allen Vellone Wolf Helfrich & Factor,1
Allen W Rogers,1
Allen Wellman McNew LLP,1
"Allen, Allen, Allen & Allen",1
"Allen, Allen, Allen, & Allen",1
Allen; Allen Allen &  Allen;Chris  Cloude,1
Allen; Allen; Allen & Allen,9
Allen; Allen; Allen & Allen Attorneys,1
Allen; Allen; Allen & Allen; P.C.,1
Allen; Allen; Allen; & Allen,1
Allen; Allen; Allen; & Allen; P.C.,1
Allen; Flatt; Ballidis & Leslie,1
Allen;Allen;Allen & Allen,1
Aller Robertson Mahan; PC,1
Alliance Defending Freedom,7
ALLIANCE DEFENDING FREEDOM,3
Alliance Defending Freedom;Faegre Baker Daniels LLP,2
Alliance Defending Freedom;Independence Law Center;Law Offices of Proctor; Lindsay & Dixon,3
Alliance Defending Freedom;Liberty Counsel;Lindell & Farson; P.A.,3
Alliance Defending Freedom;Nussbaum Speir Gleason PLLC,2
Alliance Defending Freedom;Sturgill; Turner; Barker & Moloney; PLLC,2
Alliance Defending Freedom;Tucker Arensberg; P.C.,2
ALLIE H JUMPER,1
Allied Interstate,1
Allied Interstate LLC,2
Alling & Jillson; Ltd.,1
ALLISON  BELL;CARTER LAW OFFICES,1
Allison  Holden,1
Allison  Yoakem,1
ALLISON ANGIER & BARTMON;D  ANGIER,1
Allison de Souza,1
ALLISON W FORSYTH,2
Allman Law LLC,4
Allred Maroko and Goldberg,1
ALLSTATE  INS CO;JODI P FELDMAN,1
Allstate Client Legal Services,1
Allstate Insurance,2
Allstate Insurance Company,2
Allstate Property & Caualty Ins Co,1
Allstate Staff Counsel Office,2
Allyson  Ho,1
Allyson  St John,2
ALLYSON  ST JOHN,4
ALLYSON  ST. JOHN,1
ALLYSON  ST. JOHN;JEFFREY  RABIN & ASSOCIATES,1
ALLYSON M ST JOHN,1
ALLYSON M ST. JOHN,1
Almagno Law,1
ALMANZAR & YOUNGERS PA,1
Almanzar & Youngers; P.A.,1
Almeida & Davila PSC,2
Alonza Group LLC;Stein Mitchell Beato & Missner; LLP;Surovell; Isaacs & Levy; PLC,1
Alonza Grp DBA Fazio Natl.;Bradley K Johnson;John  Aquirre,1
"Alperin Law, PLLC",1
Alperin Law; PLLC,2
Alpern Myers Stuart,1
ALPERN MYERS STUART LLC COL TAF TR ACCT;STEPHEN D HARRIS,1
Alperstein & Associates,1
Alperstein & Diener; P.A.,1
ALPERSTEIN AND DIENER PA,1
Alpert & Associates,1
Alpert Schreyer LLC,1
Alpertstein & Diener PA,1
ALSAFFAR & HIGGINBOTHAM PLLC;WHITEHURST;HARKNESS;BREES;CHENG,1
Alston & Bird LLP,1
"ALSTON & BIRD, LLP",1
Alston & Byrd,1
Alterman & Boop,18
Alternative Claims Management,5
ALTERS BOLDT BROWN RASH & CULMO PA IOLTA,1
ALTFELD BATTALE & GOLDMAN PC;R DAVID  SOBEL,1
ALTMAN LEGAL GROUP IOLTA,2
AltmanNewman Co. LPA,1
ALTMARK ROTTER & TROCK LLP;SCOTT M ROTTER,1
ALTON  KUPERMAN,1
Altria Group Inc.,1
ALVARO R CALDERON ATTY,1
Alvendia; Kelly & Associates;Kara Hadican Samuels & Associates;Law Office of Sylvia Elaine Taylor LLC,1
ALVIN  THOMPSON,1
ALVIN  WOLFF,1
ALVIN A WOLFF,1
ALVIN C KRANTZ,1
Alvin D Wax,7
ALVIN D WAX,11
Alvine & King; LLP,1
Alyssa  Van Auken,1
Alzate & Varley; Attorney at Law,1
Amada L WhiteEagle,1
Amadeo Law Firm,1
Amador Law Firm,1
AMANDA  JORDAN,1
AMANDA  PITTMAN,1
Amanda  Tosk,1
AMANDA  TOSK,1
AMANDA B COOK,1
Amanda Demanda Law Group,2
Amanda L Jones,1
AMANDA L WHITEEAGLE,1
Amanda N Pittman,2
Amanda R Jordan,1
AMANDA R JORDAN,9
AMANDA R JORDON,1
Amato  DeLuca;JMW Settlements Inc.-Client Funds Acct.,1
Amauri Antonio  Ribeiro Martins,1
AMBER  WEEKS;NOBLE & VRAPI PA,1
AMBER L HERDA,1
Amber R Gannon,1
Ambler Law Group,1
AMBROSE  WOTORSON,1
AMCO Insurance Company,1
Ameduri; Galante & Friscia LLP,1
Amelia N Patton,2
Amelia P Nelson,1
AMENDOLA & DOTY PLLC;GARY I AMENDOLA,1
Amentum Services Inc,1
Ameren MO Business Services,1
Ameren MO Regulated Business Services,2
AMERICAN CENTER  FOR LAW AND JUSTICE,1
American Center for Law & Justice,2
American Center for Law & Justice;Edward L White,1
American Center for Law & Justice;Taft Stettinius & Hollister LLP,2
American Center for Law and Justice,3
American Civil Liberties,1
American Civil Liberties Union,7
American Civil Liberties Union Foundation,2
American Civil Liberties Union Foundation of Southern California,1
American Civil Liberties Union Foundatn,1
AMERICAN CIVIL LIBERTIES UNION FUND,1
American Civil Liberties Union of DC,1
American Civil Liberties Union of NM,1
American Family Insurance Claims,1
American Family Mutual Insurance Co,1
American Federation of Government Emp.,4
American Federation of Government Empl,3
American Freedom Law Center,2
"American Freedom Law Center, Inc.",1
Amideo Nicholas Guzzone Assoc; P.C. IOLA,1
AMIE  MILLER,1
Aminpour & Associates,7
AMINPOUR & ASSOCIATES,1
Aminpour & Associates APC,1
Aminpour and Associates,1
AMITAI  SCHWARTS,1
Amos  Gern,1
Amos C Dawson; III,1
Amos Jones Law Firm,1
AMOS R HUNTER; PS POOLED TR ACCT,1
Amourgis & Associates,1
Amourgis & Associates; Attorneys at Law,1
AMS/Ship Trust  Northern Trust Bank;Steve  Patience,1
Amtrust North America,1
AMY  ANN AGUILAR;TEAL  PARHAM,1
Amy  Atwood,1
AMY  ATWOOD,3
Amy  Atwood;Jay  Tutchton,1
AMY  BILBROUGH,1
AMY  CASE,1
Amy  Chambers,1
Amy  Coles,2
Amy  Foster,1
AMY  FOSTER,3
Amy  Gilbrough,34
AMY  GILBROUGH,62
Amy  Hernandez,1
AMY  HERNANDEZ;BARRY M DAVIS,1
Amy  Kent;Morris  Bart LLC,1
Amy  Magee,2
AMY  ST. PE',1
Amy A Modun,1
Amy H Hanley,1
Amy L Foster,1
Amy M Gilbrough,4
AMY M GILBROUGH,2
Ana  Estephan,2
Anan Abed,1
Anapol  Weiss,1
Anapol Schwartz,1
ANAPOL SCHWARTZ,1
Anapol Weiss,47
Anastasia-Theofania Tsitouni,1
Anastopoulo Law Firm,1
Anastopoulo Law Firm LLC,1
Anastopoulo Law Firm; LLC,1
Anat Shani Rabba,1
ANDALMAN & FLYNN,1
Andalman & Flynn; P.C.,1
Anders Law LLC,1
Anders Riegel & Masington LLC,1
Anders; Riegel & Masington; LLC,1
Andersen; Tate & Carr; P.C.,1
Anderson & Ackerman Law Group,12
"Anderson & Associates Law Firm, PLLC",1
Anderson & Assocs. Law;Hilliard Martinez Gonzalez LLP;The Webster Law Firm,5
Anderson & Dozier; LLP,1
ANDERSON & JAHDE PC,1
Anderson & Mitchell; PLLC,2
Anderson Agostino & Keller PC,1
Anderson Alexander; PLLC,4
ANDERSON ANDERSON BRIGHT & CROUT PC,2
Anderson Carey Williams & Neidzwski PLLC,2
Anderson Dozier Blanda & Saltzman,1
ANDERSON GLENN LLC;GREGORY A ANDERSON,1
Anderson Jones; PLLC;Todd A Jones,1
ANDERSON JULIAN & HULL,1
Anderson Kill LLP,1
Anderson Lamb & Associates,4
Anderson Lamb & Associates PC,2
"Anderson Lamb & Associates, PC",1
Anderson Law,1
ANDERSON LAW OFFICES IOLTA,1
Anderson Law PLLC,1
ANDERSON MOSCHETTI & TAFFANY,1
Anderson; Agostina & Keller PC,1
Anderson; Agostino and Keller; P.C.,1
Anderson; Moschetti & Taffany PLLC,1
Anderson; Moschetti & Taffany PLLC;McNamee Lochner Titus & Williams PC,1
Anderson; Moschetti & Taffany; PLLC,1
Anderson;Johnson;Lawrence & Butler; LLP,1
AndersonGlenn LLP,1
Anderton Law Office,1
Andrade Law Office,1
Andre  Daugavietis,3
Andre  Gharibian,2
Andre Daugavietis,4
ANDREA  HEMSCHOOT,1
Andrea  Vitale,1
Andrea & Towsky,8
Andrea & Towsky Atty  and Counselors at Law,1
Andrea B Niesen,1
ANDREA C FERSTER,1
ANDREA L HAMM;Miller  Cohen PLC;MILLER  COHEN PLC,1
Andrea S Stubblefield,1
ANDREA S STUBBLEFIELD,1
Andreas Breiter,2
Andree R Jacques,1
ANDRES  GUTIERREZ DE COS,1
ANDRES G SIMPSON TR ACCT,1
Andres; Andres; & Moore LLP,1
ANDREW  ALLAMIAN,3
Andrew  Armstrong,1
Andrew  Chin,1
Andrew  Dempster,1
ANDREW  DUTKANYCH,1
ANDREW  GRIFFIN,2
ANDREW  KILPATRICK,1
ANDREW  KOEING,1
Andrew  Koenig,4
ANDREW  KOENIG,2
Andrew  Koening,1
ANDREW  KOENING,1
ANDREW  LIST;CLARK PERDUE & LIST CO LPA,1
ANDREW  LORIN CAMPBELL,1
Andrew  Noble,3
Andrew  Pappas,1
ANDREW  SCHWARTZ;ANDREW SCHWARTZ ATTORNEY CLIENT TR ACCT,1
Andrew  Siegel,1
ANDREW  THRASHER,1
Andrew  Wible,1
ANDREW  WIBLE,1
ANDREW C BURRELL PA,1
ANDREW C SIMPSON,1
ANDREW C SIMPSON PC,1
ANDREW E BEDERMAN,1
ANDREW E LUCAS,1
ANDREW E TOSCANO,1
ANDREW E WESTLEY,1
Andrew Eric  Greenwald;David M Kopstein,1
Andrew F Plasse,1
ANDREW F PLASSE,1
Andrew G Slutkin;Silverman; Thompson  Slutkin & White; LLC Clnt Trt,1
Andrew G Toennies,1
Andrew G Williamson,1
ANDREW J DAVIS;CHAVEZ & GERTLER LPP;DAVIS LAW OFFICES;JONATHAN E GERTLER,3
Andrew J Dhuey,1
ANDREW J MALONEY;KREINDLER & KREINDLER LLP,1
ANDREW J MALONEY;KREINDLER & KREINDLER LLP IOLTA,1
ANDREW J PINCUS;MAYER BROWN LLP,1
Andrew Koenig,1
Andrew Koenig Law Offices,12
ANDREW KOENIG LAW OFFICES,1
Andrew L Sandler;Christopher F Regan;Samuel J Buffone,6
"Andrew L. Mintz, PLLC",1
Andrew L. Salvatore LLC,1
Andrew M Adams,1
Andrew M Amendola,1
ANDREW M BATTISTA,1
ANDREW M DEMAREA,1
Andrew M Fisher,1
Andrew M Kusnirik,1
ANDREW M KUSNIRIK,1
ANDREW M MAGRUDER,1
ANDREW M MAGRUDER P.C.,1
ANDREW M MCCOY,1
Andrew N Sindler,15
ANDREW N SINDLER,4
Andrew N Sindler Esq.,4
Andrew P Marks,1
ANDREW P SHEFF,1
ANDREW P WIRICK,1
Andrew Park; P.C.,1
"Andrew R. Lynch, P.C.",1
ANDREW S DASHEVSKY,1
ANDREW S KRYDER,1
ANDREW S MARTIN;JOHN D  ANDERSON TRUSTEE,1
ANDREW S WOOTEN;ATTORNEY AT LAW CLIENTS TR ACCT,1
Andrew Sindler Law Offices,3
Andrew T Keonig,1
Andrew T Koeing,1
Andrew T Koenig,75
ANDREW T KOENIG,5
Andrew T Koenig Attorney at Law,1
Andrew T Koenig Esq.,1
Andrew T Koening,1
Andrew T Murphy LLC,1
Andrew T. Brake; PC,1
Andrew T. Koenig,1
Andrew T. Koenig Attorney at Law,3
Andrew T. Koenig Law Firm,1
"Andrew T. Koenig, Attorney at Law",6
Andrew T. Koenig; Attorney at Law,3
ANDREW T. KOENIG; Attorney at Law,1
ANDREW THOMAS  KOENIG,4
ANDREW W CHRISTMAN;CHRISTMAN & KELLEY,1
ANDREW W CHRISTMAN;GAIL  RICHARD,1
Andrew W Davis,1
Andrew Whang & Associates; LLC,1
Andrews Bernstein Maranto & Nicotra PLLC,1
Andrews Bernstein Marranto & Nicotra,1
Andrews Law Office; LLC,2
Andrews Skinner PS,1
Andrzej Staskiewicz,1
Andurain & Serfati Associes,2
ANDY  FITZ,1
Andy Citrin Injury Attorneys PC,1
ANFI; Inc.,1
ANGEL  GONZALEZ,1
Angel  Triana Lopez,1
Angel Carrazco Law,1
Angel E Gonzalez,1
Angel H Gonzalez,1
ANGEL L SEENZ,1
Angel Law PC,1
ANGELA  CAMPBELL;DICKEY & CAMPBELL LAW FIRST TRUST,1
Angela  Davis-Morris,1
ANGELA  DAVIS-MORRIS,1
ANGELA  ELLIOT,1
Angela  Goodner,1
Angela  Hatley,1
ANGELA  HOLDEN,1
Angela  Pinto Ross,1
ANGELA  PINTO ROSS,2
Angela Goodner,2
ANGELA N GEORGE,2
ANGELA PINTO ROSS ESQ,1
Angela W Wawrzynek,1
Angelo  Capalbo,1
Angelo J Constanza,1
ANGELO J FALCONE,1
Angermeier & Rogers,1
Angermeier & Rogers LLP,6
Angermeier & Rogers; LLP,3
ANGINO & ROVNER PC ESCROW ACCOUNT;DAVID  LUTZ,1
Angotti & Straface,1
Angstman Law Offices,1
Angulo Law Group; LLC,1
Anh Quoc Duy Nguyen; Inc.,3
Anidjar & Levine P.A.,1
ANIDJAR & LEVINE PA,1
Anidjar & Levine; P.A.,1
Anil A Mujumdar,1
ANIMAL PROTECTION LAW,1
Anita  Johnson;Lubin  Meyer,1
Ankin Law Office LLC,1
Ann  Atkinson,4
ANN  ATKINSON,2
Ann  Bell,1
Ann  Brown,1
ANN  CERNEY,1
ANN  DEUTSCHER,1
ANN  FAY;THEODORE  FAY,1
Ann  Hagerty;Law Offices of Ronald J Scaletta,1
ANN  HILPERT,1
ANN  KYSAR,3
ANN  LABO-GEREAU,1
Ann  Rosato;Michael S Wampod;Peterson Young  Putra PS IOLTA,1
Ann Atkinson; Attorney at Law,1
Ann Ball PC Law Office,1
Ann G Fort,1
Ann J Atkinson,19
ANN J ATKINSON,10
Ann J Herrera,1
Ann J. Atkinson,1
ANN K WILSON LAW OFFICE,1
Ann L King,1
ANN M CERNEY,4
Ann M Donovan,1
Ann M Trzynka,1
Ann W Butts,1
ANNA  BROWN,1
Anna  Konradi,1
Anna  Tucker Schiffman,1
Anna L King,2
Anna M Hysell,1
ANNA RATLEDGE  HAMRICK;BROKER & HAMRICK PA,1
Anna T Schiffman,1
ANNA T SCHIFFMAN,1
Annapol Weiss,1
ANNE  BELL FANT,2
Anne  Brown,2
ANNE  EGELER,1
ANNE  GBENJO;ANNE I A GBENJO,1
Anne  Kysar,20
ANNE  KYSAR,24
ANNE  SULTON,1
Anne B Fant,1
ANNE B FANT,1
ANNE B MORGAN,1
Anne Bell  Fant,3
ANNE D NOTO;SONOSKY CHAMBERS SACHSE ENDRESON & PERRY,1
ANNE D NOTO;SONOSKY CHAMBERS SACHSE ENDRESON;WILLIAM R PERRY,1
ANNE D NOTO;WILLIAM R PERRY,1
Anne E Brown,3
ANNE E BROWN,1
ANNE E DOEBLER,1
ANNE GRAHAM  BIBEAU,1
Anne H Marley,1
ANNE H WARNER,1
Anne M McMillin,1
Anne Mjaatvedt Law Firm; LLC,1
Anne V Sprague,1
Anne Whalen  Gill,1
Anne-Leigh G Moe,1
Annette  Rutkowski,3
ANNETTE  WEBSTER,1
Annette T Kelley;Hubert E Hamilton,1
ANNIE  KAPLAN,1
ANNIE T CHRISTOFF,1
Annie Taieb Tordjman,2
Anselmo A Alegria,1
Antezana & Antezana LLC MD Attorney,1
Antezana & Antezana; LLC,1
ANTHONY  BANKER,1
Anthony  Bartels,1
ANTHONY  DRAGO,2
ANTHONY  GRAHAM,1
ANTHONY  GRANATO,1
Anthony  Hoang,1
Anthony  Hoyle,1
ANTHONY  HOYLE,3
Anthony  Ifediba,1
ANTHONY  IFEDIBA,1
ANTHONY  IRACE,1
ANTHONY  KOENIG,1
ANTHONY  MARTOCCIA,1
Anthony  Nigro,1
ANTHONY  REEVES,1
Anthony  Rooney,4
Anthony  Sabino,1
Anthony  Soviero,1
ANTHONY  ZARELLA,1
Anthony A D'Aurio,1
ANTHONY A FERRIGNO;JACK T HUMES,1
Anthony B Lamb,1
ANTHONY B LAMB,5
ANTHONY C CARONNA,1
ANTHONY C CARONNA;CARONNA; JOHNSON & CYNTHIA DUENAS,1
Anthony C Williams,2
Anthony E Hoyle,1
Anthony F Cavanaugh,1
Anthony H Anikeeff,1
ANTHONY J COURY,1
ANTHONY J KNOWLES,2
Anthony J Murphy,1
ANTHONY J MURPHY,2
Anthony J Rooney,2
Anthony J Sabino,2
Anthony J Sciolla,2
Anthony J. O'Farrill,1
Anthony J. Peraica & Associates; Ltd,1
"Anthony J. Perez Law Group, LLP",1
ANTHONY L FRANCOIS,1
Anthony L Gallia; Esquire,1
ANTHONY L SEEGERS,1
ANTHONY L SOKOLOW,1
ANTHONY L SOLOLOW,1
Anthony M Camisa,3
ANTHONY M ONTIVEROS,1
ANTHONY M PAGLIA,1
ANTHONY M RUSSELL,3
Anthony M. Camisa; P.C.,1
ANTHONY P DONOGHUE,1
Anthony P Sgro,2
ANTHONY R BROWN,1
ANTHONY R CAMACHO,2
Anthony R. Lopez & Associates,2
Anthony-Smith Law PA,1
Antin; Ehrlich & Epstein; P.C.,1
Antin; Ehrlich & Epstein; P.C.;,1
Antoine Vanden Abeele,1
Antonino Licciardello,1
Antonio  Le Mon,1
ANTONIO  MONTALVO-NAZARIO,1
Antonio  Rodriguez,2
Antonio D Robinson,1
ANTONIO INGUINA  GONZALEZ,1
Antonio L Iguina-Gonzalez,1
Antonio T Martinez Luengo,1
Anyanwu & Associates PC,1
Anyanwu & Associates PC TRTEE,1
Anyanwu & Associates; P.C.,1
Anyanwu and  Associates,1
Anzalone Law Offices LLC,1
APC SPECIAL TRT LITIGATION FUND BENEFIT,1
APC SPECIAL TRUST LITIGATION FUND,1
APLC Moore-Faust Law Group,1
Apostolou Law Firm,1
"Apostolska, Aleksandrovski & Partners",1
Appalachian Mountain Advocates,4
Appalachian Mountain Advocates Inc,1
"Appalachian Mountain Advocates, Inc.",1
Appalachian Mountain Advocates; Inc.,1
Appalachian Research & Defense Fund KY,1
AppalReD Legal Aid,1
AppalReD Legal Aid - Prestonsburg,1
Applebaum & Stone; PLC,1
Appleman & Trucks,1
Appleton & Appleton LLC,2
APRIL  GLADNEY;GARY R PARVIN,1
Aqrawi & Associates PLLC,1
Aqrawi & Associates; PLLC,1
Aqua Terra Aeris Law Group,2
AQUIRRE LAW GROUP APC;CHRISTY  CHOUTEAU,1
AR IOLTA Acct of Quattlebaum Grooms Tul,1
AR IOLTA Foundation Milton A. DeJesus PA,2
ARA  GHAZARYAN,2
"Aragon Moss George Jenkins, LLP",2
Aranda Law Firm,1
ARANDA LAW FIRM,1
ARCAS ADVOCATEN NV,1
Arce Diaz Law Offices,1
Archeleta; Alsaffar & Higginbotham,1
Archer & Greiner P.C.,1
Archer & Greiner PC,1
Archibald J Thomas,1
Archibald J. Thomas; III; P.A.,1
ARCHIE  RICH,1
Archulea Law Firm,1
Archulet; Alsaffar & Higginbotham,1
Archuleta & Associates,8
ARCHULETA & ASSOCIATES PC IOLTA,1
"Archuleta & Associates, PC",7
"Archuleta & Associates, PC DBA Archuleta Law Firm",1
Archuleta & Associates; P.C.,7
Archuleta Alsaffar &  Higginbotham IOLTA Trust;Michael  Archuleta,1
Archuleta Alsaffar & Higginbotham,5
ARCHULETA ALSAFFAR & HIGGINBOTHAM,2
ARCHULETA ALSAFFAR & HIGGINBOTHAM PC;JAMAL K ALSAFFAR,2
ARCHULETA ALSAFFAR & HIGGINBOTHAM;JAMAL K ALSAFFAR,1
ARCHULETA ALSAFFAR & HIGGINBOTHAM;JAMAL K ALSAFFAR;LAURIE  HIGGINBOTHAM;MICHAEL ARCHULETA - ATTY CLIENT ACCT;TOM  JACOB,1
ARCHULETA ALSAFFAR & HIGGINBOTHAM;MEISROW FINANCIAL STRUCTURED SETTLEMENT,1
ARCHULETA ALSAFFAR & HIGGINBOTHAM;MICHAEL  ARCHULETA,2
ARCHULETA ALSAFFAR & HIGGINBOTHAM;TOM  JACOB,1
Archuleta Alsaffar Higginbotham Law Firm,1
Archuleta La Firm,1
Archuleta Law,13
Archuleta Law firm,3
Archuleta Law Firm,285
ARCHULETA LAW FIRM,4
Archuleta Law Firm PC,1
Archuleta Law Firm; P.C.,8
Archuleta; Alsaffa & Higginbotham,2
Archuleta; Alsaffar & Higginbotham,41
ARCHULETA; ALSAFFAR & HIGGINBOTHAM,4
Archuleta; Alsaffar & Higginbotham APC,1
Archuleta; Alsaffar & Higginbotham; PC,1
Archuleta; Alsaffar and Higginbotham,1
Archuleta; Alsaffar; & Higginbotham,4
Archuleta; Alsaffar; & Higginbotham;Ringler Associates,2
Archuleta; Alsaffar; Higginbotham,1
Archuleta;alsaffar & higginsbottom,1
ARCHULETTA LAW FIRM,1
ARDEN FOX LLP MASTER ESCROW;MARK F HEARNE;MEGAN  LARGENT,1
Ardor Disability Law,1
Ardor Disability Law; P.C.,2
Arehart & Ernzen LLC,2
AREHART & ERNZEN PA,1
"Arehart & Ernzen, LLC",1
Arellano & Phebus SC,1
ARENT  FOX,1
Arent Fox LLP,24
ARENT FOX LLP,6
ARENT FOX LLP MASTER ESCROW ACCT;MARK F HEARNE;MEGHAN  LARGENT,1
ARENT FOX LLP MASTER ESCROW;LINDSAY  BRINTON,1
ARENT FOX LLP; ATTORNEY AT LAW,1
Arent Fox LLP;Larson O'Brien LLP;Lewis Rice LLC,1
Arent Fox LLP;Lewis Rice LLC,11
Arent Fox LLP;Lewis Rice; LLC,2
Arent Fox; LLP,2
ARENT FOX; LLP,4
Arent Fox; LLP;[REDACTED FOR PRIVACY],1
Arent Fox; LLP;Lewis Rice; LLC;True North Law; LLC,3
Arent Fox; LLP;True North Law; LLC,1
ArentFox Schiff LLP,9
ArentFox Schiff LLP;Lewis Rice; LLC,4
ArentFox Schiff LLP;True North Law; LLC,9
Argyropoulos & Associates,1
Ari  Halpern,2
ARI  WILKENFELD;GARY M GILBERT PC;STEPHANIE  HERRERA,1
ARI Fleet,1
Ari Halpern; Attorney at Law,1
ARI S CASPER;STEIN MITCHELL &  MUSE ATTNY TRT ACCOUNT,1
Ariana  Wallizada,1
Arias Ozzello & Gignac LLP,2
Arias Sanguinetti Stahle & Torrijos; LLP,1
Ariel Law Group,2
Arin & Associates,2
Ariz. Center for Law in Public Interest,1
ARIZONA BAR  FDN TRT;STEVE  HULSMAN,1
Arizona Bar FND Trt  Kent & Wittekind PC;Gordon  Clevenger,1
ARIZONA BAR FOUNDATION IOALTA;MARK D SAMSON,1
ARIZONA BAR FOUNDATION;SCOTT M HARRIS PC TRUST ACCT,1
Arizona Center for Law - Public Interest,1
Arkansas IOLTA Foundation,1
ARKANSAS IOLTA FOUNDATION COOPER &;BAYLESS PA;MARK F COOPER,1
ARLAN  LEWIS,1
Arlene Lombard Esq.,1
Arm Lawyers,1
ARM Lawyers,12
Armando A Brana PA,1
Armando A Perez,2
ARMANDO A PEREZ,1
Armando A Perez; Esquire,1
Armando Fernandes Garrido Filho,2
Armbuster Dripps Winterscheidt Blotevog,1
Armin  Feldman,1
ARMIN  KUDER,1
ARMIN  SCALMOWSKI,1
Armin  Skalmowski,2
ARMIN  SKALMOWSKI,1
Armour Law Firm LLC,1
Armour Law Group,1
Armstrong & Lee LLP,1
Armstrong Donohue Vaughan & Rhoades,1
Armstrong Johnson Law LLC,4
"Armstrong Johnson Law, LLC",1
Arnaldo M Pinelli ESQ,1
Arnall Golden Gregory LLP,2
ARNE  CHERKOSS;DWYER W POTTER,1
Arnholt & Staggs Law Office,2
ARNOLD & MILLER PLC,1
Arnold & Porte; LLP,1
Arnold & Porter,5
ARNOLD & PORTER,1
Arnold & Porter Kay Scholer LLP,1
ARNOLD & PORTER KAY SCHOLER LLP,1
Arnold & Porter Kaye Scholer LLP,29
ARNOLD & PORTER KAYE SCHOLER LLP,3
Arnold & Porter Kaye Scholer LLP;Baker Botts LLP;Drinker Biddle & Reath LLP;K&L Gates LLP;Seyfarth Shaw LLP,2
Arnold & Porter Kaye Scholer; LLP,1
Arnold & Porter LLP,10
ARNOLD & PORTER LLP,7
ARNOLD & PORTER LLP;MICHAEL  DANEKER,2
ARNOLD & PORTER LLP;NANCY  MILBURN,1
"Arnold & Porter, LLP",1
Arnold & Porter; LLP,2
Arnold & Porter;Baker Botts L.L.P.;Drinker Biddle & Reath LLP;Reynolds Metals Company; LLC;Seyfarth Shaw LLP;Virgil  Adams,1
Arnold & Porter;Baker Botts L.L.P.;K&L Gates LLP,4
Arnold & Stafford,2
Arnold & Stafford Attorneys At Law,1
Arnold &Porter Kaye Scholer LLP,1
Arnold # Porter LLP,1
Arnold and Porter,1
Arnold Anderson Vickery PC,1
ARNOLD HAYNES AND SANDERS IOLTA,3
ARNOLD I BERSCHLER;BERSCHLER ASSOCIATES IN TR,1
Arnold Law Firm,1
ARNOLD P POPKIN,1
Arnold Stafford & Randolph Trial Lawyers,1
ARNOLD T PHILLIPS IOLTA,1
Arnold Thielens  Phillips II,1
Arnold; Porter; Kaye Scholer,1
Arnold; Stafford & Randolph; Attorneys a,1
Arold and Porter,1
Aronberg Kouser Snyder & Lindemann P.A.,2
ARRINGTON SCHELIN & HERRELL PC,1
Arrotta Law Firm,4
Arrotta Law Firm;Van Amburg Law Firm,1
Arrowod & Hall; PLLC,1
Arrowood & Hall PLLC,7
"Arrowood & Hall, PLLC",3
Arrowood & Hall; PLLC,19
Arrowood & Hall; PLLC;Charlotte  Hall,2
Arrowood and Hall PLLC,10
Arrowood and Hall PLLC;Semra  Salkic,1
"Arrowood and Hall, PLCC",1
"Arrowood and Hall, PLLC",21
Arrowood and Hall;  PLLC,1
Arrowood and hall; PLLC,1
Arrowood and Hall; PLLC,30
Arrowood LLP,1
Arrowood& Hall PLLC,1
Arruda & Beaudoin,1
Arslanian Law Offices,1
Arthur  Bailey,1
Arthur  Ehrlich,1
Arthur B Skafidas,2
Arthur C Cooke,2
Arthur Chapman Law Firm,1
Arthur D Martinucci;Quinn Buseck  Leemhuis Toohey & Kroto Inc,1
Arthur Kim Law Firm,1
Arthur Law,1
Arthur P Anderson,7
ARTHUR P ANDERSON,4
Arthur P Strickland PC,1
ARTHUR V GAGE,1
ARTHUR W STEVENS,7
Arthur W Tifford,1
Arturo  Santos;Law Offices of Stephen L. Waldman;Lynn R Laycock;Mark  Vranies;William  Pascoe,1
Arvard Law Offices,4
Arvin J. Pearlman & Associates;Karp Frosh Wigodsky & Norwind; P.A.;Monsees Miller Mayer Presley & Amick; PC,3
Arzani & Naimi; LLP,2
Arze & Mollica; LLP,1
Arzu  Ongur,1
AS&G Claims Administration Inc.,1
Ashburn & Mason APC,1
ASHCRAFT  GEREL LLP,1
Ashcraft  Gerel LLP;Sidney L Schupak,2
Ashcraft & Gerel,4
Ashcraft & Gerel LLP,3
ASHCRAFT & GEREL LLP,1
ASHCRAFT & GEREL LLP;JONATHAN S BEISER,1
"Ashcraft & Gerel, LLP",11
Ashcraft & Gerel; LLP,5
ASHCRAFT & GEREL; LLP,1
Ashcraft and Gerel,16
Ashcraft and Gerel LLP,1
"Ashcraft and Gerel, LLP",3
ASHER & ASSOCIATES PC;ROBERTA  ASHER,1
Ashish A Agrawal,1
Ashley  Feuerman,2
Ashley  Klocko,1
Ashley  Smith,1
Ashley & Arnold,1
Ashley Ashley & Arnold,1
Ashley D Forest,1
ASHLEY N SMITH,1
Ashley S Rose,13
ASHLEY S ROSE,6
ASHLY  PHOENIX,1
Ashok  Bail,5
ASHOK  BAIL,1
Ashour Yehoshua; APC,1
Ashton & Price LLP,4
"Ashton & Price, LLP",1
"Ashton and Price, LLP",1
ASHWANI K BHAKHRI,1
Ashwin Virji  Ladva,1
ASK LLP,1
Aslan  Khodorovsky,1
ASMAR SCHOR & MCKENNA LLC,1
ASMAR SCHOR & MCKENNA PLLC,6
Asmar; Schor & McKenna PLLC,1
Asmar; Schor & McKenna; PLLC,2
ASMAR; SCHOR & MCKENNA; PLLC,1
Aspey Watkins & Diesel,7
ASPEY WATKINS & DIESEL,1
Aspey Watkins & Diesel PLLC,17
ASPEY WATKINS & DIESEL PLLC,1
Aspey Watkins & Diesel; PLLC,1
Aspey; Watkins & Diesel,2
ASSOCIATE AREA COUNSEL;[REDACTED FOR PRIVACY],1
Associated Legal Group; LLC,1
Associates & Bruce L. Scheiner; PA,1
Astor Weiss Kaplan & Mandel LLP,1
At Law Group; PLLC,1
Athea Trial Lawyers LLP,1
Atkins & Assoc. Attorneys-at-Law LLC,1
Atkins & Associates,4
ATKINS & ASSOCIATES ATTORNEYS AT LAW LLC;PAMELA L ATKINS,1
Atkins and Associates,5
ATKINS LAW OFFICE,1
Atkinson Andelson Loya Ruud & Romo,1
Atkinson Conway & Gagnon,2
ATKINSON CONWAY & GAGNON INC,6
Atkinson Conway & Gagnon Trust,3
Atkinson Petruska Kozma & Hart,1
Atkinson Watkins & Hoffmann,1
Atkinson; Conway & Cagnon,1
Atkinson; Petruska; Kozma & Hart,2
Atkinson; Watkins; and Hoffmann,1
Atlanta Car Accident Lawyer Ahmad; LLC,1
Atlanta Inj. Grp. @ Jaffe Law Cntr.,1
Atlanta Injury Grp at Jaffe Law Ctr LLC,1
Atlas Settlememnt Group Inc.;Darren  Aitken;Katherine  Harvey-Lee;Richard  Murphey,1
Atlas Settlement Group Inc;Smith Law Offices APC,2
Atlee; Hall LLP,1
Attarah B Feenane;Josel &  Feenane PC,1
ATTICUS LAW PLLC,1
Attkisson Law Firm,1
Attleson & Hampton,1
Attorney (IOLTA) Escrow Account;Keith D Duerr,1
Attorney at Law,2
Attorney At Law,1
ATTORNEY AT LAW CLIENT TR ACCT;PAUL WILLIAM  DANIELSEN,1
Attorney at Law David L. Bruckart,1
Attorney at Law Leake Fesseha,1
ATTORNEY AT LAW;FRED R DEFRANCESCH,1
ATTORNEY CLIENT TRUST ACCOUNT,2
ATTORNEY CLIENT TRUST ACCOUNT;MAGANA CATHCART & MCCARTHY;WILLIAM H WIMSATT,1
ATTORNEY ESCROW ACCOUNT/IOLA,1
Attorney General of New York,3
Attorney George A Gbur,1
ATTORNEY TR ACCT,2
ATTORNEY TRUST ACCOUNT ALLSTATE,1
ATTORNEY TRUST ACCOUNT-;ROGER  HENNAGIN,1
ATTORNEY TRUST ACCT;LAW OFFICES OF W ROBB GRAHAM LLC,1
ATTORNEY/CLIENT TRUST FUND;MICHAEL  HARRINGTON;MICHAEL J HARRINGTON,1
Attorneys Anderson & Nichols;Michael P Irk,2
Attorneys at LawSmith,1
ATTY AT LAW;BENTON ORR DUVAL & BUCKINGHAM;TERRANCE J BONHAM,1
Atwood Holsten & Brown Firm Trust Acct,1
AU LAW CLINIC,1
AUBERY  HONE,1
Aubin Wade  Robinson IOTA TRT Account,1
Aubuchon Raniere  Panzeri,1
AUDET & PARTNERS LLP,2
August  Toudouze,1
AUGUST  TOUDOUZE,1
AUGUSTYN LAW OFFICE PC,1
AUGUSTYN LAW OFFICE PC LLO TRT ACCOUNT,1
Augustyn Law Office; PC,2
AUGUSTYN LAW OFFICE; PC LLO,1
Aulepp Law; PC;Wright & Baughman; LLC,1
Aurea M Aviles Gaudier,1
AUREA M AVILES GAUDIER; ESQ,1
Ausley & McMullen; P.A.,1
Ausman Law Firm,2
AUSTIN  CARR,1
Austin J Kemp II Esq.,1
AUSTIN J MCGUIGAN;ROME  MCGUIGAN,1
Austin Law Firm; PLLC Iolta Foundation,1
Austin Swanson Law Firm,1
Austin W Brizendine,1
Autmn J Menard,1
Auto Justice Attorney,1
Ava Law Group,3
AVA Law Group,10
AVA Law Group PLLC,1
AVANT LAW CORPORATION,2
"Avard  Law Offices, PA",1
Avard Law,1
Avard Law Firm,3
Avard Law Off; PA,1
"Avard Law Offfices, PA",1
Avard Law Office,1
Avard Law Offices,4
AVARD LAW OFFICES,3
Avard Law Offices P.A.,1
Avard Law Offices PA,3
"Avard Law Offices, P.A.",1
"Avard Law Offices, PA",37
Avard Law Offices; P.A.,1
Avard Law Offices; PA,29
AVEDIS  NALBANDIAN,1
Avera & Smith LLP,2
AVERA & SMITH LLP TR ACCT,1
"Avera & Smith, LLP",1
Avery Law Firm,2
Avery Law PLC,1
AVIATION LAW EXPERTS LLC;GARY  WINTON,2
Avigone;Banick&Williams &BeverlyCoughlin,1
Aviles Law Firm PLLC,1
Avolio & Hanlon PC,2
Avraham Schindler,1
Avrek Law,1
Avrek Law Firm,2
AVUKAT  HAYRETTIN COSKUM,1
AVV  ANTONIO  LEONARDI,2
AVV ANTONIO  LEONARDI,2
AVV FRANCISCO  SAVERIO FRASCA,2
AVV PALMA  BALSAMO,20
AVV Umberto  Cerai,2
AVV UMBERTO  CERRAI,8
AVV. ERASMO  FIUMARA,2
AVV. FABRIZIO  QUERIN,4
AVV. FILIPPO  BASILE,3
AVV. GIOVANNI BRUNO,1
AVV. LUIGI  TREMANTE,3
AVV. LUIGI  TREMANTE;CNREURAFSWA COMPTROLLER BILL PAYING OFC,12
AVV. PAOLO  BARTALENA;CHIARA  SERRADIMIGNI,2
AVV. UMBERTO  CERRAI;ROBERTA  MARIOTTI,1
Awbrey Law,1
AWERKAMP & BONILLA TRUST ACCOUNT,1
AWERKAMP & BONILLA; PLC,1
AWK LEGAL,1
Axelrod and Gottlieb,1
Axelson Williamowsky Bender & Fishman,1
Axelson Williamowsky Bender & Fishman PC,3
Axelson; Williamowsky; Bender & Fishman,1
Axley Brynelson LLP,1
AXLEY BRYNELSON LLP,1
AXTELL & BRIGGS,1
Ayal Soref Pikdonot,1
Ayers; Smithdeal & Bettis; P.C.,1
Aylstock; Witkin; Kreis & Overholtz,2
AZ BAR FOUNDATION GOLDBERG & OSBORNE,1
AZ BAR FOUNDATION IN TRUST FOR;DIANA  MONTGOMERY,1
AZ BAR FOUNDATION TR GOLDBERG & OSBORNE,2
AZ FOUNDATION AND SNYDER WENNER PC,1
AZ Foundation for Legal Ser & Education;Daniel M Rosenfelt,1
AZ Hometown Lawyers LLC,1
Azar & Azar,2
Azar & Azar LLC,3
AZAR & AZAR LLC,1
AZAR & AZAR LLC.,1
Azar & Azar;Azar and Azar,1
Azar and Associates,1
AZOY SOCORRO; LLP,3
Azran & Associes Avocats,3
B John  Williams,1
B K RANKIN,1
B Keith  Williams,4
B Marie  Rizzo,1
B. BROOKS  BENSON,1
B. Geoffrey Harrison; P.A.,2
B. MARIAN  CHOU,1
B. MARIE  RIZZO,1
B. MILLS  LATHAM,1
B&D Law Group,1
B|B Law Group,1
"BA Folk, PLLC",1
"Babcock Partners, LLC",1
Bachus & Schanker LLC,3
BACHUS & SCHANKER LLC,1
BACHUS & SCHANKER LLC COLTAF;STEPHEN A JUSTINO,1
Bachus & Schanker; LLC,1
BACHUS & SCHANKER; LLC,1
Bader Stillman PL,1
BADGLEY  MULLINS LAW GROUP;MARK  DAVIS; BADGLEY MULLINS,2
BADGLEY MULLIS LAW GROUP PLLC,1
BAE LAW OFFICES,1
Baer Law Office,3
Baer Law; LLC;Jason M Baer,1
Baer Treger LLP,1
Baggett McCall Burgess,1
Baggett McCall Burgess Watson & Gaughan,1
Bagolie Friedman; LLC,1
BAHNMULLER GOLDMAN  MCELVEEN FORD BULTMAN;DIANE M RODRIGUEZ,1
Bahnmuller Goldman  McElveen Ford Bultman;Diane M Rogriguez,1
BAHR LAW OFFICE; PC,1
Bahrie Law; PLLC,2
BAILEY & BAILEY PC,1
Bailey & Bailey; PC,1
BAILEY & DIXON LLP,1
BAILEY & EHRENBERG,1
Bailey & Ehrenberg PLLC,1
BAILEY & EHRENBERG PPLC,1
Bailey & Galyen,2
BAILEY & GALYEN LAW FIRM,1
BAILEY & GLASSER LLP;EDDIE  SINGLETON (DECEASED),1
Bailey & Glasser LLP;The Segal Law Firm,1
"Bailey & Glasser, LLP",1
Bailey & Glasser; LLP,1
Bailey & Glasser. LLP,1
Bailey & Womble,1
Bailey Glasser LLP,1
Bailey Law Office,1
"Bailey Onsager, P.C.",1
Bailey Stock Hamilton Cottam Lopez,1
Bailey; Javis & Carter,1
BAILLONE THOME JOZWIAK & WANTA; LLP,1
Bain & Rodzik PLLC,1
Bain and Bowen PLLC,1
Bain and Rodzik; P.C.,1
Bainbridge Law Center,1
BAIRD HOLM LLP,1
BAKER & GAFFIGAN,1
BAKER & GILCHRIST,1
Baker & Hostetler,1
Baker & Hostetler LLP,6
BAKER & HOSTETLER LLP,1
Baker & Hostetler LLP;Fredrikson & Byron; P.A.,1
Baker & Hostetler LLP;Phelps Dunbar LLP,1
Baker & Schulze IOLTA account,1
Baker Botts L.L.P.,11
Baker Botts LLP,5
Baker Cronogue Tolle & Werfel; LLP,1
Baker Hostetler,1
Baker Law Firm,1
Baker Simmons; Attorneys at Law,1
BAKER STERCHI  COWDEN & RICE LLC;J ROBERT  SCARS,1
BAKER STERCHI COWDEN  & RICE LLC TRAILS TRUST ACCT;THOMAS S STEWART,1
BAKER STERCHI COWDEN & RICC LLC,1
Baker Sterchi Cowden & Rice,3
Baker Sterchi Cowden & Rice LLC,12
BAKER STERCHI COWDEN & RICE LLC,6
Baker Sterchi Cowden & Rice LLC Trails,1
BAKER STERCHI COWDEN & RICE LLC;[REDACTED FOR PRIVACY],1
BAKER STERCHI COWDEN & RICE LLC;ESTATE OF DONALD R CHAUSSE,1
Baker Sterchi Cowden & Rice LLC;Stewart; Wald & McCulley LLC,1
BAKER STERCHI COWDEN & RICE LLC;THOMAS  STEWART,1
"BAKER STERCHI COWDEN & RICE, LLC",2
BAKER STERCHI COWDEN & RICE; L.L.C.,2
Baker Sterchi Cowden & Rice; LLC,7
BAKER STERCHI COWDEN & RICE; LLC,4
BAKER STERCHI COWDEN & RICE;THOMAS S STEWART,1
Baker Sterchi Cowden Rice Tr Acct,32
Baker Sterchi Crowden & Rice,5
Baker Zimmerman & Perez,1
"Baker, Cronogue, Tolle & Werfel, LLP",1
"Baker, Donnelson, Bearman",1
"Baker, Sterchi, Cowden & Rice, LLC",1
Baker; Cronogue; Tolle; and Werfel; LLP,1
Baker; Dublikar; Beck; Wiley & Mathews,1
Baker; Sterchi; Cowden & Rice; LLC,1
BALA  HAMERSLEY,1
Balbo & Gregg; Attorney at Law; PC,1
Balch & Bingham LLP,8
BALCH & BINGHAM LLP,1
"Baldante and Rubenstein, P.C.",1
BALDEMAR  GUTIERREZ,1
Baldwin; Crocker & Rudd PC,1
BALDWIN; KAGAN; & GORMLEY; LLC,1
Balin Law,5
BALKAN & PATTERSON; LLP,1
Ball and Yorke,1
Ballard Spahr LLP,2
Ballard Sphar LLP,1
Ballay; Braud & Colon,1
"Ballenger & Roche, LLC",1
Ballon Stoll P.C,1
Ballstaedt Law Firm; LLC,1
Balzano & Tropiano PC,1
Balzano & Tropiano; PC,1
BAMUNDO ZWAL & SCHERMERHORN LLP,1
BAN S SZABO & PARTNERS;ISTAVAN  SANDOR-MEZAROS;KELEMEN MEZAROS & TARSAI LAW FIRM,1
BAN S SZABO & PARTNERS;ISTAVAN SANDOR  MEZAROS,1
BAN S SZABO & PARTNERS;ISTAVAN SANDOR  MEZAROS;KELEMEN MEZAROS & TARSAI LAW FIRM,1
BAN S SZABO & PARTNERS;ISTAVAN SANDOR  MEZAROS;KELEMEN MEZAROS SANDOR & TARSAI LAW FIRM,1
BAN S SZABO & PARTNERS;KELEMEN MEZAROS SANDOR & TARSAI;USDO  SYMBOL 8769,2
BAN S SZABO & PARTNERS;KELEMEN MEZAROS SANDOR TARASI LAW FIRM;USDO  SYMBOL 8769,2
BAN S SZABO & PSRTNERS;KELEMEN MEZAROS SANDOR & TARSAI LAW FIRM;USDO  SYMBOL 8769,1
"Bandas Law Firm, P.C.",1
BANDER BANDER & ALVES;DAVID F BANDER,1
Banes Horey Berman & Miller; LLC,1
BANESSA MORENO CAMPOS,1
BANGEL BANGEL & BANGEL LLP;JOHN W EPPLER,1
Bangel Bangel & Bangel; L.L.P.,1
BANGEL; BANGEL & BANGEL L.L.P,1
Bangel; Bangel & Bangel LLP,1
BANGEL; BANGEL & BANGEL; L.L.P.,1
Bangs McCullen Butler Foye & Simmons,4
Bangs McCullen Butler Foye & Simmons Law,1
Bangs McCullen Butler Foye & Simmons LLP,1
Bangs McCullen Butler Foyte & Simmons,1
Bangs; McCullen; Butler; Foye & Simmons,1
Banias Law; LLC,1
BANKER LOPEZ GASSLER,1
Banker Lopez Gassler PA,1
BANKER LOPEZ GASSLER PA,1
Banker's Hill Law Firm,1
BANKER'S HILL LAW FIRM APC;MAXWELL  AGHA,1
Bankers Hill Law Firm,2
Bankers Hill Law Firm APC,1
Bankruptcy Law Center IOLTA Acct.,1
Bankruptcy Law Center; APC,1
Bankruptcy Trustee;Overby Law Office PC,1
BAR FOUNDATION;CHARLES H RALEY JR;ERIN B RALEY;RALEY & RALEY LLC;RALEY & RALEY PC IOLTA GEORGIA BAR,1
Barbara  Bozman-Moss;JMW Settlement Inc -CLNT Funds Acc,1
BARBARA  FEUDALE,1
Barbara  Jarvis,1
Barbara  Rizzo,1
BARBARA  RIZZO,3
Barbara  Rodriguez,1
Barbara  Scarlata,1
Barbara  Von Euler,1
BARBARA  VON EULER,4
BARBARA  VON EULER;KATHLEEN  SHANNON GLANCY PA,1
Barbara  Von Euler;Kathleen Shannon  Glancy,1
BARBARA  VON EULER;KATHLEEN SHANNON  GLANCY PA,1
Barbara  von Euler;Kathleen Shannon Glancey PA;Mason  Hoga,1
Barbara  von Euler;Kathleen Shannon Glancey PA;Mason  Hogan,1
BARBARA  VON EULER;KATHLEEN SHANNON GLANCY PA,1
Barbara A Arnold,1
BARBARA A FIRSTENBERG & ASSOC,1
BARBARA A SUSMAN,1
Barbara G Banks,1
Barbara G Werther,1
BARBARA G WERTHER,1
BARBARA G WERTHER ESQ HOWREY LLP,1
Barbara J Parker;Charles  Parkin;Dannis Woliver Kelley;Erin  Bernstein;Holland & Knight LLP;John  Luebberke;Kathleen  Kenealy;R Matthew  Wise,2
Barbara L Feudale,1
Barbara M Rizzo,12
BARBARA M RIZZO,5
Barbara V Euler,2
Barbara V Euler;Kathleen  Shannon Glancy,1
BARBAS NUNEZ SANDERS BUTLER & HOVSEPIAN,1
Barbee & Gehrt; LLP,2
BARBER  & BORG LLC TRUST ACCOUNT;SCOTT E BORG,1
"Barber & Associates, LLC",1
Barber & Associates; LLC,1
BARBER & BANKER LLC,1
Barber & Bartz PC,1
Barber & Bartz;Eddy P Pierre,1
Barber & Bauer LLP,2
Barber & Borg,3
BARBER & BORG,2
Barber & Borg LLC,16
BARBER & BORG LLC,4
BARBER & BORG LLC ACCT IOLTA;PAUL  BARBER,1
Barber & Borg LLC IOLTA,1
BARBER & BORG LLC TR ACCT IOLTA;SCOTT E BORG,1
BARBER & BORG LLC TR;SCOTT E BORG,1
BARBER & BORG LLC TRUST,2
BARBER & BORG LLC TRUST ACCOUNT,2
Barber & Borg LLC Trust Acct Iolta,1
BARBER & BORG LLC;SCOTT E BORG,2
BARBER & BORG LLC;SHAPIRO BETTINGER CHASE LLP,1
Barber & Borg; LLC,3
BARBER & BORG; LLC,1
BARBER & BORG; LLC TRUST ACCOUNT IOLTA,1
Barber and Borg LLC,2
Barber and Borg; LLC,1
BARBER BANASZYNSKI & ASSOC PSC,1
BARBER BANASZYNSKI & HIATT PSC,2
Barber; Banaszynski & Hiatt; PSC,1
Barbour & Hangarter; P.A.,1
Barclay Damon LLP,1
"Barcus & Cantrell, PLLC",1
BARD & ASSOCIATES LEGAL TRUST,1
Bardacke Allison LLP,1
Bardizbanian & Associates; P.C.,1
Bark,1
Barkan & Robon LTD,1
Barker Law Group; LLC,1
Barker Wilson Law Firm LLP,1
Barker Woltz & Lawrence,4
Barket Epstein Kearon Aldea & LoTurco,2
Barnard Law Firm,2
BARNARD LAW FIRM,2
Barnard Law Firm PLC,1
"Barnard Law Firm, PLC",1
Barnes & Cohen PA,2
Barnes & Cohen; P.A.,1
Barnes & Thomburg LLP,1
Barnes & Thornburg,1
Barnes & Thornburg LLP,4
Barnes Law Firm LTD LLP,1
Barnes Mediation & Law,1
Barnes Trial Group,1
Barnett & Bennett Law Firm,1
Barnett Porter & Dunn,1
Barnett; Bennett; & Scott LLP,1
BARNEY  NAIOTI,1
Barney & Karamanis,1
Barnwell; Whaley; Patterson & Helms; LLC,1
Baron & Pagliughi; PLLC,1
Baroody & O'Toole,1
Barrasso Usdin Kupperman Freeman&Sarver,1
BARRATA RUSSELL & BARATTA,1
Barrera Law Firm,1
Barrera Law Firm; PLC,1
Barrett & Farahany,1
BARRETT & JOHNSTON LLC;BARRETT JOHNSTON LLC,1
Barrett & Singal; P.C.,1
Barrett T Bowers PLLC,1
Barrick Switzer Long Balsley & Van Evera,1
"Barrick, Switzer, Long, Balsley & Van Evera",2
Barrick; Switzer; Long; Balsley,1
BARRICK; SWITZER; LONG; BALSLEY & VAN,1
BARROS; MCNAMARA; MALKIEWICZ & TAYLOR,1
Barros; McNamara; Malkiewicz and Taylor,1
Barry  Glazer,1
Barry  Pasternack,1
Barry  Rogowski,3
Barry  Schultz,4
BARRY  SCHULTZ,4
Barry  Wright,1
Barry A Rothchild,1
Barry A Schultz,78
BARRY A SCHUlTZ,1
BARRY A SCHULTZ,86
Barry A Schultz;James P Brown,1
BARRY A SCHULTZ;MICHAEL  ASTRUE,1
BARRY A SCHULTZ;SAMMIE  BYNUM,1
Barry A. Schultz; P.C.,1
Barry APC,1
Barry B & Paige B George Atty At Law,1
BARRY C SCHRODER,1
BARRY D HABERMAN,1
BARRY D. LONG MD & ASSOCIATES,1
BARRY G DOYLE,1
BARRY G DOYLE;BERRY G DOYLE,1
BARRY H. HELFAND; PA,1
Barry J Diamond,1
BARRY J HOCKFIELD,1
BARRY J NACE,1
BARRY J NACE;JACOB M LEBOWITZ,1
Barry L Lisbowitz;Joel  Skirble & Associate PI IOLTA,1
Barry M Salzman,2
Barry M Wasserman,1
BARRY P BELETSKY,1
Barry P Ginsberg,1
Barry P Goldberg,1
BARRY P STEINBERG,2
BARRY P STEINBERG;KUTAK ROCK LLP TR ACCT,2
BARRY P STEINBERG;KUTAK ROCK LLP TRUST ACCOUNT,2
Barry Rogowski,2
BARRY S SCHULTZ,1
Barry Schultz,1
"Barry Thaggard, LLP",1
BARRY W MANCZ;WALTER L BOYAKI,1
BARST & MUKAMAL,1
Bart Durham Injury Law,2
BART J GALVIN;WINTERS ENRIGHT SALZETTA & OBRIEN,1
Bartels Law Firm,1
"Bartels, Sherman & Wallace, PLLC",2
Bartels; Sherman & Wallace; PLLC,1
Barth Sullivan Behr,1
"Bartles, Sherman & Wallace, PLLC",1
BARTLETT & LIEVERS;DAVID R BARKIN,4
Bartolotta  McGuire,1
Barton A Hertzbach Law Offices,1
Barudin Law Firm,4
Barudin Law Firm PC,7
BARUDIN LAW FIRM PC,2
Barudin Law Firm PC Trust Account,2
Barudin Law Firm; P.C.,2
BARUDIN LAW FIRM; P.C. TRUST ACCT,1
BARUDIN LAW FIRM; P.C.;DOMINION ECONOMIC ANALYSIS; INC,1
Barudin Law Firm; P.C.;Robert D Morrison,1
BARUDIN LAW FIRM; PC,1
Barzakay Law Firm,1
Basch & Keegan; LLP,1
Basel Zacur Law Office,1
Bash & Polyachenko PC,1
Bash Polyachenko P.C.,1
Basham & Scott,1
Basham & Scott LLC,1
BASHAM & SCOTT;CHERYL  CUTLIFFE,1
Basham Law Office,1
Bashara & Hubbard,3
BASHEIN & BASHEIN CO LPA,1
BASHEIN & BASHEIN CO LPA IOLTA,1
Basilica Law Firm,1
Bass; Berry & Sims PLC,1
Basu Law Firm,1
"Bateman Law Group, LLC",1
Bates & Garcia,1
Batey Law Firm PLLC,1
Bathgate; Wegener & Wolf,2
Bathgate; Wegener & Wolf; P.C.,1
BATSON; NOLAN; PEARSON; MILLER & JOINER,1
Batta Fulkerson Law Group,3
"Batta Fulkerson, LLP",1
Baty; Holm; Numrich & Otto; P.C.,1
BAUM HEDLUND ARISTEI & GOLDMAN PC,5
Baum; Hedlund Aristei & Goldman PC,1
BAUMAN & KUNKIS PC,1
Bauman Dow & Stambaugh PC,1
Bauman Law APLC,3
Bauman Loewe Witt & Maxwell PLLC,1
Baumgartner; Nelson & Price; PLLC,1
Bautista LeRoy Trial Attorneys,1
Baxley /Jackson,1
BAYHAM JERMAN PLC;STANLEY  JERMAN,1
Bays Lung Rose & Holma,1
BAZELON LESS & FELDMAN PC,1
BD OF TRUSTEES OF NC STATE BAR FOR IOLTA,1
Beach Life Law,1
Beahm & Green,1
BEAHM & GREEN,1
Beahm & Green Lawyers,1
Beahmn & Green Attorneys at Law,1
BEALE & ASSOCIATES,1
Beale; Micheals; Slack & Shughart; PC,1
Beam-Ward; Kruse; Wilson & Fletes; LLC,1
Bean Gentry Wheeler & Peternell; PLLC,1
Beardsley Jensen & Lee Law Firm,1
Beardsley Jensen et al,1
Beardsley; Jensen; and Lee;Smith Currie & Hancock LLP,5
Beasley Allen Crow Methvin Portis,1
BEASLEY ALLEN CROW METHVIN PORTIS &,1
Beasley Allen Crow Methvin Portis Miles,1
Beasley Allen Law Firm,8
Beasley Firm LLC,1
BEATRICE E WHITTEN,1
Beatrice E Whitten Law Office,1
Beatty & Motil,1
Beau G Robey,1
Beau R Burbidge,1
Beaver Courie Sternlicht Hearp &,1
Beaver Courie Sternlicht Hearp Broadfoot,1
Beaver Holt Sternlicht & Courie PA,1
BEAVER HOLT STERNLICHT & COURIE PA,1
BEAVER HOLT STERNLICHT & COURIE PA;MARK  STERNLICHT,1
Beaver; Holt; Sternlicht; & Courie; P.A.;Garrett Law Firm; P.A.,1
Beavers & Cline,1
Becerra Law Group LLC,1
Bechtold Law Firm,16
BECHTOLD LAW FIRM,5
Bechtold Law Firm PLLC,4
BECHTOLD LAW FIRM PLLC,1
BECHTOLD LAW FIRM PLLC;TIMOTHY M BECHTOLD,1
BECHTOLD LAW FIRM TRUST ACCOUNT,1
"Bechtold Law Firm, PLLC",4
Bechtold Law Firm; PLLC,7
BECHTOLD LAW FIRM; PLLC,1
Beck & Strauss; P.L.L.C.,1
Beck and Beck,1
Beck Law,1
Beck Payne Frank & Piper,1
Beck Payne Frank & Piper PC,1
BECK PAYNE FRANK & PIPER PC,1
"Beck, Amsden and Stalpes, PLLC",1
"BECK, PAYNE, FRANK & PIPER, P.C",1
Beck; Amsden & Stalpes PLLC,1
BECK; PAYNE & PIPER,1
BECK; PAYNE; FRANK & PIPER P.C.,1
Beck; Payne; Frank & Piper; P.C.,3
Beck; Payne; Frank & Piper; PC,2
Beck; Payne; Frank; & Piper P.C.,1
Becker & Mishkind Co.; L.P.A.,1
Becker and Mishkind Co.; L.P.A.;JMW Settlement Inc.,1
Becker French & Durkin,2
Becker Goodey Ltd,1
Becker Kellog & Berry PC,1
Becker Law Firm,1
Becker Law Group,6
Becker Law Office PLC,2
Becker; Kellogg & Berry,1
Becker; Kellogg & Berry PC,1
Beckerman Anderson APC,1
Becket Fund for Religious Liberty,2
"Beckham & Beckham, P.A.",1
Beckman Weil Shepardson LLC,1
Beckman Well  Shepardeon LLC IOlta Trust;Brian  Dershaw,1
Beckman; Marder & Adkins,1
Becnel Law Firm IOLTA,1
Bedford Law Group,2
Bedford Law Group APC,1
Beecher Field Walker Morris,1
Beecher Field Walker Morris Hoffman,5
Beecher; Field; Walker; Morris,1
Beeman Heifner Benge,1
BEFORT LAW FIRM PC;CADE LAW LLC;CURRAN;HOLLENBECK & ORTON S.C.,1
Begam Marks & Traulsen PA,1
Begam Marks Law Firm,1
Begam; Marks; & Traulsen PA,1
BEGELMAN  ORLOW AND MELLETZ,1
Begelman & Orlow; P.C.,1
Beggs & Lane; RLLP,1
Begum Law Group,3
BEGUM LAW GROUP IOLTA,1
BEHAR LLP ATTORNEY CLIENT TRUST ACCT;LAW OFFICES OF FORD WALKER HAGGARTY,1
BEIME MAYNARD &  PARSONS; JOSEPH COHEN,1
Beiser Law Firm,4
"Bekman, Marder, Hopper, Malarkey & Perlin, LLC",2
"Bekman, Marder, Hopper, Malarkey, L.L.C.",1
Bekman; Marder & Adkins BAYN,1
Bekman; Marder & Adkins; LLC,1
Bekman; Marder; Hopper; Malarkey; Perlin,1
Belal Hamideh Law; P.C.,1
Beldock Levine & Hoffman LLP,2
Beldock Levine & Hoffman; LLP,1
Beldock Levine & Hoffman; LLP;Duffy Law; LLC,2
BELIGAN LAW FIRM;  LLP,1
BELINDA ELLISON ATTORNEY AT LAW;BELINDA ELLISON IOALTA LAWYERS TR ACCT,1
Bell & Pollock PC,1
Bell Law Group,3
Bell Law Group PLLC,2
"Bell Law Group, PLLC",2
Bell Legal Group,43
BELL LEGAL GROUP,1
Bell Legal Group LLC,4
"Bell Legal Group, LLC",3
"Bell Legal Group, PLLC",1
Bell Legal Group; LLC,4
Bell LLC,2
BELL LLC,1
BELL ROPER KOHLMYER PA;JOSEPH D TESSITORE,1
Bell Subrogation Services; LLC,1
"Bell, Shivas, Fasolo, P.C.",1
Bell; BA,1
Bell; LLC,1
Bellas & Wachowski,1
Bellaw,2
BELLOVIN & KARNAS PC;BOGUTZ & GORDON PC,1
BELLOVIN & KARNAS; PC,1
BELLOVIN & KARNES,1
Beloryan Law Group,1
BELSKY; WEINBERG & HOROWITZ LLC,1
"Belt, Bruner & Barrett, P.C.",1
Beltz & Ruth,1
Ben  Fenner,1
BEN  FENNER,5
Ben Abbott & Associates,1
Ben Abbott & Associates PLLC,1
Ben Abbott and Associates,2
BEN B PHILIPS,2
BEN F WINDHAM,1
Ben Martin Law Group,1
Bencoe & LaCour Law P.C.,3
Bender & Gritz,4
Bender Harrer Krevet,1
"Bendit Weinstock, PA",1
Bendit Weinstock; P.A.,1
Benedetto Torgenson PLC IOLTA,1
Beninato & Matrafajlo,1
BENJAMIN  BROWN,1
Benjamin  Bunn,1
Benjamin  Butts,1
BENJAMIN  BUTTS,1
Benjamin  Gideon,1
BENJAMIN  HARRELSON;JONATHAN  MCCARDLE,1
Benjamin  Hernandez,1
Benjamin  Krause,1
Benjamin  Mainzer,1
Benjamin  Mundel,1
Benjamin  Pavone,1
Benjamin  Stringer,2
BENJAMIN  XUE,1
Benjamin A Klopman,1
BENJAMIN A SMYTH,2
Benjamin Biere,2
Benjamin C Rosenberg,1
BENJAMIN C SORENSON,1
BENJAMIN C WELCH;JEROME A MAEDER; SC TRUST ACCOUNT,1
BENJAMIN D BYRD,1
Benjamin Durham Law Firm,2
Benjamin E Decker Esq.,1
Benjamin Fogel Inc.,1
BENJAMIN H BREWTON,1
Benjamin I Whipple,1
Benjamin I. Whipple; Attorney at Law,1
Benjamin J Butts,4
Benjamin J Stevenson;Thomas & LoCicero; PL,1
Benjamin Law Group; PC,1
BENJAMIN M DEL VENTO,1
Benjamin N. Cardozo School of Law,1
BENJAMIN R AYLSWORTH,1
BENJAMIN R GIDEON,1
BENJAMIN S SALBURY;GLEASON FLYNN EMIG & FOGLEMAN,1
Benjamin T Boscolo,1
BENJAMIN T KENNEDY,1
BENJAMIN W LAWRENCE,1
Bennerotte & Associates,1
Bennerotte & Associates; P.A.;Ciresi Conlin LLP,1
Bennerotte & Associates; PA,2
BENNETT  GREENBERG,1
BENNETT  TRUST,1
BENNETT & CASTO PC,1
Bennett & Casto; P.C.,1
Bennett & Ellison PC,1
Bennett & Ellison; P.C.,3
Bennett & Ellison; PC,1
Bennett & Heyman; P.A.,1
Bennett & Zydron; PC,1
Bennett and Casto; P.C.,1
Bennett and Zydron; P.C.,2
Bennett Bricklin Saltzburg LLC,1
BENNETT D GREENBERG;SEYFARTH & SHAW,1
BENNETT HARTMAN MORRIS & KAPLAN,2
BENNETT HARTMAN MORRIS & KAPLAN LLP,3
Bennett Johnson LLP,1
Bennett Law Firm,1
Bennie L. Jones,1
Benny J. Harding; Attorney at Law,1
Benny J. Harding; Attorney at Law KNES,1
Benson & Bingham,1
Benson & Sesser LLC,1
Benson Law,1
Benson Law Office,1
Benson Law Office; PLLC,1
Benson Legal,4
Benson Legal APC,3
"Benson Legal, APC",4
Benson Legal; APC,8
Benson Pantello Morri James & Logan,1
Benson; Bertoldo  Baker & Carter; Chtd;Brett A Carter,1
BENT LAW FIRM,1
Bentley M. Saul;Law Offices of Bentley M. Saul,1
Bequette; Billingsley & Kees,1
Berenzweig Leonard; LLP,1
Berg & Berg,1
Berg Injury Lawyers,1
BERG MCEVOY & BOSTOCK,1
Bergen & Bergen; P.C.,1
Bergener Mirejovsky,1
Berger & Green,1
BERGER & GREEN LLC;MARK E MILSOP,1
Berger & Green; Attorneys at Law,1
"Berger and Green, PC",1
BERGER AND MILLER LLP,1
BERGER KAHN,1
Berger Kahn Law;Gomez Trial Attorneys Ahmed Diab Esq.;Great American Insurance Company;Grotefeld; Hoffman; Schlieter; Gordon;Jang & Associates; LLP;Law Office's of Gregory J. Lucett;Law Office's of Shawn E. Craine;Nielson; Zehe;& Antas; P.C.,18
Berger Lagnese & Paul LLC,2
Berger; Lagnese & Paul; LLC,1
Bergeron Paradis & Fitzpatrick LLP,1
Bergeron; Paradis & Fitzpatrick; LLC,1
Berglund & Johnson Law Group,1
"Bergman Bergman Fields & Lamonsoff, LLP",1
Bergmanis & McDuffey,1
BERGSTEIN & ULLRICH LLP,1
Bergstresser & Pollock PC,2
Berhan Dargie - Attorney at Law,1
Berkan Mendez,1
Berkan Mendez Law Office,2
Berkan/Mendez Law Firm,1
Berkan/Mendez Law Office;MARICARMEN ALMODOVAR-DIAZ; Law office,1
Berke Law Firm P.A.,1
"Berke Law Firm, P.A.",4
Berke Law Firm; P.A.,8
Berke Law Firm; PA,1
Berke; Berke & Berke,1
Berkowitz and Hanna LLC,2
Berkowitz Hanna LLC,1
BERKOWITZ LAW FIRM,1
Berlinsky & Ling,2
"BERLINSKY AND LING, LLC",1
Berman & Riedel; LLP,1
Berman & Simmons,2
BERMAN & SIMMONS,1
Berman & Simmons PA,3
Berman & Simmons; P.A.,1
Berman and Berman Law Offices,1
Berman and Russo,1
Berman Law Firm; P.A.,1
Berman North LLP,3
Berman; O'Connor & Mann,1
Berman; Sobin; Gross; Feldman & et al,1
"Bern Cappelli, LLC",1
Bernabei & Kabat; PLLC,2
Bernabei & Wachtel,1
Bernabei & Wachtel PLLC,1
BERNABEI & WACHTEL PLLC,1
BERNARD  MCINTYRE;CHERYL  DOE,1
BERNARD C CAPUTO,1
Bernard E Grysen,2
Bernard Law Group; PLLC,1
"Bernard M. Tully, LLC",1
"Bernard Stuczynski Barnett & Lager, PLLC",1
Bernard Stuczynski Barnett & Lager; PLLC,7
Bernsen Law Firm,1
BERNSTEIN  & LIPSETT,6
BERNSTEIN  LIPSETT,3
Bernstein &  Lipsett,3
Bernstein & Lipsett,99
BERNSTEIN & LIPSETT,3
Bernstein & Lipsett PC,3
"Bernstein & Lipsett, P.C.",37
Bernstein & Lipsett; P.C.,67
Bernstein & Lipsett; P.C.;James & Hoffman; P.C.,28
Bernstein & Lipsett; PC,2
Bernstein & Lipsett;Bernstein & Lipsett; P.C.,1
Bernstein & Lipsett;James & Hoffman; P.C.,3
Bernstein & Maryanoff,1
Bernstein & Maryanoff Attorneys LLC,3
Bernstein & Maryanoff LLC,1
BERNSTEIN & MARYANOFF TRUST ACCOUNT,1
Bernstein & Poisson,1
Bernstein and Maryanoff; LLC,1
Bernstein Liebhard LLP,1
Berrien  Sutton,1
Berriz Law Group,2
Berry & Carr PC,1
Berry + Otterson PLLC,1
BERRY WILSON LLC,1
Berry; Floyd & Baxter; P.S.C.,1
Berschler Associates,1
BERSCHLER ASSOCIATES,1
Bershtein; Bershtein & Bershtein PC,1
Bershtein; Bershtein; & Bershtein PC,1
Bershtein; Bershtein; Bershtein PC,1
Berstein & Lipsett; P.C.;James & Hoffman; PC,2
Bert T Golden,1
Bertch Associates,1
BERTCH ROBSON,1
Bertha Iturralde Taylor; L.L.C.;Oscar L. Shoenfelt; III; L.L.C.,1
Bertini O'Donnell & Hammer PC,1
Bertini O'Donnell&Hammer PC IOLTA Acct;Lisa P O'Donnell,1
Bertling Law Group,7
Bertling Law Group Inc.,1
Bertling Law Group Settlment,1
Bertling Law Group; Inc.,1
Bertoldo Baker Carter & Smith,3
Bertoldo Carter Smith & Cullen,1
BERTOLDO CARTER SMITH and CULLEN,2
BERTOLDO CARTER SMITH AND CULLEN,2
Bertram & Amell,1
Bertram & Amell; PLLC,1
Bertram Law Group PLLC,1
"Bertram, Cox & Miller, LLP",1
Bertram; Cox & Miller; LLP,1
BERTRAND  RUSSELL,1
bess m brewer,1
Bess M Brewer,1
BESS M BREWER,5
BESSENYEY & VAN TUYN LLC,1
BEST & FLATT PA,1
Best Best & Krieger; LLP,1
Best; Watson & Gilbert; P.C.,1
BETH  ALPERT,1
Beth  Arnold,37
BETH  ARNOLD,28
BETH  ARNOLD;BINDER AND BINDER,1
BETH  ARNOLD;LO OF HARRY J BINDER & CHARLES E BINDER,1
Beth  Baldwin,1
BETH  BALDWIN,1
BETH  CREIGHTON;CREIGHTON & ROSE PC,1
Beth  Nacht,1
Beth A Alpert,1
Beth A Alpert & Associates,4
BETH A ALPERT & ASSOCIATES,1
BETH A ALPERT AND ASSOCIATES,1
Beth A Baldwin,1
BETH A BAUMSTARK,1
BETH A ESQUIRE,1
Beth A. Alpert & Associates,10
BETH A. ALPERT & ASSOCIATES,1
Beth Alpert & Asso.,1
Beth Alpert & Associates,5
Beth J Nacht,1
Beth Kramer,6
BETHANY  HUKILL,1
Bethany  Versical,1
Bethany M Hukill,1
BETRAS MARUCA KOPP & HARSHMAN;MICHAEL  HARLAN,1
Betras; Kopp & Harshman; LLC,1
Bettina Wucherer,1
Betz & Blevins,1
BETZ & BLEVINS,1
"BEUS O?CONNOR MCGRODER, PLLC",1
Beutel Hurst Boloky LLC,1
Beveridge & Diamond; P.C.,1
Beverly A Henderson;Sunwoo  Nam,1
BEVERLY D FISHER,1
Beverly Grant Law Firm; PS,1
Beverly M Davis Attorney,1
Bey & Associates LLC,1
Bey & Associates; LLC,1
BH Law Group,1
Bharti Law Group,1
BHG STRUCTURED SETTLEMENTS INC;BOARD HALLBERG & MCCLAIN; PA,2
Bianchi & Brouillard; P.C.;Jennifer Gehringer Puerini,1
Bianchi Brouillard,1
Bianchi Brouillard Sousa & O'Connell; P.,1
Biber Lacoua  Chaikin Law Office,3
Bick Law LLP,8
BICKERTON LEE DANG & SULLIVAN,1
Bickham Law,1
Bieganowski Law Group,1
Bienstock Law; LLC,1
Bierer & Margolis; PA,1
Biesecker  Dutkanych,1
Biesecker Dutkanych & Macer; LLC,5
Big Chad Law,1
Biggs Law Office; ALP,1
"Biggs, Ingram & Solop, PLLC",1
Bighorn Law Firm,2
Bighorn Law LLC,1
Bijon  Roy,1
Bikakis Mayne Arneson Hindman & Hisey,1
Bilbao Law LLC,1
Bilge  Ozer-Nermin Aslan,2
BILGOR;REICH;LEVINE & KANTOR;NORMAN J REICH;THEODORE KANTOR & NORMAN REICH,1
BILL  AUSTIN;CATHERINE  MUNSON;KILPATRICK TOWNSEND & STOCKTON LLP,2
Bill  Dorris,2
BILL  DORRIS,1
Bill  Wade;The Cochran  Firm,1
Bill  Walker;Mark  Hassakis,1
BILL B BERKE,1
BILL HOPPE P.A. TRT ACC'T,1
BILL J SAYED,2
BILL M WADE;THE COCHRAN FIRM,1
Bill T Walker Esq.,1
BILL T WALKER;DAVID M BLAU;WEIGEL CARLSON BLAU & CLEMENS,1
BILL T WALKER;ROBERT C BATESON,1
"Billera Law, PLLC",1
BILLS-REDON PA,1
Billy Griffin and Associates,1
Binder  & Binder,1
BINDER  BINDER;CHARLES E BINDER;HARRY J BINDER;JEANNINE  LAPLACE,1
BINDER &  BINDER,1
Binder &  Binder PC,1
BINDER & ASSOCIATES,1
Binder & Binder,34
BINDER & BINDER,24
Binder & Binder Esqs.,1
Binder & Binder Law,2
Binder & Binder Law Firm,1
Binder & Binder Law Office,6
Binder & Binder Law Offices,3
Binder & Binder LLC,1
Binder & Binder LLP,14
BINDER & BINDER LLP,1
Binder & Binder P.C.,2
Binder & Binder PC,11
BINDER & BINDER PC,18
BINDER & BINDER PC;CHARLES E BINDER,2
BINDER & BINDER PC;CHARLES E BINDER ESQ,1
"Binder & Binder, LLP",1
"Binder & Binder, P.C.",3
"Binder & Binder, PC",1
Binder & Binder; Attorneys,1
Binder & Binder; Attys at Law; LLP,1
Binder & Binder; LLP,5
Binder & Binder; P.C.,11
BINDER & BINDER; P.C.,1
Binder & Binder; PC,6
BINDER & BINDER; PC,6
BINDER & BINDER;CHARLES  BINDER,1
BINDER & BINDER;JEANNINE  LAPLACE,1
BINDER AND  BINDER,4
Binder and Binder,10
BINDER and BINDER,1
BINDER AND BINDER,6
Binder and Binder Law Office,3
Binder and Binder Law Offices,1
Binder and Binder LLP,4
Binder and Binder PC,1
BINDER and BINDER PC,1
BINDER AND BINDER PC,6
Binder and Binder; LLP,3
Binder and Binder; P.C.,2
BINDER and BINDER; P.C.,1
BINDER AND BINDER; P.C.;CHARLES E BINDER,1
BINDER AND BINDER; P.C.;HARRY J BINDER,1
Binder Law Firm,6
Binder Law Office,4
BINDER; BINDER LAW FIRM,1
BINION & OLDHAM PC,1
Binsbacher & Griffithe LLC,1
Birbrower & Beldock; P.C.,2
Birch Horton Bittner & Cherot,2
Birch Horton Bittner & Cherot; P.C.,1
Birdsall Law Firm Inc,1
Birdsall Law Firm; Inc.,3
Biren Law Group,1
Birnbaum Law Ofc Iolta,2
BISH & CUTTING,1
Bish and Cutting,1
Bish and Cutting APC,2
Bish and Cutting; APC,1
Bish Law,3
Bish Law PC,1
Bishop & Bishop,1
Bishop & Hanson,1
BISHOP & HAYES PC,1
Bishop Barry Drath,1
Bishop; Cunningham & Andrews Inc. (P.S.),1
Bisnar & Chase LLP,1
BISNAR & CHASE LLP,1
Bisnar Chase Personal Injury Attorneys,1
Bisnar/Chase Personal Injury Attorneys,1
Bizzieri Law Offices,1
Bizzieri Law Offices; LLC,1
BLACHLY TABOR BOZIK & HARTMAN,1
Blachly Tabor Bozik & Hartman LLC,1
Black & Jones,23
Black & Jones Attorneys at Law,10
BLACK & JONES L.L.C,1
Black & Jones L.L.C.,1
Black & Jones LLc,1
Black & Jones LLC,40
BLACK & JONES LLC,3
Black & Jones; Attorney's at Law,2
Black & Jones; Attorneys at Law,4
Black & Jones; L.L.C.,4
BLACK & JONES; L.L.C.,2
Black & Jones; LLC,2
Black and Jones LLC,1
Black Chapman Webber Stevens,1
BLACK CHAPMAN WEBBER STEVENS,1
Black Lyle & Habberfield,1
BLACK; CHAPMAN; PETERSEN & STEVENS,1
BLACK; CHAPMAN; WEBBER AND STEVENS IOLTA,1
Blackburn & Green,1
BLACKBURN & GREEN OF FT WAYNE TURST ACCT,1
Blackburn & Green of Indianapolis PC,1
BLACKBURN & MCCUNE PLLC ATTYS AT LAW;RINGLER ASSOCIATES,1
Blackburn & Stevens; Prof. LLC,2
Blackburn and Green,3
Blackburn Romey,1
Blackstone Law APC,1
Blackwell Chambliss,1
Blackwell Law Office PLLC,1
"Blackwell, Davis & Spadaccini, LLC",1
Blaine Tamaki & Associates Inc PS,1
BLAINE TAMAKI & ASSOCIATES INC;BRYAN G SMITH,2
BLAINE TAMAKI & ASSOCIATES INC.; P.S.;RINGLER ASSOCIATES,2
Blair & Stroud; Attorneys at Law,1
Blake  Ashley,1
Blake  Horwitz,1
Blake  Parker,3
BLAKE  PARKER,2
BLAKE B WITCHER,1
BLAKE G ARATA,1
BLAKE HORWITZ LAW FIRM LTD,1
Blake Jones Law Firm,4
Blake Jones Law Firm LLC,2
"Blake Jones Law Firm, LLC",1
Blake Jones Law Firm; LLC,1
BLAKE LAW FIRM,1
Blake Law Firm PC,1
Blake Law Firm; P.C.,1
Blake Law Group; LLC,1
"Blake Weiner Law, PLLC",2
Blalock LLC,4
"Blalock, LLC",4
Blanck Legal PC,1
Blank Kim,1
Blank Kim Injury Law,2
Blank Moorstein & Lipshutz; LLP,1
BLANKINGSHIP & KEITH PC IOLTA,1
Blankship & Keith; P.C.;Huver & Associates,1
BLANO TACABERY & MATAMOROS PA,1
BLASINGAME BURCH GARRAND AND ASHLEY PC,1
Blasingame Burch Garrard & Ashley,1
Blasingame Burch Garrard & Ashley PC,1
BLASINGAME BURCH GARRARD & ASHLEY PC;GARY B BLASINGAME,1
BLASINGAME BURCH GARRARD AND ASHLEY PC,1
"Blasingame, Burch, Garrard & Ashley, PC",1
Blasingame; Burch  Garrard & Ashley;James B Matthews,1
Blasingame; Burch; Garrard; & Ashley PC,1
Blaska Law Firm; LLC,1
Blaszkow Legal PLLC,1
BLAU & KRIEGE PLLC,1
BLAU & KRIEGE; P.L.L.C.,1
Blaufeld Schiller & Holmes LLP,1
"Blaufeld Schiller & Holmes, LLP",1
Blaufeld Schiller & Holmes; LLP,8
"Blaufeld, Schiller & Holmes LLP",1
Blavatt & Blavatt LLC,1
Blavatt Law Office,2
"Blazejewski & Hansen, LLC",1
"BLEAMAN LAW FIRM, P.C.",1
Blevins & Hong PC,2
Blewett Mushlitz; LLP,1
BLEY & PFEIFFER P C ESCROW ACCT;WALLY  BLEY,1
BLIVEN & EVANS TRIAL LAWYERS PC,1
Bliven Law Firm; PC,1
Block O'Toole & Murphy LLP,1
Blondell; Miller & Schuler,1
Blondell; Miller LLC,1
Bloomberg Steinberg & Badger,1
BLOOMBERG; STEINBERG; BADER,1
Bloomquist Law Firm; P.C.,1
Blue Cross Blue Shield,2
Blue Horizon Law; PC,1
Blue Williams LLP,1
Bluestein Attorneys,1
Bluestein Law Firm,1
BLUESTEIN LAW FIRM PA,3
Bluestein Thompson Sullivan,1
BLUM LAW FIRM,1
Blumberg Law Corporation,2
Blume Forte Fried Zerres & Molinari,1
BLUME GOLDFADEN BERKOWITZ DONNELLY,1
BLUME GOLDFADEN BERKOWITZ DONNELLY ETC,1
Blume; Donnelly; Fried; Forte; Zerres,1
Blume; Donnelly; Fried; Forte; Zerres; &,1
Blumers Lawyers Canberra,1
Bluming & Gusky; LLP,1
BLUMLING & GUSKY LLP,1
BLYTHE  GLEMMING,1
BLYTHE  GLEMMING;STEPHANIE A TAYLOR,1
BMCA LAW GROUP; PC,1
Bob  Arnold,1
Bob  Hanna;Clay  Thomas,3
BOB  MULLAN,1
Bob M Cohen & Assoc IOLTA,2
Bob M. Cohen & Associates Law,1
Bobby R Garcia,1
Bobby R Wood,1
BOCCARDO LAW FIRM INC,1
BOCK & BATTINA; LLP,1
BODIE ENGER LAW,1
Bodie Enger Law; LLC,1
Bodkin & Mason LLP,1
Boesen Law LLC,2
Boesen Law; LLC,1
Boetcher Law Firm,1
Boettcher Law Firm,15
Boettcher Law Firm P.C.,1
Boettcher Law Firm PC,1
"BOETTCHER LAW FIRM, PC",1
Boettcher Law Firm; PC,1
Boettcher Law Firm.; C,1
Bogards Law,1
BOGARDUS & SCOTT,1
Boggs; Avellino; Lac  & Boggs; LLC,1
Bogin; Munns & Munns; P.A.,1
Bogin; Munns & Munns; P.C.,1
Bohannon; Rogers; Pacella; & Simpson,1
Bohbot & Riles; PC,1
BOHM & JONES PC,1
Bohm Law Group Inc,1
BOHNEN; ROSENTHAL & KREEFT,1
"Bohr & Harrington, LLC",2
Bohr & Harrington; LLC,4
Bohr & Harrington; LLC;Persaud & Zeltmann,1
Boies Law Firm PLLC,1
Boies; Schiller & Flexner LLP,1
Bold Polisner Maddow Nelson & Judson,1
BOLDEN &  BONFIGLIO LLC,1
BOLDEN & ASSOCIATES,1
Bolden & Bonfiglio,6
BOLDEN & BONFIGLIO,1
Bolden & Bonfiglio LLC,6
BOLDEN & BONFIGLIO LLC,3
BOLDEN & BONFIGLIO LLC A/S/O M MIRANDA,1
"Bolden & Bonfiglio, LLC",3
Bolden & Bonfiglio; LLC,4
BOLDEN & BONFIGLIO; LLC,1
BOLDEN & LYNCH; LLC,1
Bolden and Bonfiglio,2
Bolden and Bonfiglio; LLC,1
"Bolden and Bonfilglio, LLC",1
BOLDEN ASSOCIATES LLC,1
BOLGER LAW FIRM PLLC,1
Bolus Law Offices,1
Bonadies Law Firm; LLC,1
Boncore Law Office,1
Bond & McDonald,3
Bond & Norman PLLC,1
Bond and McDonald,1
Bond and McDonald P.C.,1
Bond Botes & Handy PC,1
"Bond McDonald & Lehman, PC",1
BOND MCDONALD LAW FIRM,1
"Bond, McDonald & Lehman, PC",2
"Bond, McDonald and Lehman, PC",2
Bond; McDonald & Lehman,1
Bond; McDonald & Lehman; PC,2
Bond; McDonald Law Firm,1
BOND; MCDONALD LAW FIRM,2
Bondurant Mixon Elmore,1
Bondurant Mixson & Elmore LLP,1
Bongiovanni; Collins and Warden; P.C.,1
"Boniadi Law, P.C.",2
Bonifield & Rosenstengel PC,1
Bonilla & Chapa PC,1
Bonnett Fairbourn Friedman & Balint PC,1
Bonney; Allenberg & O'Reilly; P.C.,1
"Bonnici Law Group, APC",1
BONNIE  GRIFFIN;GRIFFIN & GIVENS TR ACCT,1
BONNIE H. WALKER PLLC,1
BONNIE S DOMBROWSKI ATTORNEY AT LAW,1
Bookman & Helm LLP,1
Bookman & Helm; LLP,1
Bookman and Helm,1
Booth & Moses,1
BOOTH & MOSES ATTORNEYS AT LAW,1
Borah & Shaffer,1
Borah and Shaffer,5
BORCHERT & LASPINA PC,1
Bordas & Bordas PLLC,3
Bordas & Bordas; PLLC,1
Boreale Law PLC,1
Borich Legal Inc.,1
Bornhoft & Berkenstadt,1
BOROWIEC BOROWIEC & RUSSELL PC,2
Bortnick Law Firm,1
Bose McKinney & Evans LLP,1
Bosson Legal Group PC,1
Bosson Legal Group; PC,2
BOSTIC LAW FIRM PA IOLTA ACCT;CURTIS E BOSTIC,1
Bostwick & Peterson LLP,3
Boswell & Dunlap LLP,2
Bothwell & Hamill PLLC,1
Bottar Law PLLC,3
Bottaro Law Firm LLC,1
BOU & BOU,1
Boucher LLP,2
Boughter Law Office LLC,1
"Boulden and Bonfiglio, LLC",1
Boulware Law LLC,1
BOUNDS GONZALEZ P L IOLTA ACCT;J CLANCEY  BOUNDS,1
Bounds Law Group,4
Boutwell & Assoc. LLC,2
Boutwell & Assoc. LLC -STAT,1
Boutwell & Associates LLP,1
"Boutwell & Associates, LLC",3
Boutwell & Associates; LLC,3
BOUTWELL AND ASSOCIATES LLC,1
"Boutwell and Associates, LLC",2
Boutwell and Associates; LLC,1
BOWERSOX LAW FIRM P.C. LAWYERS;JEFFREY A BOWERSOX,1
BOWERSOX LAW FIRM PC,1
Bowles Law Firm,1
BOWLES LAW FIRM;GORENCE & OLIVEROS,2
Bowman & Smith PC,5
Bowman Smith & Kallen PLLC,1
Bowman; Smith & Kallen,2
Boxer & Gerson; LLP,1
Boyaki Law Firm,34
BOYAKI LAW FIRM,2
Boyaki Law Firm;Walter L Boyaki,1
Boyd B Moss,1
"Boyd Law Firm, LLC",1
Boyd Legal Services,1
Boyden Gray & Associates PLLC,1
BOYLE BRASHER LLC,1
Boyle Shaughnessy Law PC,1
BOYLE; SHAUGHNESSY & CAMPO; PC,1
Boynton Waldron Doleac,1
Boynton Waldron Doleac Woodman,1
Boynton Waldron Doleac Woodman Scott,1
Boynton; Waldron,1
Bracewell LLP,1
BRAD  BARTLETT,1
BRAD  BONYNGE,1
Brad  Fagg,14
Brad  Lee,1
Brad  Parkinson,2
Brad  Parkinson;Peter Parkinson Arnold,1
Brad  Wagner,1
Brad Banias,1
Brad Bradshaw MD JD LC,1
BRAD BRADSHAW MD JD; LAW OFFICE;ERIC  BELK,1
Brad D Parkinson,4
BRAD D PARKINSON,1
BRAD FAGG; MORGAN  LEWIS & BOCKIUS LLP,1
Brad Hendricks Law Firm,1
BRAD HENDRICKS LAW FIRM,1
BRAD HENDRICKS LAW FIRM;GEORGE R WISE,1
Brad Hendricks PA,1
Braddock Law APC,1
Braden; Gonzalez & Asso. Attor. at Law,1
Braden; Gonzalez & Associates,2
Bradford & Bradford; P.A.,1
BRADLEY  BANIAS,1
Bradley  Bostick,1
BRADLEY  STOLL,3
"Bradley & Loggin, PLLC",2
BRADLEY A GOLDBLOOM,1
Bradley Arant Boult Cummings LLP,5
BRADLEY ARANT BOULT CUMMINGS LLP;COHEN MOHR LLP  CLIENT,2
"Bradley Arant Boult Cummings, LLP",2
Bradley Arant Boult Cummings; LLP,2
Bradley Arant Rose & White LLP IOLTA,1
BRADLEY D WIERDA,1
Bradley Drendel & Jeanney,1
BRADLEY DRENDEL & JENNEY;MARK  WENZEL,1
Bradley L Booke Chartered Trust Account,1
BRADLEY L BOOKE;MORIARITY BADARUDDIN & BOOKE IOLTA,1
Bradley L Bradshaw;Eric  Belk,1
Bradley Law Group,1
BRADLEY MURCHISON KELLY & SHEA LLC,1
Bradley P Rothman,1
Bradley S Hartman,1
BRADLEY S LICHTMAN;LAUREN K MEACHUM,1
BRADLEY S MAINOR;JOSEPH J WIRTH;MAINOR WIRTH LLP,1
Bradley W Rath Attorney at Law,1
BRADLEY Y HARRIS,1
Bradshaw & Bryant PLLC,3
Bradshaw & Byrant PLLC,1
Brady  Mertz,1
Brady & Swenson,1
Brady & Swenson; PC.,2
Brady Brady & Reilly LLC,1
BRADY C POFAHI,1
BRADY C POFAHL,1
Bragoli & Associates PC,1
Brain  Unitt,1
Brainard & Brainard,1
BRAIS & ASSOCIATES,1
Braly Braly Speed & Morris,3
Braly Braly Speed & Morris PLLC,1
"Braly, Braly, Speed & Morris",1
Braly; Braly; Speed & Morris,3
Braly; Braly; Speed & Morris;Smolen Law,1
BRAM  WEIDENAAR;HOY TRIAL LAWYERS,1
Branch Law Firm,1
Branch W Vincent,2
BRANCH W VINCENT,1
Brandenburg & Rees,1
Brandi  Smith,3
BRANDI  SMITH,1
Brandi C Smith,1
Brandner Law Firm; LL;Fernandez; Larkin & Garcia; P.A.,1
Brandon  Bennet,1
Brandon  Bennett,1
Brandon  Dickstein,1
BRANDON  FELDMAN;FELDMAN & LEE P.S.,1
BRANDON  FELDMAN;FELDMAN & LEE PS,1
BRANDON I DORSEY,1
Brandon J Broderick Esq.,1
Brandon J. Broderick; LLC,1
Brandon Sample PLC,1
Brandt & Sherman; L.L.P.,1
BRANDY M RHEAD;DEAN  FAUST,1
BRANHAM LAW GROUP LLP;CHARLES  BRANHAM,2
Branick & Devenzio,1
"Brann Sullivan Trial Lawyers, PLLC",1
Brannon & Associates,1
Branson Law Office PA,1
BRANSTETTER STRANCH & JENNINGS PLLC,1
Brant  Stogner,1
Brant Hickey & Associates,1
BRANT HICKEY & ASSOCIATES,1
BRANTON & HALL PC;STILL MEDLEY LAW FIRM PLLC,1
Brashear H Leonard,1
Bratcher Gockel Law; LC,1
BRATTAIN & MINNIX,1
BRAUDE & MARGULIES PC,1
Braude Law Group,2
Braude Law Group PC,2
Braude Law Group; P.C.,1
BRAULT PALMER GROVE STEINHILBER ETC,1
Braun & Melucci,1
"Braun & Melucci, LLP",1
Braun & Melucci; LLP,1
Bravo Law Office,1
Brawer; Hirsch; & Associates PA,1
Breck Barton & Associates; P.A.,1
Bredhoff & Kaiser; P.L.L.C.,1
Breire Law firm;Briere Law Firm,1
"Breit Biniazan, PC Law Firm",1
Breit Cantor Grana Buckner PLLC,1
BREIT DRESCHER & IMPREVENTO PC,1
Breit Drescher Imprevento & Walker,1
Breit Drescher Imprevento & Walker P.C.,1
Breit Drescher Imprevento PC,3
Breit Drescher Imprevento; P.C.,1
"Breit Law, P.C.",1
Breit; Drescher; Imprevento; PC,2
BREITHAUPT DUNN DUBOS SHAFLO & WOLLESON,1
Brelsford; Androvich & White,1
Bremer & Trollop Law Offices; S.C.,1
Bremer Whyte Brown & O'Meara,1
BRENA BELL & CLARKSON PC;KEVIN G CLARKSON,1
"Brenda A. Garcia Law, PLLC",1
Brenda J. Williams and Associates,1
BRENDAN  LILL,1
Breneman Grube Orehoski; PLLC,1
BRENNAN  BOLT;FREDERICK J HANNA & ASSOCIATION;MCGUIREWOODS LLP,1
Brennan & Heideman,1
Brennan Law Office LLC,1
Brennan Law Offices LLC,1
BRENNER EVANS & MILLMAN,1
Brenner Fissell,1
BRENT  ADAMS,1
BRENT  RENISON,1
BRENT  RENISON;PARRILLI  RANISON LLC,1
Brent & Adams,1
Brent A York,1
Brent Adams & Associates,1
Brent Law; APC,1
Brent Wilson,2
Brenton D Adams,2
Brenton Legal PA,1
Brentwood Services Administrator,1
Bressler; Amery & Ross P.C.,1
Bressler; Amery; & Ross; PC,1
Bret S Moore,1
BRETT  BURTON,1
BRETT  KLEIN,1
Brett  Tessler,1
BRETT  THOMPSON;TAYLOR  KING,1
BRETT E DRESSLER,1
Brett H. Klein; Esq. PLLC,1
"Brett H. Oppenheimer, PLLC",1
Brett L Antonides;Brian W Fannin,1
Brett McArthur Law Office; P.C. L.L.O.,1
"Brett McCandlis Brown & Conner, PLLC",1
Brett Reynolds & Associates; P.C.,13
BRETZ &  COVEN LLP,1
BRETZ & COVEN LLP,1
Brewster  Rawls,1
BREWSTER  RAWLS;RAWLS MCNALIS & MITCHELL,1
BREWSTER  RAWLS;RAWLS MCNELIS & MITCHELL PC,1
BREWSTER & DE ANGELIS PLLC;JENNIFER L DE ANGELIS,1
Brewster & DeAngelils PLLC,1
BREWSTER R RAWLS,2
Brewster Rawls,1
Brewster S Rawls,2
BREWSTER S RAWLS,2
BREWSTER S RAWLS; MCNELIS & MITCHELL,2
Breyer Law Office; P.C.,1
Breyer Law Offices PC,1
Bria  Millen,1
BRIAN  AYLWARD,1
Brian  Bannon,1
Brian  Brandt,1
Brian  Clymer,5
BRIAN  COLEMAN,1
Brian  Conley,1
Brian  Donovan,2
Brian  Dratch,1
BRIAN  EBERSTEIN,1
BRIAN  GALLIGAN,1
BRIAN  GUNN,1
Brian  Katz,1
Brian  King,1
BRIAN  KING,5
BRIAN  MCMILLAN,1
BRIAN  SUCHOFF,1
Brian  Trubitt,1
BRIAN  UPTON,1
BRIAN  WATT;TROUTMAN SANDERS LLP,1
BRIAN  ZABER,1
BRIAN A CARNESS,1
Brian A. Thomasson PLC,1
BRIAN BIRDSALL LAW FIRM INC;LAW FIRM OF PORTEOUS HAINKEL & JOHNSON,1
BRIAN C COLOMB,1
BRIAN C ELLIS;THE ELLIS FIRM,1
BRIAN C LEIGHTON,1
Brian C Shapiro,4
Brian Caubarreaux & Associates,1
Brian Caubarreaux and Associates,2
Brian Clymer Attorney at Law,1
Brian D Guralnick; P.A.,1
Brian D Johnson,1
Brian D O'Neill,1
Brian D Potter,1
Brian E Hoffman Esq.,1
Brian G Birdsall,1
BRIAN G HIATT,1
BRIAN G SHEARMAN,1
Brian I Clymer,9
BRIAN I CLYMER,2
Brian J Butler;IOLTA Account - Lenahan & Dempsey PC,1
Brian J Walsh;Dougherty Leventhal  & Price,1
BRIAN K SUCHOFF,1
BRIAN K. BRANCH PC IOLTA TRUST ACCT;NM SCHOLAR'S EDGE  FBO D TORRES;NM SCHOLAR'S EDGE  FBO G TORRES;RYAN J VILLA;SEAN P MCAFEE,3
BRIAN LONCAR; PC,1
BRIAN M DRATCH;THOMAS R MURPHY,1
BRIAN M HULL,1
BRIAN M HULL;THE GREEN LAW FIRM PC,2
BRIAN P FITZGERALD,1
BRIAN R BARJENBRUCH,1
Brian R Carmichael,4
BRIAN R NEARY,1
Brian R Smith Attorney at Law,1
Brian R Wood Attorney,1
Brian R. Cahn & Associates; LLC,1
BRIAN S KATZ,1
Brian S King,2
Brian S Wayson,1
BRIAN T DOUGAN;GIBSON & BEHMAN PC,1
BRIAN W CHESTNUT,1
Brian W. Easton;Easton & Easton; Esq.,2
Brice A Tondre,1
Bricker Anderson & Johnson PC,1
BrickerAnderson PC,1
BRICKERANDERSON; P.C.,1
Bricklin & Newman LLP,1
Bricklin & Newman; LLP,3
BRICKLIN & NEWMAN; LLP,1
BRICKLIN & NEWMAN; LLP IOLTA ACCT,2
Bridger Law Group,1
Bridgewater Law Group,2
Briere Law Offices,1
"Briet Biniazan, P.C.",2
"Briet Law, PC",1
Brigagliano & Nightingale LLP;Stacy  Tolchin,1
Brigandi Law Firm,3
Brigandi Law Frim,1
Briggle & Polan; PLLC;Law Office of C. Ashley Callahan,1
BRIGGS & BRIGGS,1
BRIGGS & BRIGGS TR ACCT,1
BRIGGS LAW CORPORATION TRUST ACCT;[REDACTED FOR PRIVACY],2
Brigitta  Hawkins,1
BrigliaMcLaughlin; PLLC,1
Brill & Rinaldi; The Law Firm,8
Brill & Wagoner PC,1
Brill Law Firm PLLC Tr Acct,2
"Brindisi, Murad & Brindisi Pearlman, LLP",1
BRINKLEY AND CHESTNUT,1
Bristol West Insurance Co,1
Britainy  Alford,1
Britt & Reed Law Offices,1
Britt Reed Law Offices,1
Britton Law,3
BROADSPIRE SERVICES; INC.,1
Broadview Apartments Company,1
Broadview Apartments Company; LLP,1
"Brock & Gonzales, LLP",1
Brock and Stout LLC,1
BROCK D DUPRE,1
Brock D Stiles,1
BROCK D STILES,3
Brockstedt Mandalas Federico,2
Brockstedt Mandalas Federico LLC,7
"Brockstedt Mandalas Federico, LLC",2
"Brockstedt, Mandalas, Federico, LLC",1
Brodkey Cuddigan,11
Brodkey Cuddigan Law Firm,4
Brodkey Cuddigan Law Firm;Wes  Kappelman,1
Brodkey Cuddigan Law Firm;Wes  Kappelmann,1
Brodkey Cuddigan MILL,1
Brodkey Cuddigan;Kappelman Law Firm,4
"BRODKEY, CUDDIGAN LAW FIRM",1
BRODKOWITZ LAW,2
"Brodsky Fotiu-Wojtowicz, PLLC",1
Brodsky Micklow Bull & Weiss,1
Brodsky Micklow Bull & Weiss LLP,1
Brody Hardoon Perkins & Kesten LLP,1
"Brody, Hardoon, Perkins & Kesten, LLP",2
Bromberg Rosenthal LLC,1
Bronsnick Law Firm,1
Bronston Legal; PC,1
BROOK J HEATHCOTTE;DAVID G DERICKSON PC,1
Brooke  Bove,1
Brooke Law,1
Brooklyn Legal Services,2
BROOKS  LAW FIRM,1
Brooks & Byrne PLLC,1
BROOKS & BYRNE PLLC,1
Brooks Bradley & Doyle,1
Brooks Law Firm,3
Brooks Law Firm ; P.C.,1
Brooks Law Firm; PC,1
Brooks Law Office,1
Brooks Law Office PC,4
Brooks LeBoeuf Bennett Foster & Gwartney,1
BROOKS LEBOEUF BENNETT FOSTER & GWARTNEY,1
Brooks LeBoeuf Foster Gwartney Leace,1
Brooks LLP,1
Brooks Pierce,5
Brooks; LeBoeuf; Bennett; Foster & Gwart,1
Brooks; Pierce,5
Brooks; Pierce; et al.; LLP,1
Brophy & Lenahan PC,1
Brosco & Brosco PC,1
Bross & Frankel,7
Bross & Frankel P.A.,1
BROSS & FRANKEL PA,1
"Bross & Frankel, PA",10
Bross & Frankel; P.A,1
Bross & Frankel; P.A.,55
Bross & Frankel; PA,3
BROSS & GROUP PA;RICHARD L GROUP,1
Bross and Frankel,5
Bross and Frankel LLC,1
Broughton; Wilkins; Sugg & Thompson PLLC,2
Brouillette Law Firm,1
BROUSSARD & HART LLC TRUST ACCOUNT,1
BROWN & ASSOCIATES,1
Brown & Connery; LLP,2
Brown & Crouppen,1
Brown & Crouppen; P.C.,1
Brown & Curry Law Firm,1
Brown & Curry LLC,1
"Brown & Curry, LLC",1
Brown & Curry; LLC,59
BROWN & GETKA,2
Brown & Joseph LLC,2
Brown & Joseph LLC dba Recovery Partners,1
Brown & Joseph LLC DBA Recovery Partners,1
BROWN & McDEVITT; CLIENT TRUST ACCT,1
Brown & Peisch PLLC,2
Brown & Winters,2
Brown and Curry LLC,1
Brown and Curry; LLC,25
Brown and Joseph DBA Recovery Partners,1
BROWN AND JOSEPH LLC DBA RECOVERY PARTNERS,1
BROWN AND JOSEPH LLD dba RECOVERY PARTNERS,1
Brown Bradshaw & Moffat,1
Brown Brown  & Brown;Christopher  Brown,1
BROWN BUCHANAN PA,1
Brown Chiara LLP,1
BROWN CHIARI LLP,1
BROWN CHIARI LLP;MICHAEL  DRUMM,1
Brown Chiari; LLP,1
Brown Engstrand & Shely LLC,1
Brown Faucher Peraldo & Benson,1
Brown Gaines; LLC,9
Brown Gains LLC,1
BROWN GOLDSTEIN & LEVY,1
Brown Goldstein & Levy IOLTA,1
Brown Goldstein & Levy LLP,1
BROWN GOLDSTEIN & LEVY LLP IOLTA,1
BROWN JACOBSON TILLINGHAST LAHAN & KING;JOHN C WIRZBICKI,1
BROWN JACOBSON TILLINGHAST LAHAN;JOHN C WIRZBICKI,1
BROWN JACOBSON TILLINGHAST LATHAN & KING,1
Brown Koro & Romag; LLP,1
Brown Law Firm;Mulligan; Banham & Findley,3
Brown Law Group; P.A.,1
Brown Law LLC,12
"Brown Law, LLC",1
Brown Law; L.L.C.,1
Brown Law; LLC,2
Brown LLC,1
Brown Rudnick; LLP,2
Brown Willbrand; P.C.,1
"BROWN, GOLDSTEIN & LEVY LLP",1
"Brown, Goldstein & Levy, LLP",2
"Brown, LLC",1
Brown; Faucher; Peraldo & Benson; PLLC,1
Brown; Goldstein & Levy,3
BROWN; GOLDSTEIN & LEVY ESCROW ACCOUNT,1
Brown; Goldstein & Levy; LLP,4
Brown; Goldstein and Levy; LLP,1
BROWN; JACOBSON; TILLINGHAST;CHARLES E BINDER,1
Brown; Koro & Romag LLP,1
Brown; Readdick; Bumgarner; Carter,1
Browne Law,1
Browne Law Group,2
"Brownell Landrigan, LLC",1
Brownfield Law Office PLLC;Thompson; Miller & Simpson,2
Browning Law Firm; PA,1
Brownstein Hyatt Farber LLP COLTAF;Michelle C Kales,1
BROWNSTEIN HYATT FARBER SCHRECK,1
BROWNSTEIN HYATT FARBER SCHRECK LLP,1
Brownstein Hyatt Farber Schreck; LLP,6
Brownstein Rask LLP,1
BROWNSTEIN THOMAS LLP,1
Brownstein Vitale & Weiss; P.C.,1
BRUCE  BIENEMAN,1
Bruce  Bodner,1
Bruce  Brewer,2
Bruce  Greene;Stephanie  Zehren-Thomas,1
Bruce  Hagen,1
Bruce  Jacobs,1
Bruce  Mao,1
Bruce  Mayer,1
BRUCE  NESTOR;DE LEON & NESTOR LLC/CLIENT TR ACCT,1
BRUCE  STANLEY;PEPPER & W NASON,1
BRUCE A FREDERICKSON,3
BRUCE A FREDERICKSON;ELIZABETH A PARISH;KATHRYN N SKIPPER,1
Bruce A Fredrickson,3
BRUCE A FREDRICKSON,1
Bruce A Lampert,1
BRUCE A LAMPERT;SCHADEN; KATZMAN  LAMPERT & MCLUNE  TRUST ACC,1
Bruce A Wernik,1
Bruce Brewer,1
Bruce D Koffsky,1
BRUCE D. SCHUPP CHTD; CL-TRUST ACCT,1
"Bruce D. Schupp, Chtd.",1
Bruce D. Schupp; Chtd.,1
BRUCE G. CLARKE & ASSOCIATES,1
Bruce G. Fagel and Associates,1
Bruce J Klores,1
BRUCE J KORES & ASSO IOLTA ACCT,1
BRUCE J TERRIS;ELIZABETH J LYONS,2
Bruce K Kirby,1
BRUCE K KIRBY,4
BRUCE K KIRBY;DENNIS C O'DELL,1
BRUCE K SHAPIRO ATTORNEY AT LAW CLIENT;FUND ACCT,1
Bruce L Udolf,1
Bruce Leichty PC,1
Bruce M Hayman,1
BRUCE M MERRILL PA,1
Bruce N Graham,1
BRUCE PHILLIP  MAYER,1
Bruce S Deming,1
Bruce S Etterman,1
BRUCE S FLUSHMAN,2
BRUCE T ARMSTRONG,3
Bruce T Moats,1
Bruce Turner PLLC,1
Bruckheim & Patel,1
BRUCKNER  WALKER;WILLIAM  BRUCKNER,1
Bruckner & Walker,2
Bruckner Burch PLLC;Morgan & Morgan; P.A.,1
Bruckner Law Firm,12
BRUCKNER LAW FIRM,3
Bruckner Law Firm APC,2
Bruckner Law firm APC;Bruckner Law Firm APC,1
Bruckner Law Firm; APC,4
Bruer Law Firm; LLC,1
BRUMBAUGH MU AND KING,1
Brumbaugh; Mu & King PA,1
Brumbaugh; Mu & King; P.A.,1
Bruner; Powell; Wall & Mullins; LLC,1
BRUNKENHOEFER ALMARAZ & TURMAN PLLC;LORIN L RUNNELS,2
Bruno & Bruno,2
BRUNO NALU,1
BRUTSCHER FOLEY MILLINER,1
BRYAN  CREWS,1
Bryan  Harrison,1
Bryan  Konoski,1
BRYAN  SCHWARTZ,1
BRYAN  THOMAS,1
Bryan & Robinson Inc.,1
"Bryan & Robinson, Inc.",1
Bryan Cave Leighton Paisner,1
Bryan Cave Leighton Paisner LLP;The Becket Fund for Religious Liberty,2
Bryan Cave LLP,2
Bryan Cave; LLP,1
Bryan G Garrett,1
Bryan G Smith-Tamaki,1
BRYAN H SCHEMPF,2
BRYAN I CLYMER,2
Bryan I Clymer;Gerald S Frank,1
Bryan J Reis,1
Bryan K McMinn,1
Bryan K Nguyen,1
BRYAN KEITH  MORRIS,1
Bryan Konoski,1
Bryan Law Firm of SC LLP,1
Bryan S Henry,1
BRYAN S HENRY,1
BRYAN S KESSLER,1
Bryan Smith & Associates,2
Bryan Smith & Associates PLLC,2
"Bryan Smith & Associates, PLLC",1
BRYAN W CANNON PC;GREGORY & SWAPP PLLC;J CRAIG  SWAPP;RANDALL  BUNNELL,2
BRYAN W CREWS,1
BRYAN W SMITH,1
BRYANT  JACKSON,1
BRYANT  LAMB;DOLAN LAW FIRM TR ACCT,1
Bryant D Guy,1
BRYANT EMERSON & FITCH TR ACCT,1
Bryant Legal Group PC,2
Bryant S Banes,1
Bryce Brewer Law Firm,1
BRYCE O THOMAS,1
Bryden  Dow,7
Bryden F Dow,2
Bryden F DOW,1
BRYDEN F DOW,2
BRYDON F DOW,1
Brydon; Swearengen & England,1
Bryn Mawr Trust Co.;Heather  White,3
Bryon A Lassiter,1
BUCCA & CAMPISANO TRUST ACCOUNT,1
BUCHANAN INGERSOLL & ROONEY; PC,3
Buchanan Law; PLLC,1
Buchenberger Law Office; PLLC,1
BUCK WALL STARNES AND DAVIS P A,1
Buckfire & Buckfire,3
Buckfire & Buckfire P.C.,1
Buckfire & Buckfire PC,3
BUCKFIRE & BUCKFIRE PC,2
"Buckfire & Buckfire, P.C.",1
Buckfire & Buckfire; P.C.,1
BUCKFIRE & BUCKFIRE; P.C.,1
Buckfire Law,1
Buckfire Law Firm,2
BUCKLEY & ASSOCIATES,1
BUCKLEY & ASSOCIATES PS INC,1
Buckley & Buckley,2
"Buckley & Buckley, LLC",1
"Buckley Bala Wilson Mew, LLP",1
"Buckley Bala Wilson MEW, LLP",1
Buckley Beal; LLP,1
BUCKLEY LAW OFFICE PC;DANIEL P BUCKLEY,1
Buckley Wynne & Parese,1
bud  weiser;Law Office of Todd Ellis; P.A.,1
Buddoo & Associates PC,1
Buddoo and Associates,1
BUDGE & HEIPT PLLC,1
Budin; Reisman; Kupferberg & Bernstein,1
Buehler Associates; Attorneys,1
Bufete Hector L Moreno - Luna,1
BUFETE JOSE R ROSSELLO CAMACHO,1
"Bui Law, PLC",2
"BUI Law, PLC",1
Bui Law; P.L.C.,1
Bulkley; Richardson and Gelinas; LLP,1
Bull & Reinhardt; PLLC,1
Bullock Law Firm;Keesling Law Group PLLC,1
"Bulman, Dunie, Burke & Feld",1
Bulman; Dunie; Burke & Feld,1
Bulman; Dunie; Burke & Feld; Chtd.,1
Burch & Cracchiolo,3
Burch & Cracchiolo P.A.,1
Burch & Cracchiolo PA,5
BURCH LAW FIRM; LLC,1
BURCH PORTER & JOHNSON PLLC,1
Burch; Porter & Johnson PLLC,2
Burch; Porter & Johnson; PLLC,1
Burch; Porter; & Johnson,1
Burchett Law Firm,9
Burchett Law Office,1
Burcu Topcuoglu,1
"Burdo, Rubin & Sachs, Esqs.",1
Burg & Brock,1
Burg Simpson Eldredge Hersh & Jardine,3
Burg Simpson Eldredge Hersh & Jardine PC,3
Burger Law,2
Burger Law; LLC,1
Burger Scott & McFarlin,1
Burger; Scott & McFarlin,1
BURKE & BAUERMEISTER TRUST ACCOUNT,1
Burke Costanza & Carberry LLP,3
Burke Harvey LLC,1
Burke Law Group,1
Burkett Law Office,1
Burnet & Driskell,1
Burnet & Driskill,4
Burnet & Driskill; LLC,1
Burnett & Driskell,4
Burnett & Driskill,147
Burnett and Driskill,5
Burnett Driskill Attorneys,2
"Burnett Driskill, Attorneys",1
Burnett Driskill; Attorneys,16
Burnett Driskill; LLC,1
Burnett Driskill; LLC;Sharon J Meyers,1
BurnettDriskell Attorneys,1
BurnettDriskill,2
BurnettDriskill Attorneys,16
"BurnettDriskill, Attorneys",1
BurnettDriskill; Attorneys,2
BurnettDriskill; LLC,1
Burnette & Driskill,2
Burnette Shutt & McDaniel,1
Burnetti P.A.,1
Burnetti PA,1
Burney Bivens; PA,1
BURNHAM & BROWN PC,1
Burns & Cohan,3
Burns and Cohan,2
Burns and Cohan; Attorneys at Law,2
Burns Bryant Cox Rockefeller & Durkin,1
Burns Charest LLP,2
Burns Miranda and Associates,2
BURNS MIRANDA AND ASSOCIATES,2
Burns Nickerson & Taylor PLC,3
BurnsBarton PLC,1
Burnside Law Firm LLP,2
Burntet & Driskill,1
Burr & Forman,1
Burr & Forman LLP,1
"Burr & Forman, LLP",1
Burr Forman; LLP,1
Burrell & McCants,1
Burrell and McCants,1
Burress Law,1
Burriss Ridgeway Injury Lawyers,1
"Bursor & Fisher, PA",1
BURT E REDLUS PA;JODI A SELDIN,1
Burt Injury Law; LLC,1
BURTON &  MCKINNISH PLLC,1
Burton Employment Law,1
BURTON F BROXTERMAN,1
BURTON J JOHNSON,1
BURTON LAW FIRM,2
Busald Funk Zevely PSC,1
BUSBY BELL & BIGGS PC,1
Busby; Bell & Biggs PC,1
Busby; Bell & Biggs; PC,1
BUSBY; DELL & BIGGS; PC,1
"Busch Legal Group, LLC",1
Busch Mills &  Slomka LLP,1
Busch Mills & Slomka LLP,7
Busch; Mills & Slomka; LLC,6
Busch; Slipakoff; Mills & Slomka; LLC,8
Buselmeier Law Firm PA,1
BUSH LAW FIRM LLC,1
BUSH LAW FIRM PLLC (IOLTA ACCOUNT),1
Bush Law Office,5
Bush Ross; P.A.,1
"Bush, Mills and Slomka LLP",1
Business Account,1
Busson & Sikorski,1
Butcher & Widlund; L.L.C.,2
Butkovich &  Crosthwaite Col;Geoffrey  Damon,1
BUTKOVICH CROSTHWAITE & GAST CO LPA,1
Butler & Associates PA,1
"Butler & Associates, P.A.",1
Butler & Harris,5
BUTLER & HARRIS,1
Butler and Harris,2
Butler Legal Group; PLLP,1
Butler Norris & Gold,1
BUTLER NORRIS & GOLD,1
Butler Pappas Weihmuller Katz Craig LLP,2
Butler Prather LLP,1
Butler Snow,1
Butler Snow LLP,2
BUTLER SNOW OMARA STEVENS & CANNADA,1
Butler; Quinn & Hochman; PLLC,1
Butschky and Butchky LLC,1
Butschky and Butschky LLC,1
Butts & Marrs,1
BUTTS & MARRS,1
Butts & Marrs PLLC,2
Butts & Marrs; P.L.L.C.,1
Butts and Marrs PLLC,1
Butts and Marrs; PLLC,1
Buxbaum Daue &  Fitzpatrick IOLTA Trust Fund;Craig  Daue,1
BUXBAUM DAUE PLLC,1
Buzgon Davis,1
Buzin Law; P.C.,1
BUZZELL GRAHAM & WALSH LLP TRUST ACCT,1
BUZZELL GRAHAM & WALSH LLP;JOSHUA A CARROLL,1
Bye Goff & Rohde Ltd,1
BYE GOFF & ROHDE LTD,2
Bye Goff and Rohde LTD,1
BYE GOFF AND ROHDE LTD,3
"Bye, Goff & Rohde, Ltd.",1
Bye; Goff & Rohde; LTD,1
Bykhovsky Law,1
Byler & Sampson PC,1
Bynum &  Jenkins Law,1
Bynum and Jenkins,1
Byrd & Byrd LLP,1
BYRD DAVIS FURMAN & ALDEN LLP;KATZMAN LAMPERT & MCCLUNE PPLC,8
Byrne and  Partners LLP,1
Byrne and Partners LLP,1
Byron A Lassiter,3
BYRON A LASSITER,9
Byron Broun PA,1
Byron L. Potts & Co.; LPA,1
BYRON M FORREST;FRANK J D'AMICO,1
C  OLSON,1
C & S LEGAL PSC,1
C ANDERSON  RUSSELL,1
C Brooks  Cutter,1
C BRYANT  BOYDSTUN,1
C Bryant  Boydstun;Fisher  Sauls,1
C Bryant  Rogers,5
C BRYANT  ROGERS,2
C BRYANT  ROGERS;VANAMBERG ROGERS YEPA ABEITA & GOMEZ,1
C C COSSIO;JMW SETTLEMENTS INC,1
C CANDY  CAMARENA,2
C Christopher Raines III,1
C J HICKS;DONALD C SIDAK,1
C ROBERT  BUCKLEY;WHITE; ALLINDER; GRAHAM BUCKLEY & CARR,1
C Ron Smith Attorney at Law LLC,2
C WILLIAM  HINNANT,1
C;CHARLES E BINDER,1
C. BRYANT  ROGERS,1
C. CHRISTOPHER  SHANE,1
C. DAVID  GANTT,1
C. Hope  Brown,1
C. James  Williams,1
C. Jared  Clark,1
C. LINTON  ROBINSON,1
C. PHIL  HALL,1
C. Randall  Austin;Marc L. Shapiro; P.A.,1
C.E Binder & H.J. Binder,1
C.J. Lee & Associates; P.C.;McGinn Montoya Love & Curry,1
C.W. Blanchard Law,1
C&S Logistics Inc/Craig A Dennis Esq,1
CAA Law Firm,1
Cabaniss; Johnston;,1
Cabot Corporation,2
Cabot Corporation;Kaufman; Coren & Ress; P.C.,4
Cabot Corporation;NGK Metals Corporation,2
Cabranes Durkin & Longdin,1
Cabrera Law Group,3
CADA CADA HOFFMAN & JEWSON,1
CADE LAW LLC IOLTA TRUST ACCOUNT;NATHANIEL  CADE,1
Cadeaux Taglieri & Notarius PC,1
CADEAUX TAGLIERI & NOTARIUS PC;JOYCE M NOTARIUS,1
"Cadeaux, Taglieri & Notarius, P.C.",1
"Cadeaux, Taglieri & Notarius, PC",1
Cadeaux; Taglieri & Notarius; P.C.,1
Cadeaux; Taglieri & Notarius; PC,1
Cadeux Taglieri & Notarius PC,1
Cadwalader; Wickersham & Taft LLP,1
Caesar and Napoli PC,1
Caesar and Napoli; P.C.,1
Caffery Oubre Campbell & Garrison LLP,1
Cain Law Office,2
CAIN LAW OFFICE,1
CAIR Legal Defense Fund,1
CAIR-MI,1
"Cairncross & Hempelmann, P.S.",1
Caitlin Robin and Associates PLLC,1
CALBOM  SCHWAB,1
Calbom & Schwab,7
Calbom & Schwab Law Group,3
Calbom & Schwab Law Group PLLC,1
Calbom & Schwab Law Group; PLLC,6
Calbom & Schwab P.S.C,1
Calbom & Schwab PSC,2
CALBOM & SCHWAB PSC,1
CALBOM & SCHWAB PSC;DAVID  LYBBERT,2
Calbom & Schwab; PSC,1
Calbom and Schwab Law Group; PLLC,3
Calbon & Schwab,1
Calborn & Schwab Law Group PLLC,1
Calborn & Schwab Law Group; PLLC,1
Caldwell & Kearns PC;Penn National Insurance Company,1
"Caldwell & Kearns, P.C.",1
Caldwell Law Firm,1
Caldwell Luce DiTrapano PLLC,2
Caldwell Sanford Deibert Garry LLP,1
Caleb S Johnson,1
CALHOUN LAW FIRM;JOSEPH D CALHOUN,1
"Calhoun Meredith, PLLC",1
Califf Law Firm; LLC,1
California Department of Justice;Massachusetts Office of Attorney General,2
California Law,2
California Personal Injury Attorneys,1
California Personal Injury Attorneys LLP,1
California Public Utilities Commission,1
CALIFORNIA;GENE  TUCKER;MICHAEL COGAN TRUSTEE STATE BAR OF,1
Call & Jensen,1
Callahan Thompson Sherman & Caudill LLP,1
Callis Childs; P.A.,1
"Callison Tighe & Robinson, LLC",2
Callison Tighe & Robinson; LLC,1
Callister Law,1
CALVIN  CHANCE,1
Calvin  Stacey,1
Calvin J Stacey,1
Calwell Luce diTrapano PLLC,6
Calwell Luce DiTrapano PLLC,2
Calwell Luce diTrapano; PLLC,2
Cam F Justices,1
Camardo Law Firm,2
CAMARDO LAW FIRM P.C.,1
Camardo Law Firm; PC,1
Cambre and Associates,2
"Cameli & Hoag, P.C",1
CAMERLENGO AND BROCKWELL PL,1
CAMERON  FERGUSON,1
Cameron  Hogan,2
Cameron  Marshall,1
CAMERON FERGUSON LAW OFFICE,1
Cameron Law Group,1
Camilla C. McKinlney & Assoc.; PLLC,2
Camilla C. McKinney & Associates; PLLC,1
CAMPBELL & ASSOCIATES,1
Campbell & Campbell,1
Campbell and Bissell PLLC,1
Campbell Law Group; LLC,3
Campbell; Alliston & Quinn,1
CAMPBELL; DILLE; BARNETT & SMITH PLLC,1
Campbell; Miller; Williams; et al;David S Gaines,1
Campbell; Yost; Clare & Norell; P.C.,3
Campbell; Yost; Clare & Norell; PC,1
Campeau Goodsell Smith; L.C.,1
Campiche Arnold PLLC,1
Campiche Arnold; PLLC,2
CAMPICHE BLUE & LE PLLC,1
Campins; Benham-Baker; LLP,1
Campoli; Monteleone; & Mozian; PC,2
Canelo-Wallace PC,2
Cannon & Acosta LLP,1
Cannon & Cannon Law,3
CANNON & CANNON LAW PC,2
Cannon & Cannon Law; PC,1
CANNON & CANNON TRUST/ESCROW,1
Cannon and Cannon Law PC,1
Cannon Cochran Management Services Inc. a/k/a CCMSI,1
Cannon Law Associates,5
CANNON LAW ASSOCIATES,1
Canova & Delahaye,1
Canova and Delahaye,1
Cantor & Burger LLC,1
CANTOR DOLCE & PANEPINTO,1
Cantor Grana Buckner Bucci; PC,2
Cantor L Dolce Panepinto,1
CANTOR L PANEPINTO,1
Cantrill Skinner;Cantrill Skinner Lewis Casey & Sorensen,1
Capezza Hill LLP,1
CAPITAL INJURY LAW,1
Capitelli and Wicker,1
Capovilla & Williams,1
CAPPOLINO; DODD; KREBS; L.L.P.,1
CAPUTO & VANDERWALDE TRUST ACCT,1
CAPUTO LAW FIRM; LLC,1
Car Accident Lawyer Pros,2
Car Wreck Masters,1
Car Wreck Masters PLLC,1
Car Wreck Masters PLLC;Loncar & Associates,1
CARA  EDWARDS,2
CARA  ROLLER,1
Cara M Anthaney,1
CARABIN &  SHAW P.C.,1
Carabin & Shaw P.C.,2
Carabin & Shaw PC,1
Carbone Smoke Smith Bent & Leonard,1
CARBONE; SMOKE;  SMITH; BENT & LEONARD,1
Carbone; Smoke; Smith; Bent & Leonard,1
CARBONE; SMOKE; SMITH; BENT & LEONARD;YOUNG; WARD & LOTHERT,3
Cardaro & Fritch,1
Cardaro & Peek; LLC,1
"Cardenas Law Firm, LLC",2
CARDINAL LOGISTICS MANAGEMENT;THE MANN FIRM TRUST ACCT,1
Cardozo Civil Rights Clinic,2
Cardozo Law School,1
Carella; Bryne; Cecchi; Olstein; Esqs.,1
Caress Law Group,2
CARESS LAW GROUP,2
Caress Worland Law Group,1
CAREY  THOMPSON,1
Carey & Associates PC,1
Carey & Hamner PC,1
CAREY S SMALLEY,1
Carichoff Law Group; P.C.,1
Carl  Britt,2
Carl  Cooper,2
Carl  Nichols;Wilmer  Hale,3
CARL  RAYMOND,1
Carl  Weisbrod,7
CARL  WEISBROD,5
Carl A Coan,2
Carl A Lindstrom,1
CARL A SCCOLA;KINNEY SECOLA & GUNNING LLC,1
CARL AS  COAN,1
Carl Britt Jr.,1
Carl D Aframe,1
Carl E Zentz,1
Carl H Franklin,1
CARL H JACOBSON,1
CARL J GUAGLIARDO;SELINGO  GUAGLIARDO,1
CARL R HAYES,1
CARL R NEIL;LINDSAY HART NEIL & WEIGLER TR ACCT,1
CARL S PARSONS,1
CARL S YOUNG,2
CARL W BERGER,1
Carl Warren & Company,2
CARLA IVETH  ESPINOZA,1
Carla J Lauer,1
CARLA J LAUER,4
Carla J Thomas,1
CARLA J THOMAS,1
Carley Helmore,1
CARLIE  ANDROUS,1
CARLIN  DeANGELIS,1
Carlos  Escobar;Isaias  Torres;Law Office of Gilberto Hinojosa & Assocs,1
CARLOS  ESTRADA,1
Carlos  Garcia,1
Carlos  Hernandez,1
Carlos  Macias,1
CARLOS  MERCADO-RIVERA;MERCADO-RIVERA LAW OFFICES,1
Carlos  Urzua,1
Carlos E Hernandez,2
Carlson & Carlson P.C. Attorneys at Law,1
Carlson Law Firm,13
CARLSON LAW FIRM,1
Carlson Law Firm PC,4
"Carlson Law Firm, P.C.",1
CARLUZZO ROCHKIND & SMITH P.C.,1
Carluzzo; Rochkind & Smith P.C.,1
Carman & Bevington PA,1
CARMAN CALLAHAN  & INGHAM LLP,1
Carman Callahan & Ingham,1
Carman Callahan & Ingham LLP,3
CARMAN CALLAHAN & INGHAM LLP,3
Carman Callahan & Ingram LLP,1
Carman; Callahan & Ingham,2
CARMAN; CALLAHAN & INGHAM LLP,1
Carman; Callahan & Ingham; LLP,12
CARMAN; CALLAHAN & INGRAM; LLP,1
Carmen  Decker;Colorado Lawyer TrT  Account FNDN Budman & Hershey,1
Carmen A Jacobs,1
Carmen; Callahan & Ingham,2
Carmichael law,1
Carmody & Kaseta PLLC,1
Carmody MacDonald;Snider Law Firm LLC,3
Carmody Torrance Sandak & Hennessey LLP,1
Carmon  Altiery,1
CARMON  DAY,1
Carnahan Evans Cantwell & Brown PC,1
Carol  Avard,6
CAROL  AVARD,4
Carol  Goldstein,1
Carol  Press,24
CAROL  PRESS,2
Carol A Avard,31
Carol Avard; Atty at Law,1
Carol Goins; Attorney at law,1
Carol L Edward and Associates PS,1
Carol L Hepburn,1
CAROL L HEPPBURN PS IOLTA ACCT,1
CAROL N JOHNSTON LLC;FRIEDMAN RUBIN PLLC,3
Carol Press,4
Carole C Brooke,1
CAROLE C BROOKE,1
CAROLINE  HERRINGTON,1
CAROLINE  LOBDELL,2
Caroline  Meng,2
Carolyn  Adams,1
CAROLYN  ALLEN;MOULTON LAW FIRM,1
CAROLYN A KUBITSCHECK,1
Carolyn A Kubitschek,3
CAROLYN A KUBITSCHEK,1
CAROLYN D JOHNSON,1
Carolyn J Noack,1
CAROLYN M NICHOLS;DAVID WOLFE LEOPOLD & ASSOC CO LPA,1
CAROLYN N ALLEN,1
CARON COLVEN ROBISON & SHAFTON,1
Caron; Colven; Robison & Shafton; P.S.,1
CARONNA &  JOHNSON,1
CARONNA JOHNSON & HODDICK,1
CARONNA JOHNSON & HODDICK LLP,1
CAROSELLI BEACHLER MCTIERNAN & CONBOY;JOHN W MCTIERNAN,1
Caroselli; Beachler; McTiernan & Conboy,1
Carpenter & Czelusta; PLLC,1
Carpenter & Guy,1
Carpenter & Schmacher PC,1
"CARPENTER & SCHOMACHER, P.C.",1
Carpenter & Schumacher,1
Carpenter & Schumacher P.C.,1
Carpenter & Schumacher PC,2
CARPENTER & SCHUMACHER PC;MATT E MULKEY,1
"Carpenter & Schumacher, P.C.",4
"Carpenter & Schumacher, PC",1
Carpenter & Schumacher; P.C,1
Carpenter & Schumacher; P.C.,5
CARPENTER & SCHUMACHER; P.C.,1
Carpenter & Schumacher; PC,1
Carpenter & Schumaker,1
"Carpenter & Shumacher, PC",1
Carpenter & Zuckerman,1
Carpenter Chartered,3
Carpenter Chartered;Cutler Pickering Hale,1
Carpenter Law Firm PLC,1
Carpenter Zuckerman and Rowley,1
Carpenter; Zuckerma & Rowley; LLP,1
Carpenter; Zuckerman & Rowley,1
Carpenter; Zuckerman & Rowley LLP,1
Carpenter; Zuckerman & Rowley; LLP,1
Carr & Carr Attorneys at Law,3
Carrazco Law; APC,1
CARRIE COPPINGER CARTER PS,1
Carrington; Coleman; Sloman & Blumenthal,1
CARROLL  MACCHI PC,1
Carroll E Rhodes,1
Carse Law Firm,1
Carson & Coil; P.C.,1
Carson Boxberger LLP,1
CARSON LAW FIRM,1
CARTER  MOREY;LAW OFFICE OF CARTER MOREY TR SAV ACCT,1
Carter & Fulton; P.S.,1
CARTER C WHITE,1
Carter Law Firm,1
CARTER LAW FIRM,1
Carter Law Group,1
Carter Mario Injury Lawyers,1
Carter Mario Law Firm,3
CARTER MOREY PC;GREGORY G WASLEY,1
Carter Morey; P.C.,2
Cartier Bernstein Auerbach & Steinberg,1
CARY  HANSEL,1
CARY  KLETTER,1
Cary J Wintroub & Assocaites,1
Cary J. Wintroub & Assoc Client Fund Act,1
Cary J. Wintroub & Associates,1
CARY J. WINTROUB & ASSOCIATES,1
"Cary J. Wintroub & Associates, LLC",1
Cary Nathan; LLC,1
Casa Cornelia Legal Services,1
Cascadia Cross,1
Cascadia Cross Border Law Group,1
Cascadia Cross Border Law Group LLC,1
Cascadia Cross Border Patrol Law Group,1
Cascadia Cross-Border Law Group LLC,1
Cascadia Wildlands,2
CASCIONE PURCIGLIOTTI & GALLUZZI PC,1
Case Lombardi,1
Casey  Ford,1
Casey  Saunders,26
CASEY  SAUNDERS,27
Casey  Saunders;Marianna  McKnight,2
Casey & Barnett LLC,1
CASEY & DEVOTI CLIENT TRUST ACCT,1
CASEY FUNDARO ESQ,1
CASEY GERRY LLP,1
Casey Gerry Schenk Francavilla Blatt,4
CASEY GERRY SCHENK FRANCAVILLA BLATT;SCOTT  CUMMINS,1
Casey Gerry Schenk Francavilla; Blatt,1
Casey L Saunders,14
CASEY L SAUNDERS,7
Casey; Gerry Schenk; Francavilla; Blatt,1
Casey; Gerry; Schenk; Francavilla Blatt;Michael J Murphy,2
Casey; Gerry;James P Klapps;Law Office of Douglas H. Swope;The Gomez Law Firm,3
"Cash, Krugler & Fredericks, LLC",1
Cashdan & Kane,1
"Cashdan and Kane., PLLC",1
Cashion Gilmore & Lindemuth,1
Casino Law Firm,1
Casino Law Group,2
CASKEY AND HOLZMAN,1
CASSANDRA  TROUPE,1
Castan & Lecca; P.C.,3
Castellani Law Firm,1
Castle & Associates,4
Catalano Law,1
Catalano Law Group Trust,1
CATANIA & CATANIA,1
CATANIA & CATANIA P.A.,1
Catania & Catania PA,2
CATANIA & CATANIA TRUST ACCT;PAUL S REED,1
Catharin R Taylor,1
Catharine E Kroger-Diamond,1
Catharine Kroger-Diamond,1
Cathcart & Dooley,1
CATHCART & DOOLEY,1
"Cathcart & Dooley, PC",2
Cathcart and Dooley,2
Cathcart and Dooley; PC,1
CATHERINE  BOWMAN,1
CATHERINE  KILDUFF,1
Catherine  Ratliff,1
Catherine  Schroeder,1
CATHERINE ABBEY ATTORNEY AT LAW,1
Catherine G Ratliff,1
CATHERINE G RATLIFF,2
Catherine I Chavarri,1
Cathey & Strain,1
Cathey & Strain LLC,1
CATHLEEN  RYAN,1
Cathleen  Shine,6
Cathleen A Shine,17
"Cathleen A. Shine, Attorney at Law",6
Cathleen C Moran,1
"Cathleen Shine, Attorney at Law",1
Catholic Charities of Archdiocese Phil.,3
Catholic Legal Immigration Network; Inc.,1
CAUDLE & SPEARS PA,1
"Caudle & Spears, P.A.",1
Cause of Action Institute,1
Cauthorn Nohr & Owen,1
Cavanaugh & Thickens LLC,2
CAVANAUGH LAW FIRM PC LLO,1
Cavanaugh-Bill Law Offices LLC,1
Cavin & Marks,1
Cazayoux Ewing,1
CBCS,1
CCH LAW  IOLTA ACCOUNT,1
CCMSI,2
CCS Commercial,1
CCS Commercial LLC,16
CCS COMMERCIAL LLC,2
"CCS Commercial, LLC",2
CCS Commercial; LLC,1
CCS Commercial; LLC.,1
CCS Commerical LLC,2
CCS Companies,1
Cearley Law Firm; P.A.,1
CECERE SANTANA TRUST ACCT;J ERICK  SANTANA,1
CECIL & GEISER LLC,1
Cecil & Geiser; LLP,1
Cecile  Scoon,1
CECILIA  FEX,1
CECILIA  FEX;LARY  WALKER,1
CECILIA  MAREZ,1
Cecilia  Toole,1
Cecilia M Fagan Esq.,1
CEDAR INC,1
Cedar Tree Native Law LLP,1
Cedrone & Mancano; LLC,1
Cefali and Cefali,1
CEI Group Inc,1
CEI Group; Inc,1
CEI Loss Recovery,1
CEI Loss Recovery Services,1
Cellino & Barnes,1
CELLINO & BARNES,1
Cellino & Barnes P.C.,1
Cellino & Barnes PC,1
CELLINO & BARNES PC,1
Cellino & Barnes; P.C.,2
Cellino & Barnes; PC,1
Cellino Law LLP,1
CELSO  HURTADO,1
Cenk Bozkurt,1
Center for Biological Diversity,26
Center For Biological Diversity,1
CENTER FOR BIOLOGICAL DIVERSITY,20
CENTER FOR BIOLOGICAL DIVERSITY;Kassia  Siegel,1
Center for Competitive Politics,1
CENTER FOR CONSTITUTIONAL RIGHTS;COVINGTON AND BURLING LLP,5
Center for Disability Advocacy Rights,2
Center for Elder Law & Justice Inc,1
Center for Employment Justice,2
Center for Food Safety,2
Center for Individual Rights,1
Center for Law and Military Policy,1
Center for Military Law; LLC,1
Center on Race Poverty & the Environment,1
Center on Race; Poverty & Environment,2
Center On Race; Poverty & Environment,1
Center on Race; Poverty and Environment,1
Centolella Lynn D'Elia & Temes LLC,1
Central American Legal Assistance,1
Centre Law Group dba Fed Nexus Law,1
Centro Notarial de Puerto Rico,1
CERNEY  KREUZE & LOTT; LLP,1
Cerney Kreuze  and Lott; LLP,1
CERNEY KREUZE & LOTT LLP,3
Cerney Kreuze & Lott; LLP,4
Cerney Kreuze and Lott; LLP,1
Cerney; Kreuze & Lott; LLP,1
Cervantes & Cervantes PLC,1
CESAR OMELAS LAW,1
Cesar Ornelas Law PLLC,1
CHAD  MCMILLEN;KENNETH  FAWCETT,1
Chad  Robertson,1
CHAD  ROBERTSON,1
Chad A Robertson,1
Chad Alan  Robertson,1
Chad Brown Law,2
Chad Brown Law PLLC,4
"Chad Brown Law, P.L.L.C.",1
"Chad Brown Law, PLLC",15
Chad Brown Law; PLLC,3
CHAD D BURRY LC,2
CHAD E JONES,1
Chadwick  Lawrence,1
Chadwick J Lawrence,2
CHADWICK J LAWRENCE,1
Chaffin & Burnsed IOLTA,1
Chaffin Law Firm,1
Chaffin Luhana LLP,2
Chaiken & Chaiken P.C.,1
Chaiken Sherman Cammarata Siegel P.C.,1
Chaiken Sherman; Cammarata & Siegel,1
Chaikin Sherman Cammarata & Siegel,2
CHAIKIN SHERMAN CAMMARATA & SIEGEL,1
Chaikin Sherman Cammarata & Siegel PC,1
CHAIKIN SHERMAN CAMMARATA & SIEGEL;STUART D MARKOWITZ,1
Chaikin Sherman Cammarata Siegel,1
Chaikin Sherman Cammarata Siegel LLC,2
Chaikin Sherman Cammarata Siegel P.C.,1
Chaikin Sherman Cammarate & Siegel PC,1
Chaikin Sherman Cammarate & Siegel; PC,1
CHAIKIN SHERMAN CAMMERATE SIEGEL,1
Chaikin; Sherman; Cammarata & Siegel,5
Chaikin; Sherman; Cammarata & Siegel PC,1
Chaikin; Sherman; Cammarata Siegal,2
Chaikin; Sherman; Cammarata; & Siegel,1
Chain Cohn Stiles,3
CHAIN;COHN; STILES,1
Chakalos & Associates,1
CHALAT HATTEN KOUPAL & BANKER PC COLTAF,2
Challgren Law Firm,1
Chalmers & Nagel PC,1
CHALOS O'CONNOR & DUFFY; LLP - IOLTA,1
CHALOUPKA; HOLYOKE SNYDER,1
Chaloupka; Holyoke; Snyder; Chaloupka &,1
Chamberlain Law Firm Co.; LPA,2
Chambless Math Carr,1
Chambless Math Carr Law Firm,1
Chambless; Math; & Carr,1
Chambliss; Math; & Carr P.C.,1
Champ & Associates,6
Chan Law Firm,1
Chandler & McDonald PLLC;McDonald McKenzie Rubin Miller LLP,2
"Chandler, Mathis & Zivley, PC",2
Chantal J Harrington,41
CHANTAL J HARRINGTON,3
Chantal J Harrington Esq.,1
Chantal J. Harrington P.A.,5
"Chantal J. Harrington, P.A.",3
Chantal J. Harrington; P.A.,4
Chantal J. Harrington; PA,6
Chapa Law Group,1
Chaplin  Gonet,1
CHAPLIN &  GONET,1
Chaplin &  Gonet Law Office,1
Chaplin & Gonet,3
Chaplin & Gonet Law Firm,1
Chaplin & Papa PC,5
CHAPLIN & PAPA PC  DBA CHAPLIN & GONET,1
Chaplin and Gonet,1
CHAPLIN AND PAPA PC,1
Chapman & Bowling; LLC,1
CHAPMAN LEWIS & SWAN,1
CHAPMAN VALDEZ & LANSING,2
CHAPMAN-VALDEZ IOLTA ACCOUNT,1
"Charbonnet Law Firm, L.L.C.",1
CHARFOOS & CHRISTENSEN PC,2
Charfoos & Christenson PC,1
CHARFOOS AND CHRISTENSEN PC,1
Charla K Tadlock,1
CHARLA K TADLOCK,1
CHARLE E BINDER,1
CHARLENE A MORRING,2
Charles  Barr,1
Charles  Binder,2
CHARLES  BINDER,6
CHARLES  COUNSELL,1
Charles  Evans,1
Charles  Flaxman,1
CHARLES  FRATUS,1
CHARLES  GORMLY,1
Charles  Green,1
Charles  Holliday,1
Charles  Kugler,1
CHARLES  LAYCOCK,1
Charles  Martin,1
CHARLES  MERRILL,1
CHARLES  MERRILL;DRAKE LOEB HELLER KENNEDY GOGERTY GABA &,1
CHARLES  PARKER;JAMES D MAPP,1
Charles  Piccuta,1
CHARLES  SICKELS,4
CHARLES  SNYDERMAN,1
CHARLES  SURASKY,1
Charles  Talbot,1
CHARLES  TALBOT,5
Charles  Weiser,1
Charles A Banks,1
Charles A Frankovic,1
CHARLES A PIRRO,2
Charles A Robison,1
CHARLES A SCHUSTER;GROSS & SCHUSTER PA,1
Charles B Leeper,1
Charles Binder & Harry Binder,5
Charles Binder & Harry Binder Esqs,2
Charles Binder & Harry Binder LLP,1
Charles Binder & Harry Binder PC,1
Charles Binder & Harry J Binder LAW OFF,1
Charles Binder Law Firm,1
Charles C Adams,1
CHARLES C BELL,1
Charles C Smith,1
CHARLES C SMITH,1
Charles C. Parson & Associates,1
Charles D Hankey,37
CHARLES D HANKEY,8
Charles D Hankey Law Office PC,9
CHARLES D KELLEY,1
Charles D. Hankey Law Office PC;Keller & Keller,1
Charles D. Hankey Law Office; PC,73
CHARLES D. NAYLOR ATTORNEY AT LAW,1
Charles David  DuMond,1
Charles E Binder,177
CHARLES E BINDER,91
Charles E Binder & Harry Binder Law,1
Charles E Binder & Harry Binder Law Off,2
Charles E Binder & Harry J Binder,41
Charles E Binder & Harry J Binder LLP,4
Charles E Binder & Harry J Binder; Attys,1
Charles E Binder & Harry J. Binder,2
Charles E Binder and Harry J Binder,96
Charles E Binder and Harry J Binder Law,1
Charles E Binder and Harry J Binder LLP,2
Charles E Binder and Harry J. Binder,1
CHARLES E BINDER BINDER & BINDER;CHARLES F BINDER,1
CHARLES E BINDER PC,1
Charles E Binder; LLP,1
CHARLES E BINDER;HARRY J BINDER,2
CHARLES E BINDERS,1
Charles E Merrill,8
CHARLES E MERRILL,2
Charles E Vanture,2
Charles E Weiser,1
Charles E. Binder,1
"Charles E. Binder & Harry Binder, LLP",1
Charles E. Binder & Harry J. Binder,6
Charles E. Binder & Harry J. Binder Atty,1
Charles E. Binder & Harry J. Binder Esqs,1
Charles E. Binder & Harry J. Binder PC,1
"Charles E. Binder & Harry J. Binder, Attorneys at Law, LLP",1
"Charles E. Binder & Harry J. Binder, LLP",3
Charles E. Binder & Harry J. Binder; LLP,7
"Charles E. Binder and Harry J Binder, LLP",8
Charles E. Binder and Harry J. Binder,4
"Charles E. Binder and Harry J. Binder, Attorneys at Law, LLP",3
CHARLES E. BINDER ESQUIRE,1
Charles E. Binder et. al.; LLC,1
Charles E. Binder Harry J. Binder,3
Charles E. Binder PC,2
Charles E. Binder; Attorneys at Law,1
Charles E. Binder; PC,1
Charles E. Wagner and Associates,1
CHARLES F BINDER,1
Charles F Hall,8
Charles F Hall IV,1
Charles F Hall; IV,1
CHARLES F JOHNSON,1
Charles F. Hall; IV,1
CHARLES G JOHNSON,1
Charles G Justice,1
CHARLES G MILLS,1
Charles Gomezz Law Office; LLC,1
Charles H Brown,1
CHARLES H WAHTOLA,1
CHARLES HALL LAW FIRM,2
Charles Hammer LA,1
Charles Hankey Law Office,1
CHARLES J BINDER,1
CHARLES J BLUM,2
Charles J Ferrera,1
Charles J Fratus,1
CHARLES J FRATUS,1
CHARLES J MILLER,1
CHARLES J PATERNOSTRO-IOLTA,1
Charles J Pratus,1
CHARLES J VUCCI,1
CHARLES JOHN  MULLER III,1
Charles Kendall Harrell,1
CHARLES L FALGISTANO,1
Charles L Martin,2
CHARLES L MARTIN,9
CHARLES L MARTIN;MARTIN & JONES,2
CHARLES L MERZ;MCSWEENEY SLATER MERZ APC,2
Charles M Baron,1
Charles M Henter,1
Charles M Henter Esq.,1
CHARLES M STEVENSON,1
CHARLES M WILMER,2
Charles M. Aaron; PLC,1
"Charles M. Baron, P.A.",1
CHARLES MATTHEWS & ASSO,1
CHARLES P CIACCIO,1
CHARLES P ROBERTS,1
Charles R Burchett,6
Charles R Moore,1
CHARLES S GREEN,2
Charles S Green Jr PLC,1
CHARLES S LUCERO;LUCERO & GEORGE LLP TRUST,1
CHARLES S SCOTT,1
Charles S. Scott; Jr; Attorney at Law,1
Charles Sam Jones Law; LLC,1
CHARLES T HALL,1
Charles T Hall Law Firm,5
Charles T Hall Law Firm PC,8
CHARLES T HALL LAW FIRM PC,2
CHARLES T HALL LAW FIRM PC;KIMBERLY D BISHOP,1
Charles T Hall Law Firm; P.C.,1
Charles T Hall Law Firm; PC,1
CHARLES T HALL LAW FIRM;CHARLOTTE  HALL,1
CHARLES T HALL;CHARLOTTE  HALL,2
CHARLES T KELLY,1
Charles T. Hall Law Firm,2
CHARLES T. HALL LAW FIRM,1
Charles T. Hall Law Firm PC,1
Charles T. Hall Law Firm; P.C.,7
Charles T. Hall Law Firm; PC,16
CHARLES W BENNETT ESQ LLC,1
Charles W Campbell,1
CHARLES W CAMPBELL IOLTA ACCT,1
Charles W Coe,1
CHARLES W COE,1
CHARLES W COE CLNT'S FUND IOLTA TRT,1
CHARLES W COE IOLTA TRUST,1
Charles W Talbot,1
CHARLES W TALBOT,5
Charles W Talbot & Associates PS,2
Charles W. Coe Attorney at Law,1
Charles Wilkinson III PC,1
Charleston Legal Access,3
CHARLEY  GEE,1
Charlie Baglan & Associates,1
Charlie E Luceno,1
Charlie J Gillette,1
CHARLIE R Wooten,1
CHARLISA M POWELL,4
Charlotte  Hall,9
CHARLOTTE  HALL,5
CHARLOTTE  RODERIQUE,1
CHARLOTTE N SWEENEY,1
Charlotte W Hall,80
CHARLOTTE W HALL,43
Charlotte W. Hall,1
Charolotte W Hall,1
Charrier & Charrier,1
CHARTERED;RACINE OLSON NYE BUDGE & BAILEY,1
CHASE  FLORIN,4
Chase; Chase & Hammerschlag Law Firm,1
Chasen Boscolo Injury Lawyers,1
ChasenBoscolo,2
ChasenBoscolo Injury Lawyers,2
Chauncey D Henry,1
Chavez & De Leon; P.A.,1
CHAVEZ & VALKO LLP,1
Chavez Law,1
Chavez Law Group,1
Chavin Mitchell Shmuely PA,1
Chehardy Sherman Williams Murray,1
CHELLI & BUSH,1
CHELLI AND BUSH PC,3
Chelsea  Cangiano,1
Chelsea  Rengel,1
Chelsea W Rengel,3
Chemol & Fishman,1
Cheney Galluzzi & Howard; LLC,1
Chenoweth Law Group PC,1
Cheong Denove Rowell & Bennett,1
Cheong; Denove; Rowell & Bennett,1
Cheong; Denove; Rowell & Bennett;Law Offices of Dian Corwin,1
Cheong; Denove; Rowell & Bennett;Law Offices of Diane Corwin,3
Cheren and Associates,1
CHERI  ATTIX,1
Cherie  Paulus,1
Cherin Law Firm; PLLC,1
Cherly  Langston,1
Chermal & Fishman,1
Chermol & Fischman LLC,1
Chermol & Fishbaum; LLC,1
Chermol & Fisherman LLC,1
CHERMOL & FISHERMAN LLC,1
Chermol & Fisherman; LLC,1
Chermol & Fishman,56
CHERMOL & FISHMAN,1
Chermol & Fishman - Philadelphia,1
Chermol & Fishman LLC,224
CHERMOL & FISHMAN LLC,40
Chermol & Fishman LLC;Chermol & Fishman; LLC,1
"Chermol & Fishman, LLC",145
"Chermol & FIshman, LLC",1
"CHERMOL & FISHMAN, LLC",8
Chermol & Fishman; LLC,163
CHERMOL & FISHMAN; LLC,14
Chermol & Fishman; LLC;Chermol & Fishman; LLC (PAUL),1
Chermol & Fishman; LLC;Nyman Turkish,1
Chermol & Fishman; LLC.,1
Chermol & Fishman. LLC,2
Chermol & Fishmann; LLC,1
Chermol & Fisman; LLC,1
Chermol and Fishman,6
CHERMOL AND FISHMAN,3
Chermol and Fishman LLC,31
CHERMOL and FISHMAN LLC,3
"Chermol and Fishman, LLC",13
Chermol and Fishman; LLC,15
CHERMOL AND FISHMAN; LLC,2
Chermol and Fishmann; LLC,1
Cherundolo Law Firm,3
Cherundolo Law Firm PLLC;Williams & Rudderow PLLC,1
Cherundolo Law Firm;Williams & Rudderow PLLC,1
Cheryl  Langston,3
CHERYL  LANGSTON,5
Cheryl C Langston,1
CHERYL L LANGSTON,1
CHERYL LOUISE TRINO LAW FIRM LLC;TRINE & METCALF PC TR ACCT COLTAF,1
CHERYLE W GERING,1
Cheshire Parker Schneider PLLC,3
Chester H Morgan,1
Chester Law Group,1
CHESTNUT SANDERS  SANDERS & PETTAWAY,1
CHESTNUT SANDERS  SANDERS & PETTAWAY LLC,1
CHESTNUT SANDERS SANDERS & PETTAWAY,1
Chestnut Sanders Sanders & Pettaway LLC,2
CHESTNUT SANDERS SANDERS & PETTAWAY LLC,1
CHESTNUT SANDERS SANDERS & PETTAWAY LLC;CONLON FRANTZ & PHELAN,1
Chestnut Sanders Sanders Pettaway LLC;Conlon Frantz & Phelan,1
CHESTNUT; SANDERS;  SANDERS & PETTAWAY LLC,1
CHESTNUT; SANDERS;  SANDERS & PETTAWAY LLC;PIGFORD,1
CHET G BOUDREAUX,1
CHET GROSECLOSE PROF LLC,1
CHET R BHAVSAR,1
Chewning Legal LLC,7
Chhabra & Gibbs PA,1
"Chhagan, Douglas, Drachler, McKee & Gilbrough",1
Chiacchia & Fleming LLP,1
"Childers, Schlueter & Smith, LLC",1
"Childers, Schlueter, & Smith, LLC",1
"Childers, Schlueter, and Smith LLC",1
CHILES & ASSOCIATES,1
Chimes District of Columbia; INC.,1
Chinese Newcomers Service Center,1
Chionuma Law Firm; LLC,1
Chitwood & Fairbairn; PA,1
Chitwood and Fairbairn; PA,1
CHIURAZZI  MENGINE LLC,1
Chivinsky Law Firm,1
Choate & Haith,1
Choate Law Firm LLC,2
CHOATE LAW FIRM LLC,1
Choate Law Firm LLC;Janoff Law,1
CHOBEE  EBBETTS,1
Chopin Law Firm; L.L.C.,1
CHOULOS CHOULOS & WYLE LLP,1
Chrastil Law,1
CHRIS  CHANDLER,1
CHRIS  DEPALMA;KENNEDY JOHNSON D'ELIA & GILLOLY TR ACCT,1
Chris  Duncan,1
CHRIS  LUTZ,1
Chris  Noel,5
CHRIS  NOEL,2
CHRIS  SPROUL,1
CHRIS  WARD,1
CHRIS A CHOUTEAU,1
CHRIS A CORNAGHIE;JOHN E GOUGH,1
Chris Carey,1
CHRIS F GRAY,1
Chris K Gober,1
Chris Kenney Law,1
Chris Noel,1
Chris Pettit & Assoc,6
CHRIS PETTIT & ASSOCIATES PC IOLTA,1
Chris R Noel,7
CHRIS R NOEL,1
CHRIS S MASON;WEBB BURNETT CORNBROOKS IOLTA ACCT TR,1
"Chris Wiest, Attorney at Law, PLLC",1
Christa A McGill,2
CHRISTA K BAUER,1
CHRISTAL  WARZ,1
Christensen & Jensen PC,1
Christensen Hsu Sipes LLP,1
"Christensen Hsu Sipes, LLP",2
Christensen James & Martin,1
Christensen Law Offices,1
CHRISTENSON LAW FIRM,1
Christi B McDaniel,1
CHRISTI B MCDANIEL,1
Christian  Silva,1
CHRISTIAN  SILVA,1
Christian  Thomas,1
CHRISTIAN & SMALL LLP,1
CHRISTIAN ASHIN & BROWN PC,3
CHRISTIAN C CREED,1
Christian C Thompson,1
CHRISTIAN C THOMPSON,1
CHRISTIAN GEORGE  VERGONIS;JONES  DAY,1
Christian J Hoey,2
Christian Morris Trial Attorneys,1
Christian S Herzeca,1
Christian Samson & Baskett,1
"Christian, Ashin, & Brown PC",1
Christian; Ashin & Brown,1
Christian; Ashin and Brown; P.C.,1
Christiana E Mann,1
CHRISTIE  MCDANIEL,1
Christie Farrell Lee & Bell,2
Christie; Parker; & Hale,1
Christina  DiEdoardo,1
CHRISTINA  JIMENEZ,1
Christina  Pendleton,1
Christina A Rodriguez,1
Christina K Hurnyak,1
CHRISTINA M CARRANO,2
Christina Rivenbark & Associates,2
CHRISTINA S NACOPOULOS,1
Christina S Nacopoulos; Esquire,1
Christina S Nacopoulous,1
CHRISTINA V KAZHE,1
Christine  Chance,1
CHRISTINE  CHANCE,1
CHRISTINE  CHANCE;WILBUR & ASSOCIATES PC,1
CHRISTINE  SCHLEUSS,1
Christine A Carlino,1
CHRISTINE B HILL,2
CHRISTINE L ZAREMSKI-YOUNG,1
CHRISTINE M NAPER,1
Christine M Smith,1
CHRISTINE M VALKENBURGH,1
CHRISTINE P BENAGH,1
CHRISTOPHER  ARAGONA,1
Christopher  Baker,1
CHRISTOPHER  BAZELEY,1
CHRISTOPHER  BENT,1
CHRISTOPHER  BENT LLC,1
CHRISTOPHER  BOLLEN,1
CHRISTOPHER  BOWES,1
Christopher  Caputo,1
Christopher  Deem,1
Christopher  Dellert,1
CHRISTOPHER  DELLERT,4
Christopher  Ferrara;Greg H. Takase,1
CHRISTOPHER  FOX;OKLAHOMA BAR ASSN-IOLTA,1
Christopher  Hedrick;The Dickerson &  Smith Law Group,1
CHRISTOPHER  HUDOCK,1
CHRISTOPHER  JAMES BOWES,1
Christopher  Lyons,2
CHRISTOPHER  LYONS,1
Christopher  Marts,1
CHRISTOPHER  McCOOL;JOYE LAW FIRM,1
CHRISTOPHER  MCJUNKIN,1
CHRISTOPHER  MEYER,1
CHRISTOPHER  MYERS,1
Christopher  Pashler,1
CHRISTOPHER  SPROUL,1
CHRISTOPHER  THEISEN;CLIENT TRUST ACCT,1
CHRISTOPHER  WOOLFOLK,5
CHRISTOPHER A DIAS,3
Christopher B Edwards,1
Christopher C Fallon;Cozen  O'Conner IOLTA,1
Christopher D Frey,1
Christopher D Latham,2
CHRISTOPHER D LEE,1
Christopher D Mauriello,1
CHRISTOPHER D THORPE,1
Christopher D Wyant,1
Christopher E Pashler,2
CHRISTOPHER G MOORMAN,1
CHRISTOPHER G WINTER,2
Christopher H Dellert,11
CHRISTOPHER H DELLERT,11
Christopher H Sherwood,1
CHRISTOPHER H SHERWOOD,1
CHRISTOPHER J ADAMS,1
CHRISTOPHER J ADAMS;KENNETH S NUGENT P.C.,1
Christopher J Bowers,1
Christopher J Bowes,241
CHRISTOPHER J BOWES,34
CHRISTOPHER J BOWES ESQ,1
Christopher J Bowes Esq.,8
Christopher J Bowes;Severance Burko Spalter Masone PC,1
CHRISTOPHER J BRASCO;WATT TIEDER HOFFAR & FITZGERALD TR ACCT,1
CHRISTOPHER J BRESTER,2
Christopher J Cassar,1
Christopher J O'Rourke,2
CHRISTOPHER J PROTENIE;THE RAWLINGS COMPANY LLC,2
CHRISTOPHER J SHAKER;SHAKER & SHAKER LLP,1
CHRISTOPHER J SULLIVAN,1
Christopher J Tinley; P.C.,1
CHRISTOPHER J TODD,1
CHRISTOPHER J TROMBETTA,1
CHRISTOPHER J ZACHAR,1
Christopher James  Bowes,4
CHRISTOPHER JAMES  BOWES,1
Christopher James Bowes,1
"Christopher James Bowes, Esq.",1
Christopher K Thompson,1
Christopher L Coats,2
Christopher L Giddings,1
Christopher M Rodriguez;Michael I Rodriguez,1
Christopher M Rogers,1
Christopher Meyers & Associates,1
Christopher Myers & Associates,1
CHRISTOPHER P JANES,1
Christopher P Janes;Florida BarIOTA  Account Michles & Booth PA,1
CHRISTOPHER P JANES;MICHLES & BOOTH PA,1
CHRISTOPHER P JANES;MICHLES & BOTH PA IOTA ACCT,1
Christopher P McClintik,1
Christopher P Williams,4
Christopher Paul  Koupal,1
Christopher R Alger,2
CHRISTOPHER R ALGER,2
Christopher R Baker,1
Christopher R Dean,1
Christopher R Sillari,1
Christopher S Bouslog,1
Christopher S CIACCIO,1
CHRISTOPHER S ROBERGE,2
Christopher S Russomanno,1
CHRISTOPHER T GRACE,1
CHRISTOPHER T HILL,1
Christopher T Lyons,1
Christopher T. Yanda; PC,1
Christopher Trainor and Associates,1
Christopher W Peterman,2
Christopher Warren  Goode,1
Chronister; Fields & Flake PLLC,1
Chronister; Fields & Flake; PLLC,1
Chrysti  Bryant,1
Chrysti L Bryant,1
Chubb & Son,2
CHUCK  MCRAE;MCRAE LAW,1
CHUCK  PARDUE,1
Chuck R Pardue,1
Church Church Hittle & Antrim,1
Church Rietzke Johnson PLLC,1
Church State Council,1
Church; Harris; Johnson & Williams; P.C.,1
Chute O'Malley Knobloch & Turcy,1
Cibik & Cataldo PC,1
Cicalese Jaguar Law Firm; PC,1
CICCHIELLO & CICCHIELLO,1
CICCHIELLO AND CICCHIELLO LLC,1
CICCIELLO AND CICCIELLO CLIENTS FUND,1
Ciccone Coughlin Law Associates Inc,1
Ciconte Scerba LLC,1
Cincinnati Insurance Company,1
CINDY  FLUXGOLD,1
Cindy Goldstein PA Trust Acct o/b/o Geor,1
Ciresi Conlin LLP,2
CIRIGNANI HELLER  & HARMAN LLP,1
Cirignani Heller  Harman LLp Client Trust Fund;Deborah A Alroth,1
CIRIGNANI HELLER & HARMAN LLP,2
Cirignani; Heller & Harman; LLP,1
CIRMA,1
CITIZENS OF PENN FUTURE,1
City Law  Group,1
City Law Group,1
Civil Rights Defense Firm PC,1
"Civil Rights Law Group, LLC",1
CJM Financial LLC,1
CK Quade Law; PLLC,1
CKR Law; LLP,2
Claessens Law,1
Clague  Van Slyke,1
Claim Resource Services,1
Claim Resources Services; Inc,1
Claims For You Inc.,1
Claims Management Center,1
Claims Management Inc.,1
Claims Management Resources,5
Claims Management Resources Inc,1
Claims Recovery Specialists; LLC,1
Claims Resource  Services,1
Claims Resource Services,29
CLAIMS RESOURCE SERVICES,1
Claims Resource Services Amer,1
Claims Service Corporation,1
Clancy and Walter; PLLC,1
CLARA R SMIT,1
CLARENCE  KEKINA,1
CLARENCE S.K.  KEKINA,1
Clarick Gueron Reisbaum LLP,6
CLARISA  SOLA;CLARISA  SOLA-GOMEZ,1
Clark  Ovruchesky,1
CLARK  RICHTER,1
Clark & Bellamy Attorneys at Law,1
Clark & Bradshaw,3
Clark & DiStefano,2
Clark & DiStefano; P.C.,1
Clark & Martino PA,1
CLARK & MARTINO PA,1
Clark & Martino; P.A.,3
Clark & Mitchell,1
Clark & Mitchell P.C.,1
Clark & Mitchell PC,2
CLARK & MITCHELL PC TRUST ACCT,1
"Clark & Mitchell, PC",1
Clark & Mitchell; PC,2
"Clark & Platt, CHTD",1
CLARK & RACKLIN; LTD. TRUST ACCOUNT,1
CLARK & WATSON PA TRUST ACCOUNT;DEWAYNE L CLARK ESQ CLARK & WATON PA,1
CLARK AND MITCHELL; P.C.,1
Clark H Davis,1
Clark Hill,2
Clark Hill PLC,1
Clark Hill PLLC;Rothman Gordan PC,187
Clark Hill Strasburger,1
Clark Hill; PLC,4
Clark Law Group; PLLC,3
CLARK NEWTON & EVANS LLP TR ACCT;DONALD  EVANS,1
CLARK PARTINGTON HART & HART,1
"Clark, Fountain, Littky-Rubin & Whitman",1
Clark; Fountain; La Vista; Prather & Lit,1
Clark; Gagliardi & Miller; P.C.,2
CLARKE & ASSOCIATES PLLC,1
CLARKE & ASSOCIATES;MILLICENT Y CLARKE,1
Class Action/Multiple Claimant Attorneys,36
Claude  Bleser,1
Claudete  Salinas,2
CLAUDIA  VALENZUCLA,1
CLAUDIA  VALENZUELA,1
CLAUDIO  HEREDIA,1
Clausen & Moore Law Firm,3
CLAUSEN LAW FIRM; PLLC,1
Clausen Law Offices,1
Clausen Miller PC,4
Clawson Fargnoli Utsey,2
CLAY  RAGSDALE,1
Clay Chapman Iwamura Pulice & Nervell,1
CLAYTON  IKEI;JERRY P.S.  CHANG,1
Clayton Myrick McClanahan & Coulter PLLC,1
Clayton Myrick McClanahan & Courter PLLC,1
CLAYTON R DAVIS,1
CLCMA,3
Clean Air Task Force,3
Clearfield and Kofsky,1
Clearfiield & Kofsky,1
Cleary Gottlieb Steen & Hamilton LLP,3
CLEARY;GOTTLIEB; STEEN & HAMILTON LLP,1
Clem Lyons; P.C.,2
CLEMENTINE  JOSEPHSON,1
CLEMENTS; BEKMAN;  MARDER & ADKINS LLC;PAUL D BEKMAN,1
"Clerkin , Sinclair & Mahfouz LLP",1
CLERKIN &  SINCLAIR,1
CLERKIN & SINCLAIR LLP,5
Clerkin & Sinclair; LLP,9
CLERKIN & SINCLAIR; LLP,1
"Clerkin &Sinclair & Mahfouz, LLP",1
Clerkin and Sinclair and Mahfouz LLP,1
Clerkin Sinclair  & Mahfouz,1
Clerkin Sinclair & Mafouz,1
Clerkin Sinclair & Mahfouz,43
CLERKIN SINCLAIR & MAHFOUZ,1
Clerkin Sinclair & Mahfouz LLC,1
Clerkin Sinclair & mahfouz LLP,1
Clerkin Sinclair & Mahfouz LLP,212
CLERKIN SINCLAIR & MAHFOUZ LLP,8
CLERKIN SINCLAIR & MAHFOUZ LLP USAA,2
"Clerkin Sinclair & Mahfouz, LLP",17
"Clerkin SInclair & Mahfouz, LLP",1
"CLERKIN SINCLAIR & MAHFOUZ, LLP",1
Clerkin Sinclair & Mahfouz; LLP,11
CLERKIN SINCLAIR & MAHFOUZ; LLP,2
Clerkin Sinclair & Manhfouz; LLP,1
Clerkin Sinclair & Nahfouz LLP,1
Clerkin Sinclair and Mahfouz,8
Clerkin Sinclair and Mahfouz LLP,18
Clerkin Sinclair and Mahfouz; LLP,1
Clerkin Sinclair Mahfouz,5
CLERKIN SINCLAIR MAHFOUZ,1
Clerkin Sinclair Mahfouz LLP,10
CLERKIN SINCLAIR MAHFOUZ LLP,1
Clerkin Sinclair Mahfouz; LLP,1
Clerkin Sinclar & Mahfouz,1
Clerkin Sinclare & Mahfouz LLP,1
"Clerkin, Sinclair",1
"Clerkin, Sinclair &  Mahfouz, LLP",1
"CLERKIN, SINCLAIR & LLP",1
"Clerkin, Sinclair & Mafouz, LLP",1
"Clerkin, Sinclair & Mahfouz",16
"Clerkin, SInclair & Mahfouz",1
"CLERKIN, SINCLAIR & MAHFOUZ",3
"CLERKIN, SINCLAIR & MAHFOUZ LLC",1
"Clerkin, Sinclair & Mahfouz LLP",15
"CLERKIN, SINCLAIR & MAHFOUZ LLP",2
"Clerkin, Sinclair & Mahfouz LLP.",1
"Clerkin, Sinclair & Mahfouz, LLP",105
"Clerkin, SInclair & Mahfouz, LLP",4
"CLERKIN, SINCLAIR & MAHFOUZ, LLP",3
"Clerkin, Sinclair & Mahmouz, LLP",1
"Clerkin, Sinclair and Mahfouz",1
"Clerkin, Sinclair and Mahfouz LLP",1
"Clerkin, Sinclair and Mahfouz, LLP",6
"Clerkin, Sinclair and MahFouz, LLP",1
"Clerkin, Sinclair, & Mahfouz",10
"CLERKIN, SINCLAIR, & MAHFOUZ",1
"Clerkin, Sinclair, & Mahfouz LLP",4
"Clerkin, Sinclair, & Mahfouz, LLC",1
"Clerkin, Sinclair, & Mahfouz, LLP",15
"Clerkin, Sinclair, and Mahfouz",2
"Clerkin, Sinclair, and Mahfouz, LLC",1
"Clerkin, Sinclair, Mahfouz",1
"Clerkin, Sinclair, Mahfouz LLC",2
"Clerkin, Sinclair& Mahfouz",1
CLERKIN; SINCLAIR  & MAHFOUZ; LLP,1
Clerkin; Sinclair & Mafouz,2
Clerkin; Sinclair & Mafouz; LLP,1
Clerkin; Sinclair & Mahfouz,54
CLERKIN; SINCLAIR & MAHFOUZ,4
Clerkin; Sinclair & Mahfouz for USAA,2
Clerkin; Sinclair & Mahfouz LLO,1
Clerkin; Sinclair & Mahfouz llp,1
Clerkin; Sinclair & Mahfouz LLP,67
CLERKIN; SINCLAIR & MAHFOUZ LLP,12
Clerkin; Sinclair & Mahfouz LLP;Clerkin; Sinclair & Mahfouz; LLP,1
CLERKIN; SINCLAIR & MAHFOUZ LLP;YOUNG; WARD & LOTHERT PLC,4
Clerkin; Sinclair & Mahfouz; LLC,1
Clerkin; Sinclair & Mahfouz; LLP,151
CLERKIN; SINCLAIR & MAHFOUZ; LLP,17
Clerkin; Sinclair & Mahfouz; LLP;Encompass Insurance Company;Macmillan Scholz & Marks,1
Clerkin; Sinclair & Mahfouz; LLP;USAA,1
Clerkin; Sinclair & Mahfouz; LLP.,1
Clerkin; Sinclair & Mahfouz. LLP,1
Clerkin; Sinclair & Mahouz; LLP,1
Clerkin; Sinclair & Malfouz; LLP,1
Clerkin; Sinclair & Muhfouz; LLP,1
Clerkin; Sinclair &Mahfouz;LLP,1
Clerkin; Sinclair + Mahfouz,1
Clerkin; Sinclair and Mahfouz,1
Clerkin; Sinclair and Mahfouz LLP,3
CLERKIN; SINCLAIR AND MAHFOUZ LLP,1
Clerkin; Sinclair and Mahfouz; LLC,1
Clerkin; Sinclair and Mahfouz; LLP,5
Clerkin; Sinclair USAA;Law Firm of Clerkin; Sinclair & Mahfouz,1
Clerkin; Sinclair; & Mahfouz,7
CLERKIN; SINCLAIR; & MAHFOUZ,2
Clerkin; Sinclair; & Mahfouz LLP,9
Clerkin; Sinclair; & Mahfouz; LLC,1
Clerkin; Sinclair; & Mahfouz; LLP,20
Clerkin; Sinclair; & Mahfouz;LLP,1
Clerkin; Sinclair; & Mahfouz. LLP,1
Clerkin; Sinclair; and Mafouz; LLP,1
Clerkin; Sinclair; and Mahfouz,1
CLERKIN; SINCLAIR; AND MAHFOUZ,1
Clerkin; Sinclair; and Mahfouz LLP,3
CLERKIN; SINCLAIR; AND MAHFOUZ LLP,1
Clerkin; Sinclair; and Mahfouz; LLP,3
Clerkin; Sinclair; Mahfouz,4
Clerkin; Sinclair; Mahfouz LLP,2
Clerkin; Sinclair; Mahfouz USAA,1
Clerkin; Sinclair; Mahfouz; LLC,1
Clerkin; Sinclair; Mahfouz; LLP,9
Clerkin; Sinclair& Mahfouz,1
Clerkin;Sinclair;Mahfouz,1
CLIENT FUNDS (PJK; LTD),1
CLIENT TR ACCT OF THE LAW OFFFICE OF;HAGLUND KELLEY HORNGREEN JONES &;MATHEW E MAIMSHEIMER;WILDER LLP-IOLTA,1
CLIENT TR;SEAN K CLAGGETT & ASSO ATTORNEY,1
CLIENT TRUST ACCOUNT;JAIME ALVARADO ATTORNEY AT LAW,1
CLIENT TRUST ACCOUNT;SEDEY HARPER PC,1
CLIENT TRUST ACCOUNT;STEPHEN  GRAYSON;STEPHEN P GRAYSON APC ATTORNEY,1
CLIENT TRUST FUND OF G YATES;GREGORY A YATES,1
Cliff  Farrell,15
CLIFF  FARRELL,1
CLIFF W MARCEK,1
Cliff W. Marcek; P.C.,1
Clifford  Farrell,14
CLIFFORD  FARRELL,5
Clifford & Raihala,1
Clifford & Raihala SC Trust Acct,1
Clifford & Raihala; S.C.,2
Clifford D Ferrell,1
CLIFFORD D FERRELL,1
Clifford Farrell,1
Clifford Law Offices,1
Clifford M Farrell,9
CLIFFORD M FARRELL,3
CLIFFORD SCOTT ESCROW ACCT,1
CLIFTON L BRINSON;MITCHELL & JERNIGAN LLP;SMITH ANDERSON BLOUNT DORSETT,1
CLIMMONS & ASSOCIATES PC,1
CLINE FARRELL  CHRISTIE & LEE P.C.,1
Cline Farrell Christie & Lee,1
CLINE FARRELL CHRISTIE LEE & CARESS PC;KATHY A LEE,1
Cline Law Office,1
CLINT  BRASHER,1
Clint  McGue,1
Clinton & Peed PLLC,1
Clinton Brook & Peed,2
Clinton Brook & Reed,1
Clinton D Hubbard,1
Clive Rivers Esq Law Offices,2
Cloom Law Firm,1
Clore Law Group,1
CLORE LAW GROUP,1
Cloud Ryan & Rouse; LLC,1
CLYDE C DEAN,1
CMG Law,1
CNA Financial Corporation,1
CNP Law Firm; PC,2
Coan & Lyons,318
COAN & LYONS,2
COAN & LYONS;HOLLAND & KNIGHT LLP,3
Coans & Lyons,3
Coast Law Group,1
COAST LAW GROUP LLP,1
COASTAL LEGAL AFFILIATES; PC,1
Coastline Law Group PLLC;Environmental Protection Agency,2
Coats & Todd Law; PC,1
Coats & Todd; P.C.,2
Coats and Todd PC,1
Coats and Todd; PC,1
Cobert Haber and Haber LLP,1
Cobian Associates; LLC,1
Coblentz Patch Duffy & Bass,1
Coblentz Patch Duffy & Bass LLP,1
Coburn & Greenbaum PLLC,1
Cochran & Chhabra; LLC,2
COCHRAN AND MONTGOMERY;JAMES M SANFORD,1
Cochran Firm DC,3
Cockayne Law,1
Cody N. Gayer; PLLC,1
Coffey & Nichols,1
COHEN & COHEN,1
COHEN & COHEN PC,1
Cohen & Cohen; P.C.,1
Cohen & Fitch LLP,1
Cohen & Fitch; LLP,1
Cohen & Greene; P.A.,1
Cohen & Malad LLP,1
Cohen & Malad; LLP,1
COHEN & PADDA,2
COHEN & THIROS,1
COHEN AND COHEN TRUST #2,1
Cohen and Cohen; PC,1
"Cohen and Malad, LLP",1
Cohen Blostein & Ayala; P.A.,10
COHEN GARELICK & GLAZIER,2
Cohen Kinne Valicenti & Cook LLP,1
Cohen Milstein Sellers & Toll,1
Cohen Milstein Sellers & Toll PLLC,6
Cohen Mohr; LLP,1
Cohen Seglias Pallas Greenhall,1
Cohen Seglias Pallas Greenhall & Furman,10
COHEN SEGLIAS PALLAS GREENHALL & FURMAN,2
Cohen Seglias Pallas Greenhall et al,1
Cohen Seglias Pallas Greenhall Furman PC,1
Cohen Seglias PC,1
Cohen Snyder Eisenberg & Katzenberg PA,1
Cohen; Cohen; Leighton & Rodney PC,1
Cohen; Placitella & Roth; P.C.,1
Cohen; Salk & Hoffman; P.C.,1
COHEN; SEGLIAS;  PALLAS; GREENHALL & FURMAN,1
Cohen; Seglias; Pallas; Greenhall & Fur,1
Cohen; Snyder; Eisenberg & Katzenberg PA,1
Cohn & Dussi,1
Cohn and Dussi; LLC,1
Cohn Law Group,1
Cohn Lifland Esqs.,2
COHN; SMITH & COHN; P.A.,1
Cok Kinzler PLLP,2
COK WHEAT & KINZLER PLLP,1
Coker; Schickel; Sorenson & Posgay; P.A.,1
Coker; Schickel; Sorenson; Posgay; et al,1
Coker;Schickel;Sorenson;Posgay;Cronin & Maxwell; LLC;Shulman; Rogers; Gandal; Pordy & Ecker,1
Cokinos Young,1
Cokinos-Young,2
COLBERT LAW FIRM LLC;JANELLE  RYAN-COLBERT,1
Colburn Law,1
COLBY B KUVARA,1
Cole & Valkenburgh PC,1
Coleman Law Firm,21
COLIANNI & COLIANNI,1
Colin  Bell,1
Colin  O'Dawe;Kalfus & Nachman PC,1
Colin E Kemmerly,1
COLIN E KEMMERLY,3
COLIN L MCMICHEN;MANUEL & THOMPSON PA,1
Collette  Adkiins,1
COLLETTE L ADKINS GIESE,1
COLLEY SHROYER & ABRAHAM CO LPA,1
Colley Shroyer & Abraham Co.; LPA,1
Colley; Shroyer & Abraham Co. LPA,1
Collier and Collier; PC,1
Collier-Benagh Law,1
Colling Gilbert Wright,1
Colling Gilbert Wright & Carter,1
Colling Gilbert Wright & Carter LLC,1
Colling Gilbert Wright & Carter; LLC,3
Colling Gilbert Wright PLLC,1
"Colling Gilbert Wright, PLLC",1
Colling; Gilbert; Wright & Carter,1
Collins & Collins,1
Collins & Collins P.C.,5
Collins & Collins PC,3
Collins & Hasseler Law PLLC,3
"Collins & Hasseler Law, PLLC",1
Collins & Hasseler Law; PLLC,1
Collins & Hasseler PLLC,1
"Collins & Hasseler, PLLC",1
Collins and Hasseler Law; PLLC,4
Collins Law Team,1
"Collins, Hasseler & Simser Law, PLLC",3
COLLISON & O'CONNOR,1
Colombo Law,1
"Colonna, Doyle & Simeola",1
Colorado Lawyer TRT Acct. FNDTN Western;Geoff  Hickcox,1
Colorado Lawyer Trust Acct FNDT Western,1
COLORADO LAWYER TRUST ACCT.,1
COLORADO LAWYERS TRUST ACCT,1
COLORADO PRISON LAW PROJECT TRUST ACCT,1
COLSON HICKS EDISON TRUST ACCT,1
COLSON HICKS EDISON TRUST ACCT;EDWIN A GONZALEZ,2
Colson; Hicks; Eidson; P.A.,1
COLTAF ANDREW T BRAKE PC TRUST ACCT,1
Colvin & Hallett Inc. P.S.,1
Colvin & Hallett PS,1
COLVIN + HALLETT,1
COLVIN CHANEY SAENZ & RODRIGUEZ,1
Colyn B. Desatnik APLC,1
COMBOY; MCKAY LAW FIRM,1
COMER LAW FIRM,2
Comerford Law Office,5
Comerford Law Office LLC,2
COMERFORD LAW OFFICE LLC,1
Comerford Law Office; LLC,1
Commer Law Firm,1
Commercial Truck Claims Management,1
Commonwealth Accident Injury Law PC,1
Commonwealth Law Group,2
Commonwealth Law Group; PLC,1
Compton Law Group,1
Compton Law PC,1
CONBOY MCKAY  BACHMAN & KENDALL LLP,1
CONBOY MCKAY BACHMAN & KENDALL,1
Conboy McKay Bachman & Kendall LLP,1
CONBOY MCKAY BACHMAN & KENDALL LLP,6
Conboy McKay Law Firm,13
CONBOY McKAY LAW FIRM,1
CONBOY MCKAY LAW FIRM,2
Conboy; McKay  Law Firm,1
Conboy; McKay Law Firm,8
CONBOY; McKAY LAW FIRM,1
CONBOY; MCKAY LAW FIRM,10
Conboy; McKay LLC PFAF,1
CONBOY; MCKAY;  BACHMAN & KENDALL LLP,1
Conboy; McKay; Bachman,1
Conboy; McKay; Bachman & Kendall; LLP,2
CONBOY;MCKAY  BACHMAN & KENDALL,1
Conerly Bowman & Dykes LLP,1
Confidence Legal - Attorneys at Law,1
"Conger Law, Inc.",1
Conger Law;Law Office of Lien T. Tram;The Simon Law Group; LLP,3
Conlee Schmidt & Emerson,1
Conlee; Schmidt & Emerson,2
Conley Griggs Partin LLP,1
Conlon Frantz & Phelan,1
CONLON FRANTZ & PHELAN,1
Conlon Frantz & Phelan LLP,1
CONLON FRANTZ & PHELAN LLP,6
CONLON FRANTZ & PHELAN LLP;DAVID J FRANTZ,2
CONLON FRANTZ & PHELAN;DAVID J FRANTZ,1
CONLON; FRANTZ  & PHELAN LLP,1
CONLON; FRANTZ & PHELAN,1
CONLON; FRANTZ & PHELAN LLP,1
CONNECTICUT  LEGAL SERVICES,1
Connecticut Law Services,1
Connecticut Legal Services,6
CONNECTICUT LEGAL SERVICES,1
Connecticut Legal Services - Bridgeport,2
Connecticut Legal Services Inc,2
CONNECTICUT LEGAL SERVICES INC,2
CONNECTICUT LEGAL SERVICES INC;JOHN P SPILKA,1
"Connecticut Legal Services, Inc",1
Connelly Kaercher Law Offices,1
Connelly Law Office PLLC,1
"Connelly Law Offices, PLLC",1
Connelly Law Offices; PLLC,3
CONNELLY ROBERTS & MCGIVENEY,1
Conner & Winters LLP;Marzulla Law,21
Connie J Quintero,1
Connolly Law,1
"Connor & Conner, LLC",1
Connor & Connor,1
"Connor & Connor, LLC",1
Connor & Connor; LLC,1
Connor Lee & Shumaker PLLC,1
Connors LLP,2
Conorman Law Office; P.A.,1
Conrad Law; PC,1
CONSERVATION NORTHWEST;TIMOTHY  PRESO,1
CONSTANGY BROOKS & SMITH LLP,2
Constellation Energy Nuclear Group; LLC,3
Constitution State Service,2
Constitution State Services,5
CONSUMER DEFENSE ATTORNEYS;OFFICE OF THOMAS D RUTLEDGE,1
"Consumer Justice Center, P.A.",1
Consumer's Law Group,1
Conway & Kirby PLLC,1
Conway Stoughton LLC,1
Conybeare Law Office; P.C.,1
Cook & Logothetis; LLC,1
Cook Barkett Ponder & Wolz LC,2
Cook Law & ADR; PLLC;Gregerson; Rosow; Johnson & Nilan; Ltd.,1
Cook Law Group,1
Cook Law Office,1
COOK; YSURSA BARTHOLOMEW; BRAUER,1
Cook; Ysursa Law Firm,1
COOLEY  SUBLET PLC,1
Cooley LLP,3
COOLEY LLP,1
COOLEY LLP STATE BAR TRUST ACCT,1
Cooley; LLP,2
Cooney & Conway A Professional Corp.,1
Cooper & Bender; P.C.,1
Cooper & Kirk,12
Cooper & Larsen; Chtd.,1
COOPER & NELSON; LLP,1
COOPER & SCHAFFER LLC,1
COOPER & SCHALL; P.C.,1
Cooper and Bender PC,1
Cooper and Larsen; Chartered,1
Cooper Hurley Injury Lawers,1
Cooper Hurley Injury Lawyers,1
Cooper Hurley PLLC,2
Cooper Law Firm,1
Cooper Law Firm; PLLC,1
"Cooper Law, PLC",1
Cooper Levenson April Niedelman,1
Cooper Strickland,1
Coplan & Crane LTD,1
Coplan & Crane; LTD,2
Copley Roth & Wilson LLC,1
Copper Canyon Law,1
Corban  Gunn,1
CORBETT LAW FIRM; P.C.,1
Corbett Rights P.C.,1
"Corbett Rights, P.C.",1
Corbin B. Gordon PC,1
Corboy &  Demetric PC,1
Cordatis LLP,3
Cordatis; LLP,1
Cordell Law Office,2
Cordisco Saile LLC,1
Corette Black Carlson & Mickelson,1
Coretti Law Firm,1
Corey J Mowrey,1
Corey J Mowrey; Rieders Travis Law Firm,1
CORISH HILL AND ASSOCIATES PLLC,1
Corless Barfield Trial Group,3
Cornelius & Collins; LLP,1
Cornelius C Camarena,1
CORNELIUS C CAMARENA,2
CORNELL & ASSOCIATES TRUST ACCOUNT;DAVID  NEWMAN,1
Cornell and Associates; P.A.,1
Cornell Law;Larry D Helvey,1
Corporate Claim Management,1
Corr Cronin LLP,1
Corr Downs PLLC,2
Corr Downs PLLC Ward,1
"Correia & Puth, PLLC",1
Correia & Puth; PLLC,5
CORRIE  YACKULIC,4
Corrigan Bennett & Belfort PC,1
CORS & BASSETT,1
Cortinez Law Firm,1
Corwin Law Group,1
CORY A BIRNBERG,1
CORY A BIRNBERG; ESQ,1
Cory Watson Attorney,1
Cory Watson Attorneys,11
Cory Watson P.C.,1
Cory Watson PC,1
COSGROVE EISENBERG KILEY PC CLIENT ACCT,1
COSME LAW Office  PLLC;R Linda  Cosme,1
Cosmich; Simmons & Brown; PLLC,1
Cosse Law Firm LLC,1
Costa Ivone LLC,1
Costello & Mains; LLC,1
COSTELLO PORTER HILL HEISTERKAMP,1
"Costello, Porter, Hill, et al.",1
Costello; Porter; Hill; Heisterkamp,1
Cotchett; Pitre & McCarthy LLP,1
Cotchett; Pitre & McCarthy; LLP;Earthrise Law Center,2
COTE LIMPERT & VAN DYKE,1
Cotton Law Firm; PC,1
COTTON LAW FIRM; PC,1
Cottonwood Environmental Law Center,2
Cottonwood Environmental Law Center;Western Environmental Law Center,1
Couch & Associates; PC,1
"Coughlin & Gerhart, LLP",1
Couhig Partners; LLC,2
"Countrywide Trial Lawyers, APLC",2
COURTNEY  TEASLEY,1
COURTNEY  THORNTON,1
COURTNEY  THORNTON;GREENSPAN; HITZEL AND SCHRADER,1
COURTNEY  VALE LYON,1
Courtney E Morgan,1
Courtney L Strange,1
Courtney Law Firm,1
Courtney Teasley; Attorney at Law,1
Coveney Law; LLC,1
COVINGTON & BURLING,1
Covington & Burling LLP,13
COVINGTON & BURLING LLP,4
Covington & Burling LLP;Crowell & Moring LLP,2
"Covington & Burling, LLP",1
Covington & Burling; LLP,1
Covington & Burling;Frederic M Levy,1
Cowan & Hilgeman,1
Cowan & Hilgerman,1
Cowan & King;Sweeney Law Firm,3
COWAN MOORE; PLLC,1
Cowen Peacock,1
"COWEN RODRIGUEZ PEACOCK, P.C.",1
COX COX FILO CAMEL & WILSON,1
COX COX FILO CAMEL & WILSON; LLC,1
Cox Fricke LLLP,1
Cox Fricke LLP,1
Cox Hallett Wilkinson Limited,1
Coy  Brewer,1
"Coyle & Benoit, PLLC",1
Coyne; Von Kuhn; Brady & Fries; LLC,1
Cozen  O'Connor,1
COZEN  O'CONNOR,2
COZEN  O'CONNOR;COZEN O'CONNOR,1
COZEN & O'CONNOR,1
COZEN AND O'CONNOR,1
Cozen O?Connor,1
Cozen O' Connor,1
Cozen O’ Connor,1
Cozen O'Connor,12
Cozen O’Connor,1
COZEN O'CONNOR LAW FIRM,1
Cozen O'Connor P.C.,1
Cozen O'Connor; LLP,1
CPLS; PA,1
Crag Law Center,5
CRAG LAW CENTER,3
CRAG LAW CENTER IOLTA,1
Craig  Crispin,1
CRAIG  DURHAM;FERGUSON  DURHAM,13
CRAIG  GENTRY;MORRIS BART LLC,1
CRAIG  GOLDENFARB,1
CRAIG  HOUSMAN,3
CRAIG  JARVIS,1
Craig  Kaufman,1
CRAIG  LEVIN,1
Craig A Altman,1
CRAIG A ALTMAN PC,1
CRAIG A GENTRY,1
Craig A Jarvis,5
CRAIG A JARVIS,4
CRAIG A KRONER ATTY CLIENT TR ACCT,2
Craig A. Gentry/Morris Bart LLC,1
CRAIG H SEGALL,2
CRAIG J SQUILLACE,1
CRAIG KELLEY & FAULTLESS,1
CRAIG KELLEY & FAULTLESS LLC,2
CRAIG L HOLCOMB LLC;HOLCOMB & STRAILE LLC ESCROW ACCT,1
CRAIG L STAPLES,2
Craig Law Center,1
CRAIG M BLITZER,1
CRAIG N COWART,1
Craig P Keup,1
CRAIG P WARD,1
Craig R Fishman,1
Craig Swapp & Assoc,1
Craig Swapp & Associates,5
CRAIG SWAPP & ASSOCIATES,1
Craig Swapp & Associates; LLC,1
CRAIG T JONES,1
Craig W Carlson,2
Craig W Drummond,1
CRAIG W HOUSMAN,1
CRAIG/is Ltd,2
Craig/is Ltd.,1
Craige Brawley Liipfert & Walker LLP,1
Cram Valdez Brigman & Nelson; LLP,1
Cramer & Anderson LLP,1
Cramer & Peavy,1
Cramer Johnson Wiggins & Assos. Inc.,1
Crandall & Katt,2
Crandall & Katt Attorneys at Law,2
CRANDALL & KATT;PATRICK  FENNEL,1
Crandall & O'Neill PS,1
Crandall & Pera Law LLC,1
Crandall Law LLC,1
Crandall O'Neill Imboden & Styve,1
CRANE DUNHAM PLLC,1
Cranwell & Moore PLC,2
Crary; Clark & Domanico,1
"Cravath, Swaine & Moore, LLP",1
Cravens & Noll PC,1
Cravens Law LLC,1
Crawford & Cogburn,2
Crawford & Company dba Praxis Consulting,1
CRAWFORD ALLEN  ROSE,1
Crawford Law Offices,1
CRAWFORD LAW OFFICES; LLC IOLTA TRUST,1
CRAWLEY  KEMP,1
Crawley M Kemp,1
Creed & Creed Attorneys at Law,1
Creedon  & Gill PC As Attorneys for,1
Creedon & Feliciani PC,1
CREEDON & GILL; PC,1
Creighton & Rose,1
Creighton & Rose PC,2
Crenshaw; Ware & Martin; PLLC,1
Crew Janci LLP,10
CREWS & PESQUERA; PA,1
Criado Law Group,2
CRISHON  JORDAN,1
Crisp & Page; PLLC,1
Crisp Law Firm,1
Crisp Page & Currin LLP,2
CRISP PAGE & CURRIN LLP,2
CRISP; PAGE  CURRIN; LLP;CRISP; PAGE & CURRIN; LLP,1
Cristina D Commisso,1
Cristobal  Bonifaz,1
CRISTOBAL  BONIFAZ,2
Critchfield; Critchfield & Johnston,1
"Critton, Luttier, Coleman",1
Cromer Babb & Porter,1
Cromer Babb Porter & Hicks,1
Cronin & Maxwell,13
CRONIN & MAXWELL,1
CRONIN & MAXWELL P L,1
Cronin & Maxwell PL,6
CRONIN & MAXWELL PL,3
CRONIN & MAXWELL PL IOTA,1
Cronin & Maxwell PL Trust Account,1
CRONIN & MAXWELL PL;JOHN J SCHICKEL,1
Cronin & Maxwell PLLC,1
"Cronin & Maxwell, PL",2
Cronin & Maxwell; LLC,1
Cronin & Maxwell; P.L.,4
CRONIN & MAXWELL; P.L.,2
Cronin & Maxwell; PL,15
CRONIN & MAXWELL; PL,1
Cronin & Maxwell; PL;Shulman; Rogers; Gandal; Pordy & Ecker,1
Cronin E Maxwell,1
CRONIN FRIED SEKIYA  FAIRBANKS CLNT TRT ACCOUNT;RICHARD L FRIED,1
Cronin Fried Sekiya Kekina & Fairbanks,3
CRONIN FRIED SEKIYA KEKINA & FAIRBANKS,2
Cronin Fried Sekiya Kekina Fairbanks,1
Cronin Law Firm,1
Cronin; Fried; Sekiya; Kekina&Fairbanks,1
Crosby  Gladner,1
Crosby & Gladner,1
Croson Taub & Michaels PLLC,1
CROSS & BENNETT LLC,1
CROSS & BENNETT LLC;JOSEPH F BENNETT,1
CROSS & BENNETT TR ACCT,1
CROSS & KEARNEY,1
CROSS & KEARNEY LLP,1
Cross & Kearney PLLC;Stein Mitchell Cipollone Beato & Missner,2
Crotty & Son Law Firm; PLLC,2
Crow and Associates,2
Crow Law Firm,1
Crow; Reynolds; et al,1
Crowder Stewart,1
Crowder Stewart LLP,2
Crowder Stewart; LLP,1
Crowe & Dunlevy,2
Crowe & Mulvey LLP,1
CROWE & MULVEY; LLP;RINGLER ASSOCIATES NORTH SHORE; INC,1
CROWE AND MULVEY LLP,1
Crowell & Moring,2
Crowell & Moring DC,1
Crowell & Moring LLC,1
Crowell & Moring LLP,72
CROWELL & MORING LLP,1
Crowell and Moring; LLP,1
Crowley & Gribble; P.C.,1
Crowley Ahlers & Roth CO.; L.P.A.,3
Crowley Fleck Law,1
Crowley Fleck; PLLP,1
"Crowley, Ahlers & Roth Co., L.P.A.",1
"Crowley, Ahlers & Roth, Co., LPA",1
Crowley; Ahlers; & Roth CO; LPA,1
Crowley; Ahlers; & Roth CO.; LPA,1
Crowson Law Group,8
"Crozier & Rogers, PLLC",1
Crumley  Roberts,2
Crumley Roberts,2
Crumley Roberts LLO,1
CRUMLEY ROBERTS LLP,1
Cruz & Associates,1
Cruz Injury Lawyer,1
"Cruz Injury Lawyers, PC",1
Crystal Chase,1
Crystle; Allen; & Braught LLC,1
CSAA Insurance Exchange,1
CSAA;Paragon Subrogation Services,1
CSJR LAW,1
CSS Commercial,1
Culberth & Lienemann LLP,1
Culbertson Law Group PLLC,1
Culbertson; Jacobs & LaBoda; PLLC,1
CULBRETH SCHROEDER LLP,1
CULL & CULL,1
Cullenberg & Tensen; PLLC,1
Culpepper Kurland; PLLC.,1
"Culver Legal, LLP",1
CUMMINGS LAW FIRM PA TR ACCT;HUMPHREYS S CUMMINGS,1
Cunliffe & Cook,1
CUNNINGHAM & MEARS;RYAN  CUNNINGHAM,1
Cunningham Bounds LLC,1
CUNNINGHAM BOUNDS LLC TRT ACCOUNT,1
CUNNINGHAM LAW FIRM TRUST ACCOUNT,1
Cunningham Law Group,2
Cunningham Law Group P.C.,1
Cunningham Law Group; P.C.,3
Cunningham Law Group; PC,1
Curcio Law,1
Curd; Galindo & Smith; LLP,1
CURD; GALINDO AND SMITH; LLP,1
Curley Immigration Law PC LLO,1
Curley Law Office-Nebraska Lawyer Trust,1
Curran &  Whittington PLLC,1
Curran &  Whittington PLLC;Matt  Adams Northwest Immigration,1
Curran C. Dempsey; PLLC,1
Curran Legal Services Group Inc,1
Curran; Hollenbeck & Orton SC,1
CURRIER & TRASK PA,1
CURRIER AND  TRASK PA,1
Curry Johnson & Myers PA,1
Curry Law Group,1
CURTIS  ARTHUR Thurston,1
CURTIS  IHLER,1
Curtis & Co Law Firm,1
Curtis & Co. Law Firm,1
Curtis D Cannon,1
CURTIS G THOMPSON,1
CURTIS H HATFIELD,2
Curtis Heinz Garrett & O'Keefe PC,1
Curtis Hussey,1
CURTIS K CUKJATI;DREW S RICHMAN;MARTIN CUKJATI & RICHMAN LLP,1
CURTIS L. SOILEAU LAW FIRM; PLLC,1
Curtis Law Group,1
CURTIS LAWGROUP P.C.,1
Curtis Lee,1
CURTIS LEGAL GROUP,1
Curtiss N Lein,2
CUSHMAN LAW OFFICES P S,1
Custard Insurance Adjusters,1
Cuti Hecker Wang LLP,1
CUTLER & HILL  CLIENT FUND ACCOUNT;DAVID P CUTLER,1
CUTLER & HULL,1
Cutlip Law Office,1
Cutter Hall Karlock,1
Cutter Hall Karlock LLC,4
Cutter Hall Karlock; LLC,2
Cutter Law Firm; PLC,1
Cutter Law PC,1
Cynthia  Unglesbee,1
CYNTHIA  VALENZUELA,1
Cynthia A Bryant;David M Duwel,1
Cynthia Chihak & Associates,2
Cynthia L Hawkins,1
CYNTHIA L POLLICK;THE EMPLOYMENT LAW FIRM IOLTA ATT TR,2
Cynthia M Currin,3
CYNTHIA M CURRIN,7
"Cynthia N. Sass, PA",1
Cynthia R Hirsch,1
Cynthia Rowe  D'Antonio,1
Cynthia Rowe D'Antonio PLLC,2
Cyrus  Safa,3
CYRUS  ZAL,1
D & Z Law Group; LLP,1
D Brian  Allen,1
D GREGORY  SAKALL;GOLDBERG & OSBORNE IOLTA,1
D J Tree,1
D J TREE,2
D James  Tree,14
D JAMES  TREE,8
D JAMES  TREE;STEVE  ANDERSON,1
D JASON  CHILDRESS;WILLIAM  MCDONALD NICHOLS,1
D L PETERSON  TRUST,1
D Lance  Tillinghast,1
D LANCE  TILLINGHAST,2
D Russell  Thomas,3
D THOMAS LAW OFFICES LTD;DOUGLAS E THOMAS,1
D Tyler Nabors  Crumley Roberts,1
"D W Story & Associates, Inc",1
D W Story and Associates,1
D?Amour Francis LLC,1
D. James  Tree,6
D. JAMES  TREE,7
D. JEFFREY  EZRA,1
D. LINK  LADUTKO,1
D.G.  Tyler;Danny J Cook,1
D.W. Story & Associates,3
D.W. STORY & ASSOCIATES,1
D.W. Story & Associates Inc,1
D.W. Story & Associates; Inc.,1
D.W. STORY ASSOCIATES; INC,1
D'Amato Law Firm; P.C.,1
D'AMORE  LAW GROUP;EMILY F TERRIQUEZ,1
D'Amore Law Group P.C.,1
"D'Arcy Johnson Day, P.C.",1
D'Elia Gillooly DePalma LLC,1
D'Elia; Gillooly; DePalma; LLC,1
D&W Law Group,2
Dachille and Associates,1
DAG Law Firm,1
Dahlberg Law Group LLC,1
Dailey Disability Law; PC,1
Daily & Woods,1
Daily Disability,1
DAINEN N PENTA;SPENCER ANDERSON & BUHR PLL,1
DALE  BUCHANAN & ASSOC,1
DALE  KASOFSKY,4
DALE  KASOFSKY;LAW OFFICE OF DALE KASOFSKY,1
Dale  Martin,3
DALE  PUGH;SAWAYA ROSE AND KAPLAN PC,1
Dale  Robbins,1
DALE A HILMEN ATTORNEY AT LAW,1
DALE BUCHANAN & ASSOCIATES,1
DALE BUCHANAN AND ASSOCIATES PC,3
DALE C JOHNSON,1
Dale Kasofsky Law Office PC,1
Dale L Buchanan,2
DALE L BUCHANAN,2
Dale L Buchanan & Associates,1
DALE LANE  BUCHANAN,1
Dale M Fiola,1
DALE M MUSILLI,1
DALE M. DORIUS; ATTORNEY AT LAW,1
Dale Williams Law Firm; PLLC,1
Daley  DeBofsky & Bryant;David A Bryant,1
DALEY DDB,1
DALEY DEBOFSKY & BRYANT,5
DALEY DEBOFSKY & BRYANT;FREDERICK J DALEY,1
Daley Disability,3
Daley Disability Law,37
Daley Disability Law P.C.,4
DALEY DISABILITY LAW P.C.,1
Daley Disability Law PC,50
DALEY DISABILITY LAW PC,5
Daley Disability Law PC;Law Offices of Barry A. Schultz P.C.,1
"Daley Disability Law, P.C.",8
"Daley Disability Law, PC",2
Daley Disability Law; P.C.,47
DALEY DISABILITY LAW; P.C.,1
Daley Disability Law; PC,28
Daley Disability; Law; P.C.,4
Daley Disbility Law,1
DALEY; DEBOFSKY & BRYANT,1
Dallas W. Hartman; P.C. Attorneys at Law,1
Dalrada Financial Cor/Tipton Law Offices,1
DALRYMPLE & LEDET  ATTORNEYS,1
Dalton & Associates,1
Damage Recovery Unit,1
"Damian, Valori, Culmo LLP",1
Damiani & Damiani,1
DAMIANI & DAMIANI PC,1
DAMIANI LAW GROUP APC,1
Damiani Law Group; APC,1
DAMIEN  SCHIFF;PACIFIC LEGAL FOUNDATION,1
Damien  Yervasi,1
DAMIEN M SCHIFF,1
DAMON C WLODARCZYK; P.A.,1
Dan  Edelman,1
Dan  Munley,1
Dan  Steinway,3
DAN  STEINWAY,1
Dan  Stewart,1
Dan  Weingarten,1
Dan A Goldberg,1
DAN E WEST,1
DAN M BROOKHART,1
Dan Marlowe Law,1
DAN N FIORITO,1
Dan Newlin & Partners,2
Dan Newlin Injury Attorney,1
Dan Newlin Injury Attorneys,5
Dan Newlin Injury Attorneys; PA,1
Dan Newlin Partners,1
Dan Wilson & Associates,1
Dan Zohar P.A.,1
DANA  OLSON,1
Dana W Duncan,6
DANA W DUNCAN,7
Dane Shulman Associates; LLC,1
"Dang Law Group, PLLC",1
Danial O Laird,1
Daniel  Berger,1
DANIEL  BERGER,1
DANIEL  BEVERE,1
DANIEL  BRINK;SWANSON THOMAS & COON,1
Daniel  Cagan,1
Daniel  Crowley;Law Office of Robert M Bone,1
DANIEL  DELUCA,1
Daniel  DiazGranados,1
DANIEL  EDWARDS,1
DANIEL  EMERY,1
DANIEL  HESTER,1
Daniel  Jones,4
DANIEL  JONES,2
DANIEL  JONES;HARRY J. BINDER & CHARLES E. BINDER,1
Daniel  Kaiser,1
Daniel  Margolskee,1
DANIEL  MAYERS,1
Daniel  Mayes,4
DANIEL  MAYES,2
DANIEL  MAYS,1
DANIEL  MONAHAN;TEXAS RIO GRANDE LEGAL AID INC,1
Daniel  Moran,1
Daniel  O'Brien,1
DANIEL  PARMELE,2
DANIEL  PIPITONE,1
Daniel  Richardson,1
Daniel  Schultz,1
Daniel  Scialpi,1
Daniel  Silver;Robin  Banister,1
Daniel  Skaar,1
Daniel  Tanenbaum,1
Daniel  Yauger,2
Daniel A Parmele,6
DANIEL A PARMELE,8
Daniel A Parmele Law,1
Daniel A Skaar,3
DANIEL A SKAAR,1
DANIEL A TORRES;JAVIER  VILLARREAL,1
Daniel C Gloria,1
Daniel D Geoulla,1
Daniel Daniluk; LLC,1
Daniel E Goldberg;Law Offices of Daniel E. Goldberg,1
DANIEL E GOODMAN,1
Daniel E Hunt,2
Daniel Emery Attorney at Law,1
Daniel Emery Law Office,1
DANIEL F HORNE;STONE & HORNE LLP TRUSTEES,1
Daniel F Read,1
DANIEL G BLACKBURN;DAVIS & FIELDS PC IOLTA,1
Daniel G Cahill,1
DANIEL G HEPPNER,2
DANIEL G KAY ATTORNEY AT LAW TR ACCT,1
Daniel G Romano,1
Daniel G Romano PLLC,1
Daniel G. Romano PLLC,1
DANIEL J CANON;GARRY R ADAMS,1
DANIEL J CLARK;VORYS SATER SEYMOUR & PEASE LLP,1
Daniel J Devine,2
Daniel J Goldberg;John D McChesney,1
DANIEL J HORGAN;HORGAN  LAW OFFICES,1
Daniel J Melcalfe,1
Daniel J Metcalfe,2
DANIEL J NEWLIN,1
DANIEL J PAUL,1
DANIEL J RYAN;THOMAS P RYAN,1
"Daniel J. Newlin, PA",1
Daniel L Crandall,1
DANIEL L FREELAND;JEFFREY  FRIEDMAN,1
DANIEL L LIEBFELD,1
DANIEL L ROBINSON;GRAY; ROBINSON; RYAN & FOX TR,1
Daniel M Belov,1
Daniel M Bradley,1
Daniel M Graham Law Offices,1
Daniel M Keil,1
DANIEL M PEREZ ATTY TRUST ACCT,1
Daniel M Roddy,1
DANIEL M RODDY,1
DANIEL M ROSENFELT,1
DANIEL M SOLOWAY,1
Daniel M. Delluomo Law Firm,1
Daniel M. Soloway; PA,2
DANIEL P BARRERA,1
Daniel P Hoffey,1
Daniel P Massey,2
DANIEL R BIEGER,1
DANIEL R DENTON PC,1
DANIEL R FREDLAND,1
DANIEL R FROST,1
DANIEL R LAURENCE,1
Daniel R Lindsey Law Firm,1
DANIEL R MARTINEZ,1
Daniel R Shephard,1
DANIEL R WHITMORE,1
Daniel R Y  Fong,1
DANIEL S BRILL;JULES A GRANDJEAN,2
Daniel S Flickinger,1
Daniel S Jones,6
DANIEL S JONES,4
Daniel S Jones Esq.,1
Daniel S Lenz,1
DANIEL S LENZ,1
Daniel S Rosen,1
DANIEL S ROSEN,6
Daniel Sylvester  Jones,1
DANIEL T LEHIGH,1
Daniel W Emery,23
DANIEL W EMERY,22
DANIEL W EMERY ATTORNEY AT LAW,3
DANIEL W EMERY;DANIEL W EMERY ATTORNEY AT LAW,4
DANIEL W MAYES,1
DANIEL W NODURFT,2
DANIEL W WARE;WARE LAW FIRM PLLC CLIENT TRUST,1
Daniel W. Emery Attorney At Law,1
"Daniel, Holoman & Associates LLP",1
DANIELA  LABINOTI,3
DANIELA LABINOTI;SCHERR & LEGATE PC IOLTA TR;SCHERR LEGATE & EHRLICH PLLC,1
Danielle  Underkoffler,1
Danielle Beaver Inc,1
DANIELLE BEAVER INC,1
Danielle R Beaver,2
Daniels-Fine-Israel-Schonbuch-Lebovits,1
Dankner; Milstein; & Ruffo PC,1
DANN  PECAR;NEWMAN & KEIMAN PC,1
Dann Sheffield & Associates,3
DANOCORP INC PREMIUM ACCT;DAVID  DOMINA,1
Dansie &  Dansie; LLP,1
DARCI Y MCMAINS,1
Darcie  Laue,1
DARIO YACKER SUAREZ & ALBERT LLC,1
Darleen M. Jacobs; APLC,1
Darlene M Jacobs,1
Darlene Rohr Law,1
Darnail  Lyles,1
Darrel R Rustigian,1
Darrell  Sammons,1
Darrell R Banks,2
DARRELL S ELLIOTT,1
DARREN  AITKEN,1
Darren  O'Quinn;Sean  Doolan,1
DARREN T RACKLEY,4
DARREN T RACKLEY;GAYLE L TROUTMAN,1
DARREN T RACKLEY;MARK E BUCHNER,1
Darrigo & Diaz PA  Diaz PA;Eduardo D Jimenez,1
Darrigo Diaz & Jimenez PA,1
Darrin  Forte,1
Darryl B. Freedman; Injury Law Corp,1
Darryl L Thompson,1
Darryl M Breaux,1
Daryl  Christopher,1
Daryl  Royal,1
Daryl C Royal,2
Dashevsky; Horwitz; Kuhn & Novello; P.C.,1
Daspit Law Firm,1
Dathan Weems Law Firm; LLC,1
Davana Law Firm APLC,1
Davd L. Horne PLLC Disability Law Center,1
DAVID  ANTHONY BORNHORST,1
DAVID  ANTHONY BUFALINI,1
David  Askman,2
David  Banas,7
DAVID  BANAS,1
David  Baron;Earthjustice Attorney Client Trust Fund,1
David  Bower,1
David  Camp,1
David  Cataness;The Lawcol Corporation Premium Trt Acc,1
David  Chermol,21
DAVID  CHERMOL,10
DAVID  COLVIN,1
David  Cory,1
David  Duwell,1
David  Eichholz,1
DAVID  FAGEN,1
David  Gantt,1
DAVID  GANTT,2
DAVID  GARCIA,1
DAVID  GARFIELD,1
DAVID  GAVIN,1
DAVID  GIAMPETRONI;KANJI & KATZEN PLLC,1
DAVID  GIBSON,1
David  Gordon,1
David  Gray,3
David  Guiterrez,1
DAVID  HALL,1
David  Hanchey,2
David  Henderson,5
David  Hensler;Douglas  Crosno,1
David  Hicks;Law Office of Wonyoung Kim,1
David  Holdsworth,1
DAVID  HOLDSWORTH,2
David  Horowitz,1
DAVID  JOSEPH LINDEN,1
David  Kashani,1
DAVID  KIM,1
DAVID  KIM;DAVID KIM KIM & ASSOCIATES,1
David  Kopstein,1
David  Kornfeld,2
DAVID  KORNFELD,6
DAVID  KORNFIELD,2
David  Kuznicki,3
DAVID  KUZNICKI,2
David  Leads,1
David  Leeds,1
DAVID  LEIGHTTY,1
DAVID  LINE,1
DAVID  LOWRY,1
DAVID  LOY,1
David  Lybbert,5
DAVID  LYBBERT,12
David  Mason,1
DAVID  MOULE,3
David  Najdowski,1
DAVID  NAKATSU,1
David  Namba,35
DAVID  NAMBA,53
DAVID  NEWSOME;THOMAS  BARRETT,1
David  Oberdick,2
DAVID  OLIVER,1
David  Pasti,1
David  Raimondo,1
DAVID  RICKSEEKER & WOODLEY & MCGILLI,3
DAVID  ROBINSON,2
David  Rohlf,1
David  Rouda,1
David  Shaffer,1
David  Shapiro,1
David  Spencer,1
DAVID  STRANGE,2
DAVID  SUTTERFIELD;SUTTERFIELD LAW OFFICES PC,1
David  Traver,3
DAVID  TRAVER,4
David  Turlington,1
DAVID  WALKER,1
DAVID  WALKER;NEBLETT;BEARD; & ARSENAULT,1
David  Weber;Pinkert  Law Firm,1
DAVID  WENC,1
DAVID  WESTERMANN,3
David  Wilson,2
David & Asociates PLLC,1
David & Associates,1
David & Associates PLLC,1
David & Associates; PLLC,1
DAVID A AIKENS,1
David A Angier,1
DAVID A ARCHULETA;JOHN R POLK,1
DAVID A BLACK;FRED T STAPP;HARRELL & HARRELL,1
David A Bornhorst,5
DAVID A BORNHORST,3
DAVID A BORNHOST,1
DAVID A BRANCH  & ASSOCIATES PLLC,2
David A Branch & Assoc PLLC,1
David A Bryant,1
David A Bufalini,1
DAVID A BUFALINI,2
David A Chase,3
DAVID A CHICARELLI IOLTA ACCOUNT,1
DAVID A DEJARNETT,1
DAVID A HERMAN,2
David A Horton,2
DAVID A KOTWICKI;DAVID A KOTWICKI PLC,1
David A Krausz,1
David A Namba,9
DAVID A NAMBA,9
David A Rose,1
David A Schooler,1
David A Simpson,1
DAVID A SIMPSON PA;SIMPSON LAW FIRM,1
David A Simpson;Ringler Associate  Inc Trust Account,1
David A. Branch & Assoc.; PLLC,1
David A. Branch & Associates; PLLC,2
David Allen and Associates,1
DAVID AND ASSOCIATES,1
David and Associates P.L.L.C,1
David and Associates PLLC,1
David and Associates; P.L.L.C.,1
David and Philpot; P.L.;Samuel P King,3
DAVID ANTHONY  BORNHORST,2
DAVID ANTON  ARMENDARIZ;DMCA PARTNERSHIP GROUP LLP,1
David Aylor Attorney-IOLTA,2
David Aylor Law Offices,1
David B Condon,2
David B Goetz,8
David B Graham,1
DAVID B GROFF;WILLIAM P TINKLER,1
David B Horne,1
DAVID B LOWERY,1
David B Lowry,10
DAVID B LOWRY,43
DAVID B LOWRY;ERIC P ALLEN,1
DAVID B LUNSFORD;MARK R STAUN,1
David B Sacks,1
David B Spear; Esquire,1
David B Wagner,1
David B Wilson,1
DAVID B WILSON,2
DAVID B WINKLER,1
David Banas,2
David Bell Law Firm,1
DAVID C ANDERSON,2
David C Bean;Garrett Law  Office PC Trt Account,1
David C Force,1
DAVID C FORCE;DAVID C FORCE IOLTA LAWYER TRUST ACCOUNT,1
DAVID C FREDERICK;KELLOGG HUBER HANSEN TODD EVANS &,1
David C French,1
David C Hill,1
David C Martin,1
DAVID C MCMILLIN,1
David C Rees,1
David C Siegel,1
DAVID C WELLS,1
"David Camp, Access Disability LLC",1
David Chermol; Attorney at Law,1
David D Berry,4
DAVID D BERRY,2
DAVID D BERRY;JILL  AUGUSTINE,1
David D Camp,12
DAVID D CAMP,1
DAVID D DOYLE,1
David DiBrigida,1
David Duwel,1
DAVID E ALEXANDER;RACINE LAW OFFICE,1
David E Buckley Law Offices,1
DAVID E CHERMOL,1
DAVID E GORDON,1
David E High,2
DAVID E HIGH TTEE IOLTA,2
David E Jones,1
David E Schneller,1
David F Baron,2
David F Barton,1
David F Chermol,97
DAVID F Chermol,1
DAVID F CHERMOL,64
David F Hall,1
David F Makkabi,1
David F Rudwall,1
David F Traver,15
DAVID F TRAVER,13
DAVID F TRAVER;TRAVER & TRAVER SC,1
David F Turlington,1
DAVID F. CHERMOL ESQUIRE,1
David Feldman Law Office APC,1
David G Clunie,1
David G Dreis,2
David G Dreis Disability Benefits Law,1
David G Kingsbury,1
David Graham & Stubbs LLP,6
DAVID H APPLEYARD,1
David H Becker,1
David H Gray,1
DAVID H M GRAY,1
David H Marsh,1
David H Maybank; Jr.,1
David H Ricks & Associates,1
David H. Pierce & Associates; PC,1
DAVID H.M.  GRAY,1
DAVID HENDERSON LAW OFFICE,1
David Henderson Law Offices,5
DAVID HENDERSON TRT ACC,1
DAVID HENDERSON TRUST ACCOUNT,1
DAVID HENDERSON TRUST ACCT,1
David Holdsworth,1
David Horowitz PC,2
David Horowitz; P.C.,1
David I Shroyer,1
DAVID J BATTON;KEVIN D WATLEY,1
David J Clegg,1
DAVID J JARAMILLO;MARIA  TOUCHET;NM IOLTA GADDY JARAMILLO LAWYERS,1
DAVID J LAUDANO,1
David J Linden,7
DAVID J LINDEN,4
David J Martin,1
DAVID J MARTIN,1
David J Minkin,1
DAVID J. HERNANDEZ AND ASSOCIATES,1
David J. Raimondo & Associates,1
David K Cuneo,1
DAVID K INSCHO,1
DAVID L GORDON;STEVEN R BAER,1
DAVID L HUDGINS,1
David L Hunter,1
David L Kramer,1
DAVID L LAYCOCK,1
David L Lybbert,2
DAVID L LYBBERT,4
David L Shurtz,2
DAVID L THOMAS,1
DAVID LEE  ZURAVEL,1
DAVID M CROSS,2
DAVID M DEUTSCH,1
DAVID M DEUTSCH CO LPA,1
David M Deutsch;Nancy A Roberson,2
David M Duwel,2
DAVID M DUWEL,1
DAVID M FREEMAN,1
DAVID M HOLLAR,1
David M Kopstein,1
David M Lopez,1
DAVID M NESTER,1
DAVID M ROER,1
David M Russell,1
David M Sturman,1
David M. Hollar PLLC,1
DAVID M. PICCOLO PA,1
DAVID M. PICCOLO; PA,1
DAVID MOULE ATTORNEY AT LAW CLNT TRT ACC,1
David N Damick,3
DAVID N DAMICK,2
David N Darnell,1
DAVID N GREER,1
David N Harris Jr Law Firm PLLC,2
DAVID N KORNFELD,1
David N. Damick Law Offices,1
David Nevarez Attorney Counselor at Law,1
David Newsome JR,1
David O Irving;Gerardo  Vazquez-Mentado;Peter  O'Brian Dellinger,1
DAVID O LEHMAN,1
David P Beeson,1
David P Beeson;JMW Settlements; Inc.,1
David P Dekle,1
DAVID P DOHERTY,1
DAVID P HORTON,1
David P Kashani,2
David P Kozma,1
David P Leeper,1
David P Maivald,1
David P Meyer,1
DAVID P MORGAN,1
David P Rosenblatt,1
David P Sheldon,1
DAVID P SHELDON,1
David P Sheldon Law Offices PLLC,1
David P. Miller Attorney at Law,1
David R Chermol,1
David R Farney,1
DAVID R JORDAN,1
David R Jordan Law Offices PC,1
David R Marshall; Attorney at Law,1
DAVID R SCHWARTZ,1
David R Smith,1
David R Smith;Deborah  Nickson,2
David R Sullivan,1
DAVID R SWANICK,1
David R Swanick;Florida Bar Foundation Inc,1
DAVID R THOMPSON,1
David Randolph Smith & Associates,1
David Rees Law Offices PC,2
DAVID ROSEN & ASSOCIATES,1
David Rosen & Associates; P.C.,1
David Rosen & Associates; PC,1
DAVID S BERGSTRALH;GALLANT & PARLOW PC,1
David S Davis,1
DAVID S DESSEN,1
DAVID S DOYLE;Marcus Law Firm Trustee,1
David S Greene,1
David S Kaufman,1
David S Kohm & Associates,1
DAVID S KOHM & ASSOCIATES,1
David S Lipschultz;Goldberg Weisman & Cario Ltd,1
David S Nenner,1
DAVID S PENNINGTON;WRIGHT LAW CO LPA,1
DAVID S SIMON,1
DAVID S VOGEL,1
David S. Kohm,1
DAVID S. KOHM & ASSOCIATES,2
David Schuler Jr,1
David Shaffer Law; PLLC,2
DAVID T ALTENBERN,1
David T Bonfiglio,4
DAVID T BONFIGLIO,4
DAVID T BONFIGLIO PC IOLTA TR,1
David T Duncan,1
DAVID TRAVER FOR TANGELA B. JONES,1
DAVID W BARLOW LLLC CLNT TRT ACCOUNT,1
David W Bergquist PLLC,1
DAVID W BOUCHARD PC,1
David W Glasser,2
David W Proudfoot,1
DAVID W TIFFANY;RANDY M GROSSMAN,2
David W Whipple,1
DAVID W WHITE,1
David; Kamp & Frank; L.L.C.,2
Davidson & Heirs; P.A.,1
DAVIDSON; JONES & SUMMERS,2
Davies Claims Solutions,1
Davies Pearson PC,1
DAVIES PEARSON PC IOLTA TR ACCT;RICHARD H BENEDETTI,1
Davies Pearson; P.C.,2
Davil  Vasquez,1
DAVINA  FRENCH,1
Davis & Davis,1
DAVIS & DAVIS,1
Davis & Davis PLLC,2
DAVIS & DAVIS; LLP,1
Davis & Eppstein; PC,1
DAVIS & FERBER,2
Davis & Fields; P.C.,1
Davis & Gelshenen LLP,1
Davis & Gelshenen LLP;United Healthcare of Wisconsin Inc,1
DAVIS & HERSH LLP,1
Davis & Santos PC,1
DAVIS & VANWAGENEN,1
Davis and VanWagenen,1
Davis George Mook LLC,4
Davis Graham & Stubbs LLP,3
Davis Kelin Law Firm,1
"Davis Kelin Law Firm, LLC",1
Davis Kelin Law Firm; LLC,2
DAVIS L LIVINGSTON TRUST ACCT,1
Davis Law Firm,10
DAVIS LAW FIRM,2
Davis Law Firm IOLTA,1
Davis Law Group PA,1
Davis Law Group; PLLC,1
Davis Law Office; PC,1
Davis Law PSC,1
Davis Levin Livingston,7
DAVIS LEVIN LIVINGSTON,1
DAVIS LEVIN LIVINGSTON CLN'T TRT ACCOUNT,1
DAVIS MURRELLE LYLES & HUBER PA;JANET M LYLES,1
Davis Polk & Wardwell,1
DAVIS SAPERSTEIN & SALOMON PC,1
"Davis Solutions, LLC",3
Davis W. Smith,1
Davis Wright & Tremaine LLP,1
Davis Wright Tremaine LLP,3
DAVIS WRIGHT TREMAINE LLP,2
Davis Wright Tremaine LLP;Nicholas A Kampars,1
"Davis Wright Tremaine, LLP",1
Davis Wright Tremaine; LLP,1
"Davis, Agnor, Rapaport Skalny, LLC",1
"Davis, Saperstein & Salomon, P.C.",1
"Davis, Saperstein & Salomon, PC",1
"Davis, Saunders and Miller",1
Davis; Levin & Livingston,1
Davis; Murrelle & Lyles PA,1
Davis; Murrelle & Lyles; P.A.,1
Davis; Saperstein & Salomon; P.C.,1
DAVIS; SAPERSTEIN & SOLOMON PC,1
DAWKINS LITTON REHL & GOWENS PLLC,1
DAWKINS;LITTON; REHL & GOWENS PLLC,1
DAWN  BATTISTE,1
Dawn  Lanouette,1
Dawn L. Spalding;Law Office of Dawn L. McCauley,2
Dawson; P.L.C.,1
DAX G GARZA PC IOLTA,1
Day & Associates; P.C.,1
DAY AND ASSOCIATES PC,1
Dayan Houman PLC,1
DBI Holding LLC,1
DCK Worldwide LLC,1
De Anda Law Firm,1
"de Anda Law Firm, PC",1
De Castroverde Law Firm,1
De Castroverde Law Group,2
De La Flor & Associates,1
De La Garza Law Firm,1
de la Parte & Gilbert; PA,2
De La Paz & Toscano,1
de la Torre Law,1
De la Torre Law,1
De La Torre Law  Office,1
de la Torre Law Firm,1
De La Torre Law Firm,1
"de la Torre Law Offce, LLC",1
de la Torre Law Office,1
De la Torre Law Office,1
De La Torre Law Office,4
de la Torre Law Office LLC,2
De La Torre Law Office LLC,9
de la Torre Law Office; LLC,1
De Luca Levine LLC,1
DE MAXIMIS INC,1
"de Maximis, Inc.",1
"De Maximis, Inc.",2
de maximis; inc.,1
de Maximis; Inc.,1
De Maximis; Inc.,4
De Maximis; Inc.;Environmental Protection Agency,6
"de Maxmims, Inc. (fund administrator)",1
de Maxmims; Inc.,2
De Santis Law Center APC,2
DEAN  GREGORY,1
Dean  Law Firm,1
Dean & Camper PA,1
DEAN & GIBSON,1
Dean Boyd; PLLC,1
DEAN BOYD; PLLC,1
Dean Burnetti; P.A.,1
Dean E Swartz,1
Dean Greer & Associates,2
DEAN H FREEMAN,1
DEAN LAW FIRM,1
Dean S Sommer,1
Deane Williams & Deane,2
Deas Law Firm,1
Deaton & Berry,2
DEATON & BERRY P.A.,1
"Deaton & Berry, PLLC",1
Deaton & Berry; P.A.,3
DEATON & DANIEL PA,1
Deaver & Crafton,1
DEBBIE  MOFFETT,1
DEBBIE S FELDMAN,1
DEBBIE S FELDMANN,2
Debevoise & Plimpton LLP,1
Debevoise and Plimpton,1
Deborah  Benjamin,1
DEBORAH  BURLINSKI,1
Deborah  Crompton-Cuomo,1
Deborah  Garton,1
Deborah  Maury,1
DEBORAH  MAURY,1
DEBORAH  MORRIS FIELD,1
Deborah  Sanders-Kane,1
Deborah  Spector,1
DEBORAH  SPECTOR,3
DEBORAH C WATERS,1
Deborah F Maury,1
Deborah H Dempsey,1
Deborah L Bradley;Thomas O Moses,3
DEBORAH L BROZ,1
"Deborah L. Gordon, P.L.C.",1
Deborah P Hansen,1
DEBORAH S SEAGLE,1
Deborah S. Spector,1
DEBORAH SPECTOR; SPECTOR;& LENZ; PC,1
Debra  Adkins,2
DEBRA  JEAN VENHAUS,1
DEBRA A NELSON;EPS SETTLEMENTS GROUP SETTLEMENT TR ACCT;WILLIAM L MUNDY,1
Debra A Wall,3
DEBRA A WALL,2
Debra Y Irish,1
Debt & Injury Law Center,1
Debt Freedom GA LLC,1
DECAMILLIS &  MATTINGLY,1
DeCamp Law PC,1
DeCaro & DeCaRO PC,1
DeCaro Doran Sciliano Gallagher DeBlasis,1
Dechert LLP,1
Dechert LLP;Rose M Wong,1
"Dechert,LLP",1
Deck Law; LLP,1
Decker Cardon Thomas & Neskis PC,1
Decker Cardon Thomas Weintrab,1
Decker Cardon Thomas Weintraub & Neskis,5
Decker Cardon Thomas Weintraub Neskis,1
Decker Law Firm,4
Decker Law Office,1
Decker Law Office LLC,9
"Decker Law Office, LLC",3
Decker Law Office; LLC,9
DECKER; CARDON  THOMAS; WEINTRAUB & NESKIS,1
Decker; Cardon; Thomas; Weintraub P.C.,1
DECKER; CARDON; THOMAS; WEINTRAUB;MARTIN A THOMAS;NESKIS PC,1
"Decolator, Cohen & Diprisco, LLP",1
Decolator; Cohen & DiPrisco LLP,2
DECONCINI MCDONALD YETWIN & LACY PC,1
Deconcini McDonald Yetwin & Lacy; P.C.;Recovery Partners LLC,1
DeCONCINI; McDONALD; YETWIN & LACY; PC,1
Decotiis Fitzpatrick Cole Giblin,1
Dee Dee  Samet,2
DEE DEE  SAMET,2
DEE DEE  SAMET;PHILLIP B VERRETTE,1
Dee-Dee  Samet,5
DEE-DEE  SAMET,2
DEE-DEE  SAMET P.C.,1
Dee-Dee Samet PC,1
DEE-DEE SAMET PC,1
Deepak  Gupta,556
Defenders of Wildlife,4
DEFRANCISCO & DEFRANCISCO LLP,1
DeFrancisco & Falgiatano LLP,2
"DeFrancisco & Falgiatano, LLP",1
Defrancisco & Falgiatano; LLP,1
DeFrancisco & Falgiatano; LLP,2
DeFur Voran; LLP,1
DEGRAFF; FOY & KUNZ; LLP,1
deGravalles; Palminiter & Fruge,1
DeHaan Busse LLP,3
DeHaan Busse; LLP,4
DeHaan Law Firm,1
DeHaan Law Firm; P.C.,1
Deidre  Bradford,1
Deirdre  Fuller,1
DEIRDRE  McDONNELL,1
Deirdre J DiBiaggio,2
DEIRDRE J DIBIAGGIO,3
Deissner Law Office,1
deKieffer & Horgan Operating,1
DeKieffer & Horgan;PLLC;Hogan Lovells US LLP;Mowry & Grimson; PLLC;Sandler; Travis & Rosenberg; P.A.,3
DEL  PERCILLA,1
Del Barrio Law Group,1
Del Rio & Caraway,1
"Del Vachhio O'Hara, PC",1
Delandra M Navarro,1
Delaney Nielsen & Sannes PC,1
Delaney; Nielsen & Sannes PC,1
Deldar Legal,4
Delegal & Poindexter; P.A.,1
Delegal Law Offices; P.A.,1
DELIA GILLOOLY DEPALMA LLC,1
Delk McNally LLP,1
Dell & Dean; PLLC,2
Dell & Schaefer,1
DELL & SCHAEFER,1
Dell & Shaefer,1
"Dell and Dean, PLLC",1
Dell and Dean; PLLC,1
Dell'Anno Law PLLC,1
DELLA A BELATTI;ERIC A SEITZ,1
Della Mura & Ciacci LLP,1
Dellecker Wilson King McKenna Ruffier,1
DELLECKER WILSON KING MCKENNA RUFFIER,1
DELLERT  BAIRD,1
"Dellert Baird Law Office, PLLC",2
Dellert Baird Law Office; PLLC,1
Dellert Baird Law Offices,2
Dellert Baird Law Offices PLLC,6
DELLERT BAIRD LAW OFFICES PLLC,3
"Dellert Baird Law Offices, PLLC",14
Dellert Baird Law Offices; PLLC,31
DELLERT BAIRD LAW OFFICES; PLLC,1
"Dellert Braid Law Offices, PLLC",1
Delluomo & Crow PA,1
Dellwo Roberts & Scanlon; P.S.,1
DeLOACH HOFSTRA & CAVONIS PA,1
Delorie-Johnson PLLC Iota Acct;Richard R Johnson,1
DeLuca & Maucher; LLP,1
Deluca & Weizenbaum LTD,2
"Demas Law Group, P.C.",1
Demas Law Group; P.C.,1
DeMayo Law Group PLCC,1
"DeMayo Law Offices, LLP",1
"DeMayo Law Offices, PLCC",1
Demetri  Tsohantaridis,1
DEMETRIA  KING,1
DEMETRIA K KING,1
Demian O. Ononuju Law Office,2
DeMiles Law; P.A.,3
Democracy Forward Foundation,1
DeMott McChesney Curtright & Armendariz,1
DEMPSEY &  KINGSLAND TRUST ACCOUNT,1
Dempsey & Assoc.; P.A.,1
Dempsey & Dempsey,1
DEMPSEY & DEMPSEY,1
Dempsey & Kingsland PC,1
DEMPSEY & KINGSLAND PC - TRUST ACCOUNT,1
Dempsey & Kingsland; P.C.,3
Dempsey Dempsey & Hills PC,1
Dempsey Fontana; PLLC,1
Dempsey; Dempsey & Hilts,2
Dempsey; Kingsland & Osteen,1
DENA  COCHRAN,1
Dena  Reed,1
DENALI LAW GROUP,1
Denenberg & Tuffley; PLLC,1
Denenberg Tuffley PLLC,3
Denenberg Tuffley; PLLC,1
Denis W Krill,1
Denise B Haley,1
DENISE B HALEY,1
DENISE BOURGEOIS  HALEY,1
Denise Levine & Associates,1
DENISE M CUNEO,2
DENISE M HEVICON AAL CLIENTS ACCT IOLTA,1
DENISE M SHEEHAN;THOMAS A MCFARLAND,1
Denlea & Carton LLP,1
Denman & Lerner Co LPA,1
Denman Law Office,1
Denmon Pearlman,1
DENNIS  CATHEY,1
Dennis  Fox,1
Dennis  Jung,1
DENNIS  KUFTIC,1
DENNIS  LEVINE & ASSOCIATES,1
DENNIS  MASON,1
Dennis  Nagle,1
DENNIS  O'DELL,1
DENNIS  POTTS,1
DENNIS  SCHAEFER,1
Dennis  Shatto,1
Dennis  Simonpietri,1
Dennis  Simonpietri-Monefeld,1
DENNIS  WALSH,1
Dennis  Wheeler,1
DENNIS A KOLE,1
Dennis A Pennington APLC,1
DENNIS A ROSS,1
Dennis A Simonpietri,1
DENNIS A SIMONPIETRI,1
DENNIS ADRIAN  KOLE,1
DENNIS C MAHONEY,2
Dennis C O'Dell,5
DENNIS E HEALY,1
DENNIS F O'BRIEN,1
DENNIS G CHAPPABITTY,1
Dennis G Ciccarillo,2
DENNIS G PANTAZIS,1
DENNIS H GEISLEMAN,1
DENNIS J MAHR,1
Dennis J Shatto,4
DENNIS J SHATTO,1
Dennis J Shatto Esq.,1
Dennis Kenny Law,3
Dennis L Friedman,2
DENNIS L PETERSON,1
Dennis Levine & Associates Trust Account,1
DENNIS M ABRAMS,1
DENNIS M GINGOLD,16
DENNIS M WALSH,1
DENNIS P MCMAHON,1
DENNIS P ORTWEIN,1
DENNIS S PETERS,1
Dennis T Schoen,1
Dennis W Fox & Associates,2
Dennis W Fox and Associates,2
DENNIS W MONTOYA,1
DENNIS W MONTOYA CLIENT TRUST ACCT,1
DENNIS W MONTOYA;DENNIS W MONTOYA CLIENT TR ACCT,1
DENNIS W POTTS,1
Dennis W. Fox & Associates,1
Dennis W. Fox & Associates; LLC,1
Dennis W. Fox and Associates,4
DENNIS W. FOX AND ASSOCIATES,1
DENNIS W. MONTOYA/CLIENT TRUST ACCT,1
Deno Millikan Law Firm; PLLC,1
DeNoia; Tambasco & Germann,1
Dentons Bingham Greenebaum LLP,1
Dentons Bingham Greenebaum; LLP,1
Dentons US LLP,11
DENTONS US LLP,1
Denver Sturm College of Law,1
Deon  Tedder,1
Department of Environmental Quality;Department of the Interior;Environmental Protection Agency;Natl Oceanic & Atmos,4
DEPT OF VA DATA THEFT LIT QUAL SETT ACCT;DONALD  COCKRILL;DOUGLAS  ROSINSKI;GARY  MASON;JEFFREY  GOLDENBERG;MARC  MEZIBOV;MARK  SMILOW;MURDOCK GOLDENBERG SCHNEIDER & GROH LPA,1
DEPUTY MIZELL GREEN & CARTER LLC;JOSHUA  PERKINS;LAW OFFICE OF BARBARA R VANTINE LLC,7
DEREK  LINDENSCHMIDT,1
Derek  Simms,1
Derek  Washenberger,1
DEREK  WHITE,1
Derek A Seibert,1
Derek Kline,2
"Derek Smith Law Group, PLLC",1
DEREK SMITH LAW GROUP; LLP,1
Derek Smith Law Group; PLLC,1
Derr; Pursel; Luschas & Naparsteck; LLP,1
Derrevere Stevens Black & Cozad,1
Derrevere Stevens Black & Cozad Law Firm,1
Derrevere Stevens Black Cozad Attorneys at Law,4
Derrevere; Stevens; Black and Cozad,1
Derrick  Arrowood,8
Derrick  Lefler,1
Derrick K Arrowood,2
DERRICK K ARROWOOD,1
Derrick Law Firm,1
DERRICK W LEFLER,1
Desaray  Crowe,1
DeShazo & Nesbitt LLP,1
Deshonda  Tackett Davis & Associate,1
DESI  MARTINEZ,1
DeSimone Law Office,9
DESIMONE LAW OFFICE,1
DESIREE  GARBAR,1
DESMARAIS LLP,1
DESSER LAW GROUP,1
Destribats Campbell Staub & Schroth,1
Dethlefs Sparwasser Reich Dickerson PLLC,1
DeToffol & Associates,1
DETRICK  RHODES,1
Detrick Law Office,1
Detrick Law Offices,1
Deuterman Law Group,1
Deutsch; Blumberg & Caballero; P.A.,1
DEUTSCHER PLLC IOLTA ACT,1
Deutschman & Associates PC,1
DEUTSCHMAN & ASSOCIATES PC IOLTA,1
Deutschman & Skafish PC,1
DeVaughn James Injury Lawyers,1
Devaughn James LLC,1
DEVIN  THERIOT-ORR,2
Devitt & Saltzburg LLP,1
DEVORE & DEVORE PA TR ACCT;JEFFREY A DEVORE,1
Devore Law Group; P.A.,1
DeVore; Acton and Stafford; PA;The Massey Law Firm,1
Dewald Deaver L'Heureux Law Firm,1
Dewitt Algorri and Algorri; LLP,1
DEWITT MACKALL CROUNSE & MOORE,1
Dewsnup King & Olsen,1
Dewsnup King Olsen Worel Havas Mortensen,1
Dewsnup King Olsen Worel Havas Mortenson,1
Dhali P.C.,1
Dhali PLLC,2
Dhali; PLLC,1
DHTLAW; PLLC,1
Diago Fisso & Kessenich,1
DIANA  ARCHER,1
Diana  Longria,1
DIANA M LITTLEPAGE PA,1
DIANE  AULT CULLEN,1
Diane  Bross,4
Diane  Jaquish,1
DIANE  LEWIS,1
Diane  Rodriguez,2
Diane  Torres-Porter,1
Diane Bross,1
DIANE G JAQUISH,1
Diane K Bross,3
Diane K Bross; Esq.,1
Diane K. Bross; Esq,4
Diane Katherine  Bross,1
DIANE L BORNSCHEUER;GREEN & BAKER;KATHERINE E BAKER,1
DIANE M LITTLEPAGE,1
Diane M Sauer,1
DIANE M SAUER,1
DIANE R TIVERON;HOGAN  WILLIG,1
Diane S Sykes,1
Diane S. Sykes; P.C.,1
DIANNE  NEWMAN,1
DIANNE R NEWMAN,1
Diaz Law Firm,1
DiCello Levitt LLP,1
DICHEY GEIGER LLC,1
Dick Clark Law; LLC,1
Dicker and Dicker,1
Dickerson & Smith Law Group,1
Dickerson Law Group,1
Dickinson Wright PLLC,5
Dicks & Workman Attorneys,1
Dicks & Workman; APC,1
Dickstein Shapiro; LLP,1
Dicus Disability,1
Dicus Disability LLC,3
Diego  Manzano;Marye Law Firm,1
Diego  Valle,1
Dieppa Law Firm PA,1
Dieppa Martinez; PLLC,1
Diesch Forrest,1
Digital Insurance Services LLC,1
DILBECK & MYERS PLLC,1
DILBECK & MYERS; PLLC,1
Dilbeck Myers & Harris PLLC,1
DILBECK MYERS & HARRIS PLLG,1
Dilbeck Myers and Harris; PLLC,1
Dillard & Dillard LLC,1
Dilley Law Firm PC;The Law Office of Bernard L Shub Jr,2
DILLION AND FINDLEY;JMW SETTLEMENTS; INC SPEC CUST TR ACCT,1
Dillon  Malone;James W Carney,1
DILLON & FINDLEY P.C.,1
Dillon & Findley PC,3
DILLON & FINDLEY PC,1
DILLON & FINDLEY; P.C,1
Dillon & Findley; P.C.,1
Dillon & Findley; PC,2
Dillon McCandless King Coulter & Graham,1
DiLoreto; Cosentino & Bolinger; PC,1
DiMarco; Araujo & Montevideo,1
Dimopoulous Law Firm,1
Dina  Pendergast,1
Dinkelspiel; Rasmussen; & Mink PLLC,1
DiNovo Price Ellwanger & Hardy LLP,1
DINSMORE & SHOHL IOLTA,1
Dinsmore & Shohl LLP,2
Dion and Goldberger,1
DION SOLOMON & SHAPIRO LLC,1
Dipasquale Moore LLC,1
DIPASQUALE MOORE LLC,1
DiPasquale Moore; LLC,1
DiRenzo & Bomier LLC,1
DIRK  DANIEL,1
Dirk  Thibodeaux,3
Disability Advocacy Group,1
Disability Advocates Group,2
Disability Attorneys of Minnesota,2
Disability Benefits Law Center,4
Disability Law Center of Alaska,1
Disability Law Clinic of Eric J. Fischer,1
Disability Rights Advocates,1
Disability Rights South Dakota,1
DiSandro & Malloy; PC,1
Discepolo LLP,2
Discrimination Law Center,1
Discrimination Law Center PA,1
Disparti Law Group,3
Disparti Law Group PA,2
Ditchey Geiger,2
Ditchey Geiger LLC,15
DITCHEY GEIGER LLC,2
Ditchey Geiger LLC;Law Offices of Kerry A. Socha,3
"Ditchey Geiger, LLC",3
Ditchey Geiger; LLC,11
Ditchey Geiger;Ditchey Geiger LLC,1
Diva Law; LLC,1
DIVINCENZO SCHOENFIELD SWARTZMAN IOLTA;RICK  SCHOEFIELD,1
DIVINCENZO SCHOENFIELD SWARTZMAN;RICK M SCHOENFIELD,1
DIX HUNT & MCDONALD TRUST ACCT;JONATHAN C MCDONALD,1
Dixon & Daley LLC,1
Dixon Law Firm; PLLC,1
DJ CHAPMAN LAW,1
"DK Associates, LLC.",1
DK ASSOCIATES; LLC,1
DLA Piper LLP (US),1
DLG LUCE,1
DLG Luce LLP,1
DNL Zito,1
DNL ZITO,1
DOBBINS & McCURDY LAWYER TRT ACCOUNT,2
Dobbs & Porter PLLC,1
"Dobson, Berns & Rich, LLP",1
Doctor Lawyer Team LLC,1
DODDS  DEHMER,1
DODSON HOOKS APLC D/B/A HOOKS LAW FIRM,1
"Dodson, Gordon & Rowlett",1
Doerr Macwilliams Howard PLLC,1
Dogan & Wilkinson PLLC,1
Doggett Law Offices PLLC,1
DOLAN & REGAN,2
Dolan Dobrinsky & Rosenblum LLP,1
Dolan Law Firm; PC,2
Dolan Law Offices,1
Dolly M Trompeter,1
Domengeaux Wright Roy & Edwards LLC,1
DOMENGEAUX WRIGHT ROY & EDWARDS LLC,2
Domengeaux; Wright; Roy & Edwards LLC,2
Domenic A Bellisario,1
DOMENIC A BELLISARIO,1
DOMENICK  LERO,1
Domingo  Garcia,1
DOMINGO GARCIA PC,1
Dominguez Law Firm,1
DOMINGUEZ LAW FIRM PLLC,1
DOMINIC  GOMEZ;KIERSTIN  ANDERSON;SHANNON  BURNS,1
Dominic O. Fariello; PA;Joryn Jenkins & Associates,1
Dominick  Bonino,18
DOMINICK  BONINO,3
Dominick J Brignola,2
DOMINION ECONOMIC ANALYSIS;STRUCTURED FINANICAL ASSOCIATES INC,1
DOMINQUEZ LAW FIRM PLLC,1
DON  BELL,1
Don  Mason,1
DON  WEBB,1
Don A. Rouzah & Associates,1
Don Cary Collins; Attorney at Law;Loewenstein & Smith; P.C.,1
Don M McLean Law Office,1
Donahey Law Firm,2
Donahue & Associates,1
Donahue & Associates LLC,1
Donahue & Goldberg; LLP,1
Donahue Goldberg Weaver & Littleton,1
Donahue; Goldberg & Weaver; LLP,5
Donahue; Goldberg; Weaver & Littleton,1
DONALD  CAMPBELL;LAMAR  PORTER,1
DONALD  CHEWNING,1
DONALD  COX;JMW SETTLEMENTS INC CLIENT FUNDS ACCT;JOHN  COX,1
Donald  Cronin,1
DONALD  MAYEUX,1
Donald  Pongrace,1
DONALD  POYNTER,1
Donald  Rhodes,1
Donald  Sepolio,1
DONALD A BICK,1
Donald A Shapiro; LTD,2
Donald B. Terrell Associates,1
Donald C Ligorio,2
DONALD C LIGORIO,1
"Donald Chewning, Attorney at Law LLC",5
"Donald Chewning, Attorney at Law, LLC",2
"Donald Chewning, Atty at Law LLC",2
Donald Chewning; Attorney at Law LLC,2
DONALD D ZUCCARELLO,1
DONALD E HINTON,1
Donald E Sample,1
DONALD F MANCHEL,1
DONALD G CAVE,2
Donald G Featherstun,1
Donald G Gilpin,1
DONALD G GILPIN;GILPIN & KEEFE PC,1
DONALD G GILPIN;GILPIN & KEEFE PC TR ACCT,1
Donald G Walsh,1
Donald I. Shrager P.C.,1
DONALD J BAKER,1
Donald J Chewning,2
"Donald J Chewning, Attorney at Law",1
Donald J Maroney,1
DONALD J NOLAN LTD CLNT FUND ACC;PAUL  BROTH LAW FIRM,2
DONALD J WALSH,1
Donald J. Chewning Esq,1
Donald J. Chewning Esq.,2
"Donald J. Chewning, Attorney at Law, LLC",1
Donald J. Chewning; Attorney at Law; LLC,1
Donald J. Chewning; Esq,2
Donald J. Chewning; Esq;,1
Donald J. Chewning; Esq.,22
DOnald J. Chewning; Esq.,1
DONALD KNUDSEN; GUNDERSON PALMER NELSON,1
Donald L Ellis,1
DONALD L ELLIS,1
Donald L Pilzer,1
DONALD L WILLIAMS,1
Donald L. Schlapprizzi; PC,1
Donald Livingston Akin Gum Strauss,1
DONALD LIVINGSTON AKIN GUM STRAUSS,1
Donald M. Temple; P.C.,4
Donald P Cianci,2
DONALD P RUSSO,1
Donald P. Cianci,1
Donald P. Cianci; Attorney at Law,1
Donald R Green,2
DONALD R GREEN,1
Donald R McCoy,1
DONALD R MCCOY,1
Donald R. Holben & Associates,1
"Donald R. Holben & Associates, APC",3
Donald S Johnson,1
Donald T Wells;Scott; Wells &  McElwee,1
Donald Temple Law,1
DONALD W FERRIS,1
DONALD W LOJEK;LOJEK LAW OFFICE CHARTERED,1
Donald W Medley,3
DONALD W STEWART,1
DONALD W STEWART P.C.,1
Donati Law Firm LLP,1
DONATI LAW FIRM LLP,2
Donati Law PLLC,2
Donati Law; PLLC,1
"Dondzila Law, PLLC",1
Donegal Insurance Group,1
Doney Crowley P.C.,1
Donimick  Bonino,1
Donis R Barnes,1
DONN  CHRISTENSEN;RAUL  LOMAS,1
DONNA  HALL,1
Donna  Rucker,1
DONNA  SIMPSON,1
Donna  Thornton-Green,5
DONNA  THORNTON-GREEN,1
DONNA H CLANCY,1
Donna K Webb,1
Donna M DiPietro,1
DONNA M LEFEBVRE,1
Donna S Thornton-Green,1
DONNA S THORNTON-GREEN,1
DONNA THORNTON  GREEN,1
DONNAMARIE  DAVIS,1
Donne L Colton,1
DONNETTA  NICKLIN,1
Donovan Hatem LLP,1
Donovan O'connor & Dodig; LLP,1
Doran & Cawthorne PLLC,1
Doran Law Office,1
Doran Shelby Pethel & Hudson PA,1
"Doran, Beam, & Farrell, P.A.",1
Dordick Law Corporation,1
DORE DEUTSCHER LAW GROUP PLLC,2
Dore Deutscher Law Group; PLLC,1
"Dore Law Group, PLLC",1
Dori Salisbury,1
DORIAN  WHITFORD,2
DORIT LAW FIRM TRUST ACCOUNT,1
DORNAN; LUSTGARTEN & TROIA PC LLO,1
Doroshow Pasquale Krawitz & Bhaya,1
Doroshow; Pasquale; Krawitz & Bhaya,2
DOROTHY  BRIMMER,1
DOROTHY  CLAY SIMMS,1
DOROTHY  CLAY SIMS,4
Dorothy  Oliver (AIF),1
DOROTHY  TRAN,1
Dorothy C Sims,1
DOROTHY C SIMS,1
DOROTHY CLAY  SIMS,4
DOROTHY E TERRELL,1
DOROTHY J DEAN ATTY AT LAW,1
Dorothy M Hyde,1
Dorros Law,1
Dorsay & Easton LLP,1
DORSAY & EASTON LLP,1
Dorsey & Whitney LLP,1
Dorsey & Whitney LLP;Yoder & Langford PC,1
Dorsey & Whitney; LLP,1
DORY L SATER;HAGGERTY GOLDBERG SCHLEIFER & KUPERSMITH,1
DOUBEK PYFER & FOX LLP,1
Doubek; Pyfer & Fox LLP,1
Doug  Carel,1
Doug  Geyman,1
Doug  Morris;Morris & Player,1
Doug  Richards,2
Doug Zanes & Associates; PLLC,2
DOUG ZANES AND ASSOC,1
DOUGHERTY LEVENTHAL & PRICE,1
"Dougherty, Leventhal & Price, LLP",1
Dougherty; Modin; Holloway & Kardis,1
DOUGLAS  AMSTER,1
Douglas  Hastings,1
DOUGLAS  JOHNSON,1
Douglas  Ress;Neil  Witkes,2
Douglas  Richards,1
Douglas  Rosinski,1
Douglas  Schaller;Johnson Clifton  Larson & Schaller,1
Douglas  Sloan,141
Douglas  Stevens,1
DOUGLAS & KNIGHT  ASSOCIATES INC,1
Douglas & London,1
Douglas A Hastings,1
Douglas A Petho,1
Douglas and London,2
Douglas B Price,1
Douglas C Brigandi,1
DOUGLAS C BRIGANDI,3
DOUGLAS C J  BRIGANDI,1
DOUGLAS C J  BRIGANDI ESQ,1
Douglas C Kane,1
Douglas C. J Brigandi,1
Douglas C. J.  Brigandi,3
DOUGLAS C.J.  BRIGANDI,5
Douglas D Geyser,1
DOUGLAS D NELSON,1
Douglas Drachler  McKee & Gilbrough,1
Douglas Drachler & McKee,6
Douglas Drachler McKee & Gilbrou,10
Douglas Drachler McKee & Gilbrou;Law Office of Eitan Kassel Yanich; PLLC,1
Douglas Drachler McKee & Gilbrou;Merit Disability (WA),1
Douglas Drachler Mckee & Gilbrough,1
Douglas Drachler McKee & Gilbrough,17
DOUGLAS DRACHLER MCKEE & GILBROUGH LL,1
Douglas Drachler McKee & Gilbrough LLP,41
DOUGLAS DRACHLER MCKEE & GILBROUGH LLP,5
Douglas Drachler McKee & Gilbrough; LLP,1
Douglas Drachler McKee and Gilbrough,1
Douglas Drechler & McKee,2
Douglas E Turner,1
DOUGLAS G MCCORMICK,1
DOUGLAS HAUN & HEIDEMANN PC TRT ACCOUNT,1
Douglas J Fanning LLP,1
Douglas J Rosinski,1
Douglas Jennings Law Firm; LLC,1
Douglas Knight & Assoc,2
DOUGLAS KNIGHT & ASSOC INC,1
Douglas Knight & Associates,9
DOUGLAS KNIGHT & ASSOCIATES,3
Douglas Knight & Associates Inc,2
Douglas Knight & Associates; Inc,1
Douglas Knight and Associates,1
douglas knight associates,1
DOUGLAS L FRIEDMAN,1
DOUGLAS L PATIN,1
Douglas L Patlin,2
Douglas L Price;Harry Cohen & Assoc PC,1
Douglas Law Corporation,1
DOUGLAS P LEVINSON INC PS,1
Douglas R Stevens,5
DOUGLAS R STEVENS,2
Douglas R Stevens Attorney at Law,1
Douglas R Stevens;Nadia  Bittar,1
Douglas R. Daum; Esq.,1
Douglas R. Stevens; Atty at Law,1
Douglas Sloan,26
DOUGLAS W RENNIE,1
"Douglas, Drachler, McKee and Gilbrough",1
"Douglas, Drachler, McKee and Gilbrough LLC",1
"Douglas, Kelly, Ostdiek, etc",1
"Douglas, knight & Associates, Inc",1
Douglas; Kelly; Ostdiek and Ossian,1
Douglas; Knight & Assoc. Inc.,1
Douglas; Knight & Associates,1
DOUGLAS; KNIGHT & ASSOCIATES; INC,1
Doumanian & Associates,1
Dov  Apfel;Judith  Pavey,1
Dovalina Law Group,1
Dover Dixon Horne PLLC,2
Dow Law Office,1
Dowd & Dowd; PC,1
Downer Jones Marino & Wilhite,1
Downer Jones Marino & Wilhite LLC,1
"Downer Jones, et al",1
Downer; Walter & Mitchener,2
Downer; Walters  & Mitchener,1
Downer; Walters & Mitchener,2
DOWNER; WALTERS & MITCHENER; PA,1
Downney Brand LLP,1
Downs &  Associates,1
DOWNS &  ASSOCIATES,1
Downs & Assoc,1
Downs & Associates,9
DOWNS & ASSOCIATES,8
Downs and  Associates,1
Downs and Associates,1
Downs Law Group PA,5
Downtown LA Law Group,2
Downtown LA Law Group; LLP,1
Doyle & Associates,2
Doyle & Foutty; P.C.,1
DOYLE AND O'DONNELL,1
"Doyle Dennis Avery, LLP",2
Doyle E Green,1
Doyle Law,1
Dozier Law Firm,2
Dozier Law Firm LLC,2
Dozier Law Firm; LLC,2
DR CARLOS  CAMARA,1
DR MARIA LUISA  CASTILHO,1
Dr Richard J Hages;Michael E D' Antonio;Michael J Hand,2
DR. SHEZAD  MALIK,2
Dr. Strobel &  Partner,1
Drake & Drake,1
Drake & Drake P.C.,1
DRAKE & DRAKE PC,1
Drake & Drake; P.C.,3
DRAKE & DRAKE; P.C.,2
DRAKE and DRAKE PC,2
DRAKE AND DRAKE PC,1
Drake and Drake; P.C.,12
DRAKE and DRAKE; P.C.,6
DRAKE LOEB HELLER KENNEDY GOGERTY,4
DRAKE LOEB HELLER KENNEDY GOGERTY ETC,1
Drake Loeb PLLC,7
DRAKE LOEB PLLC,1
DRAKE LOEB; PLLC,1
Drake; Loeb PLLC,1
Drake; Loeb; Heller; Kennedy; Gogerty,1
Dranoff & Patrizio; P.C.,1
DRAPP & JAUMANN LLC-IOLTA ACCT;JOHN C DRAPP III,1
DRAZIN & WARSHAW;JOHN R CONNELLY,1
DRAZIN AND WARSHAW,2
DRAZIN AND WARSHAW PC,1
DREDF,1
Dressler Strickland; LLC,1
Drew Cooper & Anding,21
Drew D McNeil,1
Drew D Price,1
Drew L Johnson,23
DREW L JOHNSON,17
"Drew L. Johnson, P.C.",2
Drew L. Johnson; P.C.,7
Drew L. Johnson; PC,2
Dreyer & Associates,13
Dreyer Babich Buccola Compora Wood LLC,1
Dreyer Babich Buccola Wood & Camopra LLP,1
Dreyer Babich Buccola Wood & Campora LLC,1
Dreyer Babich Buccola Wood Campora,1
Dreyer Babich Buccola Wood Campora LLP,1
DREYER BABICH BUCCOLA WOOD CAMPORA LLP;HANK  GREENBLATT,1
Dreyer Babich Buccola Wood Campora; LLC,1
Dreyer Babich Buccola Wood Campora; LLP,3
Dreyer Babich Buccola Wood Campora;LLP,1
Dreyer Babich PINO,1
DREYER BOYAJIAN LLP,1
Driessen Law,1
Driggs & Kidd PLLC,1
Driggs Bills & Day,1
Driggs Bills & Day PC,1
"Driggs, Bills & Day PC",1
"Driggs, Bills & Day, PC",1
"Driggs, Bills & Day, PLLC",1
Driggs; Bills & Day,1
DRINKER BIDDLE & REATH,3
DRINKER BIDDLE & REATH LLP,2
Drinker Biddle & Reath; L.L.P.,1
Drinker; Biddle & Reath; LLP,4
Driscoll & Driscoll,3
Driskill & Burnett,1
DROHAN  LEE,1
Dross Berman LLC,3
Dross Berman; LLC,1
Druckman & Estep,1
"Drummond & Squillace, Esq.",1
DUANE  GILKEY,1
DUANE A CROOKS LLC,1
DUANE E THOMAS,1
DUANE M FIEDLER,1
Duane Morris,2
Duane Morris LLP,3
DUANE MORRIS LLP,1
Duane Morris LLP;Duane Morris; LLP,1
DUANE MORRIS LLP;JAMES W CARBIN,1
DUBIN LAW GROUP,1
Dubo Law LLC,1
"Dubo Law, LLC",1
Duboff & Associates,1
DuBoff & Associates,1
DUDLEY & LAKE,1
Dudley and Lake LLC,2
Dudley DeBoiser Injury Lawyers,1
Dudley Debosier Injury Lawyers,5
Dudley DeBosier Injury Lawyers,3
DUDLEY DEBOSIER INJURY LAWYERS,1
DUDLEY DEBOSIER INURY LAWYERS,1
Due Guidry Piedrahita Andrews Courrege,1
Dué Guidry Piedrahita Andrews Courrege L.C.,1
DUESING CASNER & FITZSIMMONS,1
DUFFY  DUFFY,1
Duffy & Duffy,1
Duffy & Duffy; PLLC,1
Duffy Trial PC,1
Dugan & Giroux Law,1
Dugan Babij Tolley & Kohler LLC,1
"Dugan Schlozman, LLC",1
Duggan & Hughes,1
Duggan & Hughes LLC,2
Duggan & Hughes LLC;Farnsworth Law Offices LLC,2
Duggan & Hughes LLC;Farnsworth Law OFfices LLC,1
Duhigg; Cronin; Spring & Berlin; PA,2
Duhigg; Cronin; Spring & Berlin;Duhigg; Cronin; Spring & Berlin SHOU,1
Duke Energy,1
Duke Energy Corporation,1
DULANEY LAUER & THOMAS LLP TRUST,1
Dumas Law Firm,1
Dunbar & Fowler,1
Duncan  Ragsdale,2
Duncan Disability Law,1
Duncan Disability Law S.C.,1
Duncan Disability Law SC,4
Duncan Disability Law; SC,1
DUNCAN E RAGSDALE,1
Duncan Firm P.A.,1
Duncan Galloway Egan Greenwald; PLLC,1
Duncan Law Firm,1
Duncan Law Group,2
"Duncan Law Group, LLC",1
Dunham Ramirez & Van LLP,1
Dunlaevy Law Firm,1
"Dunn & Black, P.S.",1
Dunn & Phillips PC,1
DUNN & PHILLIPS PC,1
Dunn & Phillips; PC,1
Dunn & Wilson,2
Dunn Carney Allen Higgins & Tongue LLP,1
Dunn Carney Allen Higgins Tongue LLP,1
Dunn Counsel PLC;Robert J Fedor,2
Dunn Law,2
Dunn Law Firm PLLC,1
Dunn Law PLLC,6
DUNN LAW PLLC,1
"Dunn Law, PLLC",16
Dunn Law; PLLC,4
Dunn Nutter  Morgan LLP,1
"Dunn Sheehan, LLP",1
Dunnigan & Messier PC,1
"Durden Law, LPA, LLC",1
Durden Law; L.P.A.; L.L.C.,2
Durden Law; L.P.A.; LLC,1
Durham Jones & Pinegar law firm,1
Durham Law Group,1
Durham Law Group; PC,1
Durocher & Winter; P.C.,1
Durocher and Winter; P.C.,1
Duron Employment Law Firm,1
DURRANT & ASSOCIATES,1
Durrett Law Office,1
Duruji Law Firm; P.C.,1
DURWARD EARL  TIMMONS JR;SHERMAN & HOWARD LLC,1
Dustin  Monokian,1
Dustin  Nimz,1
Dustin  Scott,1
Dustin A Schock,5
DUSTIN L VAN DYK,1
Dutson Law Firm Ltd,1
DUTTON;BRAUN;STAACK & HELLMAN PLC,1
Duwel Law,1
"Dvorak Law Offices, LLC",1
Dvorak Law Offices; LLC,1
DW Story & Assoc Inc,1
DW Story & Associates Inc,1
DW Story and Associates Inc,1
Dwayne L Christopher;Messina Bulzome Christensen,1
DWIGHT  JEFFERSON;WIGGINS; CHILDS; PANTAZIS; FISHER &,1
DWIGHT H SIMON DAY LLC,1
Dwight W Birdwell,1
"Dworken & Bernstein Co., L.P.A.",1
Dworkin & Maciariello,1
DWStory & Associates,1
Dwyer & Coogan; P.C.,1
Dwyer Williams Cherkoss Attorneys P.C.,1
Dwyer Williams Cherkoss Attorneys; P.C.,1
Dwyer Williams Potter Attorneys; LLP,1
Dyer Garofalo Mann & Schultz,1
Dyer Garofalo Mann & Schultz LPA,1
DYER GAROFALO MANN & SCHULTZ;JOHN A SMALLEY,2
Dyer Law PC LLO,1
Dyer; Garafalo; Mano & Schultz LPA,1
Dyer; Garofalo; Mann & Schulta; LPA,1
Dyer; Garofalo; Mann & Schultz,7
DYER; GAROFALO; MANN & SCHULTZ,1
Dyer; Garofalo; Mann & Schultz; LPA,1
Dyer; Garofalo; Mann & Shultz LPA,1
Dyer; Garofalo; Mann; & Schultz LPA,1
Dylan McDonald,1
"Dyller & Solomon, LLC",1
E ALLEN  WELLS,1
E Douglas  Richards,4
E Eric Guirard Injury Lawyers,2
E Justin  Pennington,1
E LINDSAY BLANKS LTA SC IOLTA TR ACCT,1
E Orum Young Law LLC,1
E Ryan  Bradley,1
E Shanuy  Rahman,1
E Stewart Jones Hacker Murphy,1
E Stewart Jones Hacker Murphy LLP,1
E TAYLOR  Davidson,1
E William  Leckerling;Lisman  Eckerling,1
E. Anthonmy Mareshie; PLLC,1
E. DOUGLAS  RICHARDS,1
E. Paul Gibson PC,1
E. Robert Sternfels; Esq,1
E. Stewart Jones Hacker Murphy; LLP,1
E. TASSO  PARIS,1
E. TERRELL  CORLEY;J.DEREK  INGLE;THOMAS F GANEM,1
E.J. Smyth & Company; PLLC,1
Eagan; Flanagan and Cohen; P.C.,2
Eagle Eye Claims and Recovery,1
EAN Services,1
Eardley Law Offices PC,2
Eardley Law Offices; P.C.,1
Earl A Payson;Larry D Helvey,1
Earl E Osterhout,1
Earl G Kauffman,1
Earl J Oberbauer,1
Earle F. Weprin; Esq.,1
EARLE J SCHWARZ,1
Earp Cohn PC,1
"Earp Cohn, PC",1
Earp Cohn; P.C.,1
EARTH JUSTICE CLIENT TRUST ACCT,2
Earthjustice,99
EarthJustice,5
EARTHJUSTICE,15
Earthjustice Attorney Client Fund,1
Earthjustice Attorney Client Trust Acct,2
Earthjustice Attorney Client Trust Fund,11
EARTHJUSTICE ATTORNEY CLIENT TRUST FUND,1
EARTHJUSTICE ATTORNEY CLIENT TRUST;GREG  LOARIE,1
EARTHJUSTICE ATTORNEY CLNT TRT ACCOUNT,1
EARTHJUSTICE ATTY  CLIENT TRUST ACCT;MELANIE  KAY,1
Earthjustice Atty Client Trust Acct,1
EARTHJUSTICE ATTY CLIENT TRUST ACCT;TODD  TRUE,1
Earthjustice California,1
EARTHJUSTICE LEGAL DEFENSE FUND,1
Earthjustice;[REDACTED FOR PRIVACY],2
Earthjustice;Environmental Integrity Project,3
EarthJustice;Natural Resources Defense Council,1
Earthjustice;Occupational Safety & Health Law Project,1
Earthjustice;Patti  Goldman,1
Earthjustice;Western Environmental Law Center,2
Earthrise Law Center,10
EARTHRISE LAW CENTER,2
Earthrise Law Center Attorney Escrow,1
EARTJUSTICE ATTORNEY CLIENT TRUST ACCT;KRISTEN  BOYLES,1
Eastman Law Office; P.S.C.,1
Easton & Easton,1
Eaves Law Firm,1
Eberstein & Witherite,1
EBERSTEIN & WITHERITE LLP IOLTA,1
Eberstein & Witherite; LLP,1
EBERSTEIN WITHERITE LLP,1
EBERT LAW OFFICES PC,1
Eckert & Associates; PA,1
Eckland & Blando,1
Eckland & Blando LLP,8
ECKLAND & BLANDO LLP,1
Eckland & Blando LLP;Faegre Baker Daniels LLP,17
Eckland & Blando LLP;Faegre Drinker Biddle & Reath LLP,1
Eckland & Blando P.A.,3
Eckland & Blando P.A.;Faegre Drinker Biddle & Reath LLP,3
"Eckland & Blando, P.A.",1
Ecology Mir Group,1
Economy Premier Assurance Company,1
Ed  Ahlers,3
Ed  Kravitz,1
Ed  McConnell;Walter  Oleniewski,1
Ed Brown Law Firm,1
Ed Fox & Associates,1
ED FOX & ASSOCIATES,1
Ed Fox & Associates Ltd,1
Ed Fox & Associates LTD,1
Ed Fox & Associates; Ltd.,1
Ed Ryals Law,1
Eddie  Pierre Pierre,1
EDDIE PIERRE  PIERRE,1
Eddy  Pierre Pierre,4
EDDY  PIERRE PIERRE,6
Eddy  Pierre-Pierre,1
Eddy & Associates,1
Eddy & Associates PLLC,1
EDDY & JONES CLIENT TRUST ACCOUNT,2
EDDY LAW FIRM,1
Eddy Law Firm; PC;Mulinix Ogden Hall & Ludlum,3
Eddy P Pierre,57
EDDY P PIERRE,3
Eddy Pierre  Pierre,4
EDDY PIERRE  PIERRE,10
Edelman & Thompson; LLC,1
Edelman Krasin & Jaye PLLC,1
Edelman; Combs; Latturner & Goodwin; LLC,2
EDELSTEIN & PAYNE,1
Edelstein Martin & Nelson,1
"Edelstein Martin & Nelson, LLP",1
Eden  Brown Gains,1
EDENFIELD; COX; BRUCE & CLASSENS,1
Edgar  Saldivar,1
Edgar J. Guzman Injury Law Group;Ogden & Sullivan; P.A.,1
EDGAR R DONNALD,1
Edgar Snyder & Associates,1
EDGAR SNYDER & ASSOCIATES LLC,1
EDITH A PEARCE,1
Edmiston & Colton Law Firm,2
"Edmond & Lindsay, LLP",1
Edmond D Quintana,1
EDMOND M GEORGE;OBERMAYER; REBMANN; MAXWELL & HIPPEL LLP,1
Edmond R Pietraczyk,2
Edmondson Law; PC,1
EDMUND J SCHMIDT III,1
EDMUND V SMITH,1
Edmundson & Burnette LLP,1
EDNA I ROBLES,1
Eduardo  Ramirez,1
Eduardo  Vera-Ramirez,1
"Eduardo ""Eddie"" Ramirez Law Firm",1
Edward  Ahlers,2
Edward  Berkin,1
EDWARD  DEFRANCESCHI,2
Edward  Kolodziej,4
EDWARD  KRAUS,1
EDWARD  LARVADAIN,1
Edward  McCallum,1
Edward  Olson,1
Edward  Reins,1
EDWARD  SHKOLNIKOV,1
Edward  Steinbrecher,1
EDWARD  WEISZ,1
Edward  White,2
Edward  Wicklund,2
Edward & Griffin  Whitaker,1
EDWARD A MCCONWELL,1
Edward A Quesada,1
Edward A Wickland,1
Edward A Wicklund,8
Edward A Wiklund,1
EDWARD B CHATOIAN,1
Edward B Claxton,5
EDWARD B CLAXTON,4
Edward B Claxton III LLC,1
EDWARD B CLAXTON III; PC,1
Edward B Jones,1
EDWARD B. CLAXTON III; LLC,1
EDWARD BOU BOU & BOU,1
EDWARD C CHUNG,1
EDWARD C OLSON,2
Edward C Snyder,1
Edward C. Bou; P.C.,1
EDWARD D FANUCCHI;QUINLAN KERSHAW & FANUCCHI ATTORNEY;TRUST ACCT,1
EDWARD D FITZHUGH TRUST ACCT,1
Edward D Greim,1
Edward D Leone,1
Edward F O'Brien,1
Edward F Snow;Fine Law Firm  Trust Account,1
Edward Gibson Inc,1
EDWARD J CLOOS,2
Edward J Kinberg,1
EDWARD J MCNELIS,1
EDWARD J OBRIEN,1
EDWARD J SHAATS,1
EDWARD J WOMACK,2
Edward J Womack Jr & Assoc; LLC,3
Edward J. Cloos; III,1
EDWARD J. WOMAC; JR & ASSOC.; L.L.C.,1
Edward Kolodziej,1
Edward L Smith,2
EDWARD L WEINER;MESIROW FINANCIAL STRUCTURED;SETTLEMENTS TR ACCT;WILLIAM L SCHMIDT,1
Edward L White,1
Edward Law Group PLLC,1
Edward M Brennan,1
Edward M Brown,1
EDWARD M HARRIS,1
EDWARD M HARRIS PC,1
EDWARD M KRAUS,1
Edward M. Brown Law Firm,1
EDWARD N MORRIS,1
Edward R Guerrette,1
Edward S Rue,8
EDWARD S RUE,1
Edward S. Kahn Law Offices,1
Edward S. Khan Law Offices; LLC,1
Edward T Rostick,1
EDWARD T WELLS;THE PERSONAL INJURY LAWFIRM,1
Edward W Dzialo;Godlove; Mayhall  Dzialo Dutcher & Erwin,1
EDWARD W JASINSKI,1
EDWARD W PILOT,2
EDWARD W VOPAT,1
Edwards  Ragatz PA IOTA TRT;Robert R Underwood,1
Edwards & Patterson Law Firm,1
EDWARDS & WU PLLC,1
EDWARDS AND KAUTZ PLLC;MARK  EDWARDS,1
Edwards and Patterson,1
Edwards Beightol,1
Edwards Beightol LLC,4
"Edwards Beightol, LLC",6
Edwards Beightol; LLC,1
Edwards Kirby; LLP,1
Edwards Law Firm Ltd.,1
EDWARDS LAW FIRM PLLC,1
Edwards Stefanski & Zaunbrecher,1
"Edwards, Stefanski & Zaunbrecher, LLP",1
Edwin  Riddle,1
EDWIN A ABRAHAMSEN,1
EDWIN D ABEL INC IOLTA,1
EDWIN D ABEL; INC,1
Edwin D. Able; Inc.,1
Edwin E Schottenstein,1
Edwin F. Mandel Legal Aid Clinic,1
Edwin M. Shorty; Jr. & Associates; APLC,1
Eells & Tronvold Law Offices,1
Efrain M Ortiz,1
EFREN Z AGUILAR,1
EFROM j GROSS,1
EFROM J GROSS,1
Egaal; Inc.,1
EGAN  OBRIEN;O'BRIEN YOUNG & KNOWLES LLP,1
Egan & Richgels; S.C.,1
"Egan, Flanagan and Cohen, P.C.",1
Egan; Flanagan and Cohen,1
Egan; Flanagan and Cohen; P.C.,1
Egan; Flanagan and Cohen; PC,1
EGBASE & ASSOCIATES;GERALD  EGBASE,1
Egenberg APLC,1
Eglet Law Group,2
EGOLF FERLIC & DAY LLC,1
"Eichen Crutchlow Zaslow, LLP",1
Eide & Gingras; P.C.,1
EIKIND LAW OFFICES LLC;STEPHEN F SHEA,1
EILEEN B LEAHY,1
Einterz & Einterz,1
Eisenberg & Baum LLP,1
Eisenberg Cutt Kendall & Olson,1
Eisenberg Law Firm;Law Offices of Gary A. Dordick;The Law Offices of John Burton,4
Eisenhut & Eisenhut,1
EISENMENGER BERRY & PETERS PA IOTA,1
Eitan  Yanich,3
EITAN  YANICH,2
Eitan K Yanich,24
EITAN K YANICH,26
Eitan Kassel  Yanich,7
Eitan Kassel Yanich; PLLC,1
Ekwem & Associates Law Firm,1
El Dabe Law Firm; P.C.,1
El Dabe Ritter Trial Lawyers,1
El Monte Law Group,1
Elaine  Appleberry,1
Elaine  Bodurtha,2
Elaine  O'Neil,1
Elaine  Rodriguez,1
ELAINE  RODRIGUEZ-FRANK,2
Elaine K.B. Siegel & Assoc. P.C.,1
ELAINE N DEUTCH,1
Elaine Rodriguez  Frank,1
ELAINE RYZAK  FRASER;LAW OFFICES OF HARRIS & FRASER,1
Elam & Burke; P.A.,1
ELDERKIN LAW FIRM,1
ELEANOR N FLACH,1
ELECTRONIC FRONTIER FOUNDATION,1
"Elefterakis, Elefterakis & Panek, PC",1
Elefterakis; Elefterakis & Panek; PC,1
ELEMENT FINANCIAL CORPORATION,1
Elena A Esparza;Nicolas  del Campo (Guardian ad Litem);Valenzuela Law Firm,1
Elena M Romerdahl,1
Elfvin; Klingshern; Royer & Torch; LLC,1
Eli  George,1
ELI  GEORGE,1
Elia Law Firm APC,1
Elias Law Firm,1
Elias Law P.C.,1
ELIAS LAW; P.C.,1
Elic  Anabar,1
Elie  Halpen,1
Elie  Halpern,71
ELIE  HALPERN,123
ELIE HALPERN & ASSOC,1
ELIE HALPERN & ASSOCIATES PLLC,1
Elie Halpern & Associates; PLLC,5
ELIE HALPERN & ASSOCS PLLC,1
ELIJAEH M VELASQUEZ;LAWRENCE  DAVID ROHLFING,1
Elio  Morgan,1
ELIO  MORGAN,1
ELISA G MASSOTH PLLC,1
Elissa  Steglich,1
Elitok & Hartnett at Law; PLLC,1
Elitok and Hartnett at Law LLC,1
Elitok and Hartnett at Law; PLLC,1
Elizabeth  Alexander,1
ELIZABETH  BOWER DUNLAP,3
Elizabeth  Dunlap,8
ELIZABETH  DUNLAP,17
ELIZABETH  FARINA,1
Elizabeth  Feder-Hosey;National Trial Law;Timothy  Murr,1
Elizabeth  Govaerts;Vincent M Powers,1
Elizabeth  Haungs,9
ELIZABETH  HAUNGS,1
ELIZABETH  LUNN,2
ELIZABETH  MCCULLEY;STEWART; WALD & MCCULLEY LLC,1
ELIZABETH  MYERS,1
Elizabeth  Richards;John  Zelbst;Robert  Krause,1
Elizabeth  Stakenborg,2
Elizabeth  Teixeira;ROBERT F VAAGE,1
Elizabeth  Warren,2
Elizabeth A Bernard LLC,1
ELIZABETH A BERNARD LLC,1
Elizabeth A Ferrell,3
ELIZABETH A FERRELL,1
ELIZABETH A MOORE,1
Elizabeth A. Bernard; LLC,2
Elizabeth Ann  Kaungs,1
ELIZABETH B BARTNIK,1
Elizabeth B Dunlap,2
ELIZABETH B DUNLAP,11
Elizabeth B Fisher,1
ELIZABETH BOWER  DUNLAP,1
Elizabeth E Welch,1
Elizabeth F Lunn,1
ELIZABETH F LUNN;WOLF & HOGAN PC,1
ELIZABETH F STAKENBORG,1
Elizabeth Fleming,1
ELIZABETH K JONES,1
ELIZABETH M TARASI,1
Elizabeth O Ayodele,2
ELIZABETH O AYODELE,1
Elizabeth R Jones,3
ELIZABETH R JONES,3
ELIZABETH R. JONES ESQUIRE,1
Elizabeth T Walker,1
ELK &  ELK CO LTD IOLTA ACCT,1
Elk & Elk,3
ELK & ELK CO LTD,1
Elk & Elk Co. Ltd.,1
"Elk & Elk Co., Ltd.",1
Elk & Elk Co.; Ltd.,3
Elk & Elk Co.; LTD.,1
ELKIN LAW OFFICES LLC,1
Elkind  Law Office LLC;Stephen F Shea,1
Elkind  Law Offices LLC;Stephen F Shea,4
Elkind & Shea,4
ELKIND LAW  OFFICES,1
ELKIND LAW  OFFICES LLC,1
Elkind Law  Offices LLC;Stepens F Shea,1
Elkind Law  Offices LLC;Stephen F Shea,2
Elkind Law  Offices LLC;Stephen P Shea,1
ELKIND LAW OFFICE,1
ELKIND LAW OFFICE LLC,3
Elkind Law Office; LLC,4
ELKIND LAW OFFICE; LLC,1
ELKIND LAW OFFICES,2
ELKIND LAW OFFICES INC,1
Elkind Law Offices LLC,29
ELKIND LAW OFFICES LLC,53
ELKIND LAW OFFICES LLC;STEPHEN F PHELPS,1
Elkind Law Offices LLC;Stephen F Shea,1
ELKIND LAW OFFICES LLC;STEPHEN F SHEA,10
ELKIND LAW OFFICES; INC,2
Elkind Law Offices; LLC,11
ELKIND LAW OFFICES; LLC,11
ELLEN  RADIN,1
Ellen  Zweig,1
Ellen C Dove,1
Ellen C Hanson,11
ELLEN C HANSON,15
Ellen S Mandell,1
Ellenberg Law Group,2
Elliot  Zinger;Elliot Zinger PC,1
ELLIOT L BLOODSWORTH,1
Elliott  Lee Bloodsworth,1
Elliott  Ozment;Tricia  Herzfeld,1
Elliott & Phelan; LLC,3
Elliott & Smith Law Firm,1
Elliott & Smith; P.A.,1
Elliott and Smith Law Firm,1
Elliott L Bloodsworth,1
ELLIOTT L BLOODSWORTH,1
Elliott Ozment Trust Account,4
ELLIOTT T DENNIS,1
Elliott; Faulkner & Webber; LPA.,1
Elliott; Phelan; & Kunz,1
Ellis & Associates; Attorneys at Law LLC;Law Office of Heather Freeman; PLLC,1
ELLIS AND ORTEGA IOLTA,1
ELLIS B FREATMAN,1
Ellis Law Corporation,3
ELLIS LAW OFFICE PC,1
Ellis Law Offices,1
ELLIS LAWHORNE & SIMS PA TRUST ACCT,1
Ellis Legal P.C.,1
ELLIS M BRAGGS PA,1
ELLIS; ELLIS; HAMMONS & JOHNSON P.C.,1
Ellis; Li & McKinstry PLLC,1
ELON A POLLACK;STEIN SHOSTAK SHOSTAK POLLACK & OHARA,1
Elrod Pop Law Firm P.A.,1
Elton R. Lockings; PC,1
Eltringham Law Group,1
Elverson Law,1
Elverson Vasey & Abbott,1
ELVERSON VASEY LLP IOLTA,1
Elverson Vasey Wiedenfeld & Abbott,1
ELVIN  FOTENOT,1
EMCAS,1
Emerald Law Group,1
"Emerald Law Group, PLLC",1
Emerald Law Group; PLLC,2
Emergent LLP,1
Emerson Straw PL,1
Emery  Wang,2
Emery Celli Brinckehoff Abady Ward,1
Emery Celli Brinckerhoff Abady Ward & Ma,1
Emery Celli Brinckerhoff Abady Ward & Maazel LLP,662
"Emery Celli Brinckerhoff Abady Ward & Maazel, LLP",114
Emery Celli Brinckeroff & Abady LLP,1
Emery Celli Brinkerhoff & Abady LLP,1
EMERY K HARLAN,1
Emile Banks & Assoc; LLC,1
Emili  Vaziri,1
Emilio F Soler,1
EMILY  SHACK OF SHLESINGER & DEVILLEN,1
Emily  Smathers Ratliff,1
EMILY  SMATHERS-RATLIFF,1
Emily  Splitek,1
Emily A Unnasch;Robert J Symon,1
Emily B Read,2
Emily S Ratliff,1
EMILY W LAWYER,1
Emily-Ruth S Ratliff,1
Emmanuel E Edem & Associates Inc,1
Emmanuel E. Edem & Associates; Inc.,1
EMMANUEL SHEPPARD & CONDON PA,1
EMMETT L GOODMAN JR LLC,1
EMMETTE J SALEEBY,1
Employment Rights Attorneys,1
Emroch & Kilduff LLP,1
"EMROCH & KILDUFF, LLP",1
"End, Hierseman & Crain, LLC",1
End; Hierseman & Crain,1
End; Hierseman & Crain; LLC,1
Energy & Conservation Law,1
ENERGY & CONSERVATION LAW,1
Energy Northwest,1
Enes Em re Eris,1
Eng & Woods,1
Eng & Woods  Attorney at Law;Thad  Mulholland,1
Engle Carobini Covner & Coats LLP,1
Engle Law Group; PC,1
English & Associates; PLLC,1
ENGSTROM LIPSCOMB & LACK IOLTA ACCT,2
"Engstrom, Lipscomb & Lack",1
Engstrom; Lipscomb & Lack,1
Enis Guneyli,1
Eno Eno & Associates Inc,1
Enrique  Escarraz,17
ENRIQUE  ESCARRAZ,4
Enrique  Escarraz; III,1
ENRIQUE  GARCIA,1
Enrique  Lopez,5
ENRIQUE  LOPEZ,7
Enrique  Mendoza,1
Enrique  Moreno,1
ENRIQUE  MORENO,1
ENRIQUE  MORENO;JOHN E UNTEREKER;LYNN  COYLE,1
Enrique  Moreno;John P Mobbs,1
ENRIQUE  VELEZ-RODRIGUEZ,1
Enrique Lopez Law Office,1
Enriquez Law Firm,1
ENROCH & KILDUFF LLP,1
Entergy Services Inc.,3
Entergy Services Inc.;Pillsbury Winthrop Shaw Pittman LLP,1
"Entergy Services, LLC",1
Entergy Services; Inc.,1
Environmental & Animal Defense,1
Environmental Advocates,12
Environmental and Animal Defense,2
Environmental Defense Center,2
ENVIRONMENTAL DEFENSE CENTER,1
Environmental Defense Fund,1
Environmental Integrity Project,8
Environmental Integrity Project;[REDACTED FOR PRIVACY],1
Environmental Integrity Project;Powell Environmental Law,1
Environmental Law Clinic,2
ENVIRONMENTAL LAW CLINIC,2
Environmental Litigation Group P.C.,1
Environmental Protection Agency,14
Environmental Protection Agency;Faegre Drinker Biddle & Reath; LLP;TCOM; L.P.;ViacomCBS; Inc.,2
Environmental Protection Agency;Marten Law LLP,2
Environmental Protection Agency;Robert  Bakemeier,1
Epic Law PLLC,1
Epiq  Systems,1
Epiq Class Action & Claim Solutions;Epiq Class Action & Claims Solutions,17
Epiq Class Action & Claims Solutions,81
Epiq Class Action & Claims Solutions;John A. Tucker Co.; LPA,1
Epiq Class Action & Claims Solutions;M.P. Gross Law Firm; P.C.;Sonosky Chambers Sachse Miller & Munson;VanAmberg Rogers Yepa Abeita Gomez,61
Epiq Class Action & Claims Solutions;M.P. Gross Law Firm; P.C.;SonoskyChambersSachseMiller&MunsonLLP;VanAmbergRogersYepaAbeitaGomez&WorksLLP,4
Epiq Class Action & Claims Solutions;Sanford Heisler; LLP,1
EPPERSON LAW PLLC,1
EPS SETTLEMENT GROUP,1
EPS SETTLEMENT GROUP SETTLEMENT TR;MARK  HUMBERT,1
EPS SETTLEMENTS GROUP SETTELEMENT;JASON L NOHR;TRUST ACCT;WILLIAM L BALLARD,1
EPS SETTLEMENTS GROUP SETTLEMENT TRUST,1
EPS Settlements Group;Howard Law Firm,1
EPS Settlements Group;Richardson Maples PC,1
EPSTEIN SANDLER AND FLORA PC,1
Epting & Gillis LLC IOLTA Trust Account,1
Equian,2
Equian llc,1
Equian LLC,8
Equian LLC Optum,1
Equip for Equality,1
ERAS Legal Services PSC,1
Ercolani Law Group,1
Eric  Allen,1
ERIC  BRUNSTROM,1
Eric  Bryan Seuthe,1
ERIC  CARTER;WILBER & ASSOCIATES PC,1
Eric  Defrenn,1
Eric  Gottfried,1
ERIC  HONIG,2
ERIC  HUMMEL,1
ERIC  PALACIOS,1
Eric  Rasmusson,1
ERIC  RASMUSSON,2
Eric  Schnaufer,1
ERIC  SCHNAUFER,1
ERIC  SEITZ;JMW SETTLEMENTS INC,1
Eric  Slepian,46
ERIC  SLEPIAN,109
ERIC  SMITH,1
ERIC  UPDEGRAFF,1
Eric A Seitz,1
ERIC A SEITZ,2
ERIC A SEITZ  CLIENT TRUST ACCT,1
ERIC A SHORE;ERIC J FISCHER,2
Eric A. Rasmusson Law Office; PLLC,1
Eric Buchanan & Associates,1
ERIC BUCHANAN & ASSOCIATES,1
ERIC BUCHANAN & ASSOCIATES PLLC,1
Eric Buchanan & Associates; PLLC,1
ERIC BUCHANAN & ASSOCIATES; PLLC,1
Eric C Bohnet,2
ERIC C BOHNET TRUST ACCT,1
ERIC C CONN,2
Eric C Hoort,1
Eric D Handelman,1
Eric D Handleman,1
Eric D Krajewski,1
ERIC D VIRSHBO;MACMILLAN SCHOLZ & MARKS PC IOLTA,1
Eric E Brunstrom,1
ERIC E BRUNSTROM,1
ERIC E CHILD,1
Eric E Schnaufer,5
Eric G Slepian,20
ERIC G SLEPIAN,2
ERIC G. SLEPIAN,1
Eric Green and Associates,1
Eric H Hermansen,1
ERIC H KASSOR,1
Eric H. Green,1
Eric H. Green & Associates,1
Eric H. Green; Esq.,1
Eric H. Woods LTD,2
Eric J Fischer,9
ERIC J FISCHER,30
ERIC J FISHER,2
Eric J Yocum,4
Eric L Buchanan,1
ERIC L BUCHANAN,3
Eric L Webb,1
Eric L Webb Law Office,1
Eric M Ferrouillet,1
Eric M Strong,1
Eric M Theile,1
"ERIC M. STRONG, ATTORNEY-AT-LAW",1
ERIC N SCHLOSS,2
Eric N. Edwards; P.C.,1
Eric P Allen,5
ERIC P ALLEN,5
Eric Palacios and Associates Ltd,1
ERIC PALACIOUS  & ASSOCIATES,1
ERIC R COLE,2
Eric R Gotwalt;Robert  Rosenblum;Zipperer  Lorberbaum PC,1
Eric R Olson,1
Eric Rasmusson,1
Eric Rasmusson Law Office; PLLC,2
Eric Roy Law Firm,1
Eric S Montalvo; PLLC,1
Eric S Shapiro Attorney at Law,2
ERIC S SLATKIN,1
Eric W Berger,1
Erica  Mandell,1
ERICA J MANDELL,1
Erick W Berger,2
Ericka B Drake,1
Erickson Thorpe & Swainston LTD,2
ERICKSON; THORPE & SWAINSTON; LTD.,1
Erik  Berger,1
ERIK  BERGER,1
Erik A Alvarez,1
"Erik Atzbach, LLC",1
ERIK D EIKE,1
ERIK D FRYE,1
Erik D Frye PA,2
"Erik D. Frye, P.A.",1
Erik D. Frye; P.A.,1
Erik E Highberg,1
Erik W Berger,85
ERIK W BERGER,12
Erika  Contreras,1
Erika  Drake,4
Erika  Klie Kolenich,1
Erika B Drake,16
Erika Drake Law Offices,1
Erika E Goodman;Marie A Mattox,1
ERIN  BAUER,1
ERIN  BYRNES,1
Erin  Fishman,1
ERIN  MORROW,1
Erin  Steffen,1
Erin  Steffin,2
ERIN  STEFFIN,1
Erin  Steffin Bevins,1
ERIN C LAGESON,1
Erin E Bauer,1
Erin E Holbrook,1
Erin K McCabe,1
Erin M Smith,1
ERIN STEFFIN ATTNY AT LAW IOLTA TRT,1
ERIN TOOMEY/GEORGE ASH/SEAN FOLEY,1
ERISA Law Center,2
ERISA Law Group,1
ERNEST A VARGAS LAW CORPORATION;ROBERT  VARGAS,1
ERNEST C WHEELER;TRUST ACCOUNT THOMAS DEL BECCARO,1
Ernest G Cole,1
Ernest H Nomura,1
ERNEST J FRANCESCHI,1
ERNEST J WRIGHT,1
Ernest Sfez,1
Ernst Law Firm,1
Ernstrom & Dreste; LLP,1
EROL  OZCAN;KAYA  OLMEZ,1
Erol Ozcan,1
Eron Law,1
Eron Law; P.A.,2
Errico & Barakh; LLC,1
Erskine & Blackburn LLC,1
Erskine & Blackburn LLP,1
ERSKINE & BLACKBURN LLP;THE ONSTAD LAW FIRM,1
Ertugrul  Burultay,1
Erwin; Martinkus & Cole; Ltd,1
Escamilla Law Group,1
Escamilla Law Group PLLC,1
ESCAMILLA LAW GROUP PLLC,1
ESCROW ACCT OF R. CHILDS,1
ESCROW ACCT;SIEGEL & DOYLE ATTORNEYS AT LAW;THOMAS E DOYLE,1
Esdaile; Barrett; Jacobs & Mone; LLP,1
Esdale Law Firm,1
ESHELMAN LEGAL GROUP,1
ESQUIRE AND JOSEPH VALBRUN,1
Essakhar Law Firm,1
ESSNER & KOBIN LLP IOLA ACCT,2
Estelle Batailler,1
Estey and Bomberger P. A.;MD IOLTA Atty Trust Account,1
ESTRIN  BENN,1
Estrin & Benn LLC,1
Ethan  Jones,1
Etheridge & Bacon; PLLC,2
ETUDE GEORGES  PIERRET;GEORGE  PIEERRET;RANDALL  HELDT,1
EUBANKS & ASSOCIATES,2
"Eubanks & Associates, PLLC",2
Eubanks & Associates; LLC,1
EUBANKS & ASSOCIATES; PLLC,1
EUBANKS & ASSOCIATES;EUBANKS & ASSOCIATES; PLLC,1
EUEL W KINSEY;MCKEEN & ASSO PC CLIENT TR ACCT IOLTA,2
EUGENE  GLAZER,1
EUGENE  IREDALE,1
EUGENE A SHAPIRO,1
EUGENE D FAUGHNAN,1
Eugene G Beckham,1
Eugene G Iredale,2
Eugene J Julian,1
EUGENE K BERTMAN;JENNIFER  HENSHAW MCBEE;KENNIS M BELLMARD,1
EUGENE K BERTMAN;JENNIFER  MCBEE;MCCORMICK & BRYAN PLLC,1
Eugene K Bertman;Ryland L Rivas,1
EUGENE M FAUGHNAN,1
Eugene Thomas  Ryder,1
EULIS  SIMIEN,1
Eva Carbot Law Offices,1
Eva I Guerra,2
EVA I GUERRA,1
Evan  Marken,1
EVAN  MASON HARRIS,1
Evan  Metaxatos,1
Evan  Smith,1
EVAN M ALLEN,1
Evans & Dixon LLC,2
"Evans & Dixon, LLC",1
Evans & Evans PC,1
Evans & Fox LLP,1
Evans and Dixon; LLC,1
Evans and Silver,1
Evans Blasi,3
Evans Edwards; L.L.P.,2
Evans Garrey PLLC,3
"Evans Haigh & Arndt, LLP",1
Evans Haigh & Hinton LLP,1
EVANS J CARTER PC,1
"Evans Moore, LLC",1
Evans Moore; LLC,2
Evashavik; DiLucente & Tetlow; LLC,1
Eve D Dake,2
Eve D Drake,1
Evelyn  Brooks,2
EVELYN  BROOKS,3
EVELYN  SPURGIN;HILLMAN BROWN & DARROW PA,1
EVELYN A DE JESUS-RODRIGUEZ,1
Everage Law Firm PLLC,2
EVERETT  LAW IOLTA TRUST;PETER  EVERETT,1
Everett  Walton,1
Everett Gaskins Hancock et al,2
Everett J. Petersson PC,1
Everett Law PLLC,1
Evergreen Disability Law,1
Evergreen Personal Injury Counsel,1
Eversheds Sutherland LLP,1
Eversheds Sutherland LLP;Washington Lawyers' Committee for Civil,2
Eversole & Associates PA,1
Everson Whitney Everson & Brehm SC,1
EVEY BLACK ATTORNEYS LLC,1
Evey/Black Law Firm,1
Ewaniszyk Law Firm,1
EWING  EWING P.C. LAWYER TRT ACCOUNT;JOSH  EWING,1
Ewing & Willis PLLC,2
Excel Collision LLC,1
Excelus Law Group; Inc,1
Excelus Law Group; Inc;Law Offices of Joshua Milon,1
Exckland & Blando P.A.,1
Executive Law Partners; LLC,1
Executive Law Partners; PLLC,1
Exelon Generation Co.; LLC,1
Exelon Generation Company; LLC,1
EXL Service Holdings Inc,1
EXL Services Technology Solutions; LLC,1
EXLService Holdings; Inc.,1
Eyal Soref,1
Eydie R Vanderbosch,1
EYMANN ALLISON HUNTER & JONES PS;STEVEN L JONES,1
Ezekiel  Fletcher,1
Ezequiel  Reyna,1
EZEQUIEL  REYNA,1
EZRA  REESE,1
F  F;FRIEBERT FINERTY & ST JOHN SC TRUST ACCT,1
F ATHONY  KOUSHAN,1
F M Friedman,1
F. Dayle  Andersen,1
F. Javier  Trujillo,2
F. Michael  Friedman,1
F. Samuel Byrer; PLLC,1
F.M. TURNER; III PLLC TR ACCT,1
"Faber & Troy, Esqs.",1
Fabio  Apolito,1
Fabrizio  Querin,7
FABRIZIO  QUERIN;PAOLO  TOFFOLI,5
Fabrizio Quentin,1
Fabrizio Querin,5
Facchini & Facchini P.A.,1
Facchini & Facchini P.C.,2
"Facchini & Facchini, P.C.",1
FACCHINI & FACCHINI; P.C.,1
Fadduol Cluff & Hardy PC,1
FADDUOL CLUFF & HARDY PC,1
FADDUOL CLUFF HARDY PC ALBUQUERQUE;GANESHA  MARTIN,1
FAEGRE & BENSON LLP;MICHAEL  SOULES;REBECCA  JUDD,1
FAEGRE & BENSON LLP;SUNNE  KNUDSEN,1
Faegre Baker Daniels & Eckland & Blando,2
Faegre Baker Daniels LLP,5
Faegre Drinker Biddle & Reath,3
Faegre Drinker Biddle & Reath LLP,8
FAEGRE DRINKER BIDDLE & REATH LLP,2
Fagot Law Office,1
Faherty Law Firm,2
Fair Work; PC,1
Fairey Law Firm,1
Faith Horning-Keating; Esq.,2
FALES &  FALES,1
FALES & FALES PA,1
Fales & Fales; P.A.,1
Falk & Falk PA,1
Family Legal Services LLC,1
"Fanizzi & Barr, P.C.",1
Fanizzi & Barr; P.C.,1
Fannaff; Hoagland; Gonzales & Baldwin,1
Fannaff; Hoagland; Gonzalez & Baldwin,1
Fannin Litigation Group,1
FANNIN LITIGATION IOLTA TRUST,1
Faraci Lange,1
FARACI LANGE ATTORNEYS;JULIE S JORDAN,1
Faraci Lange LLP,1
"Faraci Lange, LLP",1
FARACI LANGE; LLP,1
FARAH &  FARAH; PA,1
Farah & Farah,10
Farah & Farah P.A.,1
Farah & Farah PA,9
FARAH & FARAH PA,1
"Farah & Farah, P.A.",1
Farah & Farah; P.A.,5
Farah and Farah,2
Farah and Farah P.A.,1
Farah and Farah; P. A.,1
Farah and Farah; P.A.,2
FARAH AND FARAH; P.A.,1
Farah Law Group,3
"Farah Law Group, PLLC",1
Farahi Law Firm; APC,2
FARGASON BOOTH ST CLAIR RICHARDS,1
Farhang & Medcoff PLLC,2
Farley & Graves Law Offices,1
FARLEY ROBINSON & LARSEN;FRAZER RYAN GOLDBERG & ARNOLD,5
Farmer & Fitzgerald; P.A.,2
Farmer Case & Fedor; Attorneys At Law,1
Farmer Cline & Campbell,1
FARMER CLINE & CAMPBELL,1
Farmer Cline & Campbell PLLC,2
FARMER CLINE & CAMPBELL PLLC,1
Farmer; Cline & Campbell; PLLC,1
Farmers Ins. Exchange,1
Farmers Insurance,1
Farmers Insurance Exchange Subrogation,1
Farnsworth & Vance,3
Farr Law Firm,1
Farrah & Farrah,2
Farrah & Farrah; PA,1
Farrar &  Ball LLP,1
Farrar & Bates LLP,1
Farrell Law Office,1
"Farrior & Associates,",1
"Farrish Johnson Law Office, Chtd.",1
FARROW & PULICO PA,1
Farzam Law Firm,2
FATAI A SULEMAN,1
Fatima A Zeidan,1
Fausone Bohn LLP,1
FAUSONE BOHN LLP,1
Faxon Law Group,1
Faxon Law Group; LLC,1
"Fay & Associates, LLC",1
Fay Law Associates,1
"Fay Law Group, PA",3
Fay Law Group; PLLC,1
Faye R Cohen,1
Fazio; DiSalvo & Abers; P.A.,1
Fazzano & Tomasiewicz,1
FBO DOWNEY & MURRAY TRUST ACCT,1
Fear Waddell PC,1
Fears Nachawati Law Firm,2
Federal Employee Legal Services Center,5
Federal Employee Legal Services Ctr,1
FEDERAL INSURANCE COMPANY;FISHER & PHILLIPS LLP,1
Federal Practice Group,2
Federal Public Defender,2
Federal Tort Law Group,18
Federal Tort Law Group d/b/a Archuleta Law Firm,1
Federal Tort Law Group LLC,2
Federal Tort Law Group PLLC,2
"Federal Tort Law Group, LLC",2
"Federal Tort Law Group, PLLC",19
"Federal Tort Law Group, PLLC d/b/a Archuleta Law Firm",2
"Federal Tort Law Group, PLLC DBA Archuleta Law Firm",4
Federico  Diaz;Law Offices of Lawrence D. Rohlfing,1
FEENEY CENTI & MACKEY TRUST ACCOUNT,1
"Feerick Nugent Maccartney, PLLC",1
FEILER & LEACH PL,2
Feiler & Leach PL Trust,1
FEILER & LEACH;MICHAEL B FEILER,1
Fein & DelValle PLLC;Goddard & Wagoner PLLC,1
FEIN FLYNN & ASSOCIATES PC,1
Fein; Flynn & Associates; P.C.,1
Feinbloom Bertisch; LLP,1
Feingold & Posner PA,2
FEL  TABANGAY,1
Felahy Employment Lawyers,1
"Felberbaum, Halbridge & Wirth",1
Felberbaum; Halbridge & Wirth,1
Feldesman Tucker Leifer Fidell LLP,2
FELDMAN &  FELDMAN LLP,1
Feldman & Feldman,1
Feldman & Feldman LLP,4
FELDMAN & FELDMAN LLP,1
Feldman & Lee,1
Feldman & Walch,2
Feldman and Wallach,1
Feldman Shepherd Wohlgelernter,1
FELDMAN SHEPHERD WOHLGELTNER ET AL;JASON A DARIA,1
Feldman; Fox & Morgado; P.A.,1
FELDSTEIN GRINBERG LANG & McKEE,1
FELICE LAW OFFICES PS,1
Felicia C Weingartner PC,1
Felipe  Llerena Vasquez,1
Felipe  Parker,1
Felipe B Link & Associates,3
Felipe B Link and Associates,1
Felix Gonzalez Law Firm,2
FELIX GONZALEZ LAW FIRM,1
Felix Gonzalez Law Firm. PC,1
Felker Sander and Associates PC,1
Felker; Sander and Associates,1
Feller & Wendt LLC,3
Fellers Snider Blankenship Bailey et al,1
Fellows Hymowitz Rice,1
FELTMAN GEBHARDT GREER & ZEIMANTZ,1
Femminineo Attorneys; PLLC,1
Fennemore Craig; P.C.,1
Fenstersheib Law Group PA,1
Fenstersheib Law Group; P.A.,1
Fenstershieb Law Group PA,1
Ferdinand F Peters; Esq Law Firm,1
Ferguson & Coppes,1
Ferguson & Wilson; P.C.,1
FERGUSON LAW OFFICE PLLC,1
FergusonSteinChambersGresham&Sumter P.A.,1
FERNANDO O ZAMBRANA-AVILES,4
Ferrara & Gable,1
Ferrara Law Firm PLLC,1
FERRIS &  SALTER,1
Ferris; Eakin & Thomas; P.C.,1
FERRITER SCOBBO & RODOPHELE PC;MORGAN LEWIS & BOCKIUS LLP;PILLSBURY WINTHROP SHAW PITTMAN LLP;ROBERT G FUNKE,1
Ferruccio A. Romeo; Esq.,1
Ferruggia & Caslisto LLP,1
Feruerstein  Smith LLP,1
Fex Law; LLC;Stephens & Klinge; LLP,2
Fex Law; LLC;Stephens and Klinge LLP,2
FexLaw LLC,1
FH+H; PLLC,1
Ficek Law,1
Ficek Law Office,1
Ficek Law Office; PC,2
Ficek Law PC,1
Ficek Law; PC,1
Fichera & Miller; P.C.,1
FIEGER & FIEGER,2
Fieger & Fieger PC-IOLTA ACCT,1
FIEGER & FIEGER PC;JAMES J HARRINGTON,1
Fielding Law Group,5
FIELDS DEHMLOW & VESSELS,1
Filetti Law PC,1
Filetti Law; P.C.,1
Filippo  Basile,1
Filippo Basile,4
Finch Thornton & Baird LLP,1
Finch Thornton Baird LLP,1
Finch; Thornton & Baird LLP,1
Finch; Thornton & Baird; LLP,3
Findler & Findler; P.A.,1
Findley & Rogers; PLLC,1
Findling Park Conyers & Woody PC,1
Findling Park Conyers Wood & Sniderman,1
Fine and Staud; LLC,1
Fine Grzech Kelly & MacMeekin PA,1
Fine Law Firm,4
FINE LAW FIRM,2
FINE LAW FIRM TRUST ACCOUNT,1
FINE; FARKASH & PARLAPIANO PA,1
FINGER & FRASER PA,1
Finizio & Finizio,1
Finkel Law Firm,20
Finkel Law Firm LLC,1
FINKEL LAW FIRM LLC,1
FINKEL LAW FIRM LLC;HOWARD  SHEFTMAN,1
Finkel Law Firm; LLC,38
FINKELSTEIN  & PARTNERS LLP,1
Finkelstein & Partners LLP,1
Finkelstein & Partners; LLP;Jacoby & Meyers,1
"Finnegan, Henderson, Farabow, Garrett & Dunner, LLP",1
Finnegan; Henderson,2
Finz & Finz PC,1
FINZ & FINZ PC ESCROW ACCT,1
"Finz & Finz, P.C.",1
Finz & Finz; P.C.,1
FIOL Law Group; P.A.,1
Firas E Neshweiwat,1
FIRES & NEWBY LLP;WEBER GALLAGNER SIMPSON STAPLETON,1
First & Fourteenth,1
First Energy Service Co.,1
First Financial Asset Management,3
First Liberty Institute,2
Fischer Butts Sechrest Warner PA,1
Fischer Redavid; PLLC,2
Fish & Richardson  PC,1
Fish & Richardson PC,1
Fish & Richardson; PC,1
Fishbeyn & Briskin LLC,1
Fisher & LaMonica PC,1
Fisher & Phillips LLP,1
Fisher Law Firm,2
FISHER LAW LLC;MITCHELL A PETERS,1
Fisher Law Office,1
FISHER LONG & RIGONE;PRIBANIC & PRIBANIC LLC IOLTA,6
Fisher Rainey Hudson,1
Fisher; Byrialsen & Kreizer; PLLC,1
Fisher&Hudson dba Fisher Rainey Hudson,3
"FISHMAN & CHERMOL, LLC",3
FITZGERALD & FITZGERALD;JOHN M DALY,1
Fitzpatrick Skemp & Associates LLC,1
Fitzpatrick Skemp & Assocs LLC,1
Fitzpatrick; Skemp & Butler; LLC,2
Fitzsimmons Law Firm,1
Fitzsimmons Law Firm PLLC,1
"Fitzsimmons Law Firm, PLLC",2
Flager & Yockey,1
Flaherty Gallardo Lawyers,2
FLANAGAN & BODENHEIMER,1
Flanagan Injury Law Group; LLC,1
"Flanagan Law , P.C.",1
Flanigan & Bataille,3
FLANIGAN & BATAILLE,2
FLANIGAN & BATAILLE AK IOLTA ACCOUNT,1
Flanigan Law Office,1
FLAVIA E LOGIE,1
Flaxman Law Group P.A.,1
Fleet Response,3
Fleming Ingram Floyd & Leopard LLP,1
FLEMING LAW OFFICES; PLLC,2
"Fleming, Nolen & Jez, L.L.P",1
"Fleming, Nolen and Jez, L.L.P.",1
Fletcher Law PLLC,1
FLETCHER LAW PLLC,1
Fletcher Van Gilder,1
Fletcher Van Gilder LLP,5
Fletcher VanGilder LLP,1
Flexer Law PLLC,1
Flexer Law; PLLC,1
Flickinger Legal Group,1
Flint &  Soyers PC,1
FLINT & SOYARS PC,1
Flint & Soyars; P.C.,1
FLINT AND SOYARS,1
FLINT AND SOYARS PC,2
Flint Cooper LLC,1
"Flint Cooper, LLC",12
Flint Law Firm,2
"Flint Law Firm, LLC",1
Flint Law Firm; LLC,3
Flom Law Firm,1
Flora De  Matteis,2
Florence Agostini Beyer,1
FLORENCE M JOHNSON,1
Flores Mendez P.C.,1
Flores Tawney & Acosta PC,1
Flores Tawney Acosta PC,1
Flores; Tawney & Acosta,1
Flores; Tawney & Acosta PC,2
FLORIDA IMMIGRANT ADVOCACY CENTER,1
FLORIDA IMMIGRANT ADVOCACY CENTER; INC,1
FLORIDA INSTITUTIONAL LEGAL SERVICES,1
FLORIDA JUSTICE INSTITUTE,1
FLORIDA JUSTICE INSTITUTE INC,1
Florida Justice Institute; Inc.;Law Offices of Alan Goldfarb; P.A.,1
Florida PIP Law Firm; PA,1
Florida Power & Light Company,1
Florida Trial; P.A.,1
Florin and Roebig,2
Florin Roebig,3
Florin Roebig; P.A.,1
Florin Roebig; PA,1
FLOURNOY & DOGGETT,1
FLOWER & ANDREOTTI TRUST ACCOUNT,1
Floyd & Hunter & white PC,2
FLOYD D LAINHART,1
FLOYD HUNTER KIES & WHITE PC,1
Floyd R Chapman,1
Fluent Huber & Hoang,1
Fluet Huber & Hoang,1
Flynn & Associates; P.C.,1
FLYNN & ASSOCIATES; P.C.,1
Flynn & Phillips,1
Flynn Law,1
Flynn Law Firm,1
Fodera & Long,1
Fodera Long & Lalli PC,1
Fogelman & Fogelman LLC,1
FOLDS & WALKER  TRUST ACCOUNT;S SCOTT WALKER  FOLDS & WALKER,1
Folds & Walker; LLC,1
Foley & Lardner,1
Foley & Lardner LLP,15
"Foley & Lardner, LLP",1
Foley & Mansfield LLP,1
Foley & Small,1
Foley & Small; LLP,1
FOLEY HOAG LLP,1
Foley Law Firm,2
FOLEY LAW FIRM,1
FOLEY MCLANE FOLEY MCDONALD & MACGREGOR,1
FOLEY; MCLANE; FOLEY; MCDONALD,2
FOLKERTH & FOLKERTH PLL-IOLTA TR ACCT,2
Folkerth + Routh LCC,2
Folks & DeVenny LLC,1
Fonvielle Lewis Messer & McConnaughhay,2
Fonvielle; Lewis; Messer & McConnaughhay,1
FORAN & FORAN PA,1
"Foran & Foran, P.A.",1
Foran Foran P.A.,1
Forbes & Broadwell,2
Forbes & Rodman PC,1
Forbes Law Firm,1
Forbes Law Firm LLC,1
"Forbes Law Firm, LLC",2
Forbes Law Office,8
Forbes Rodman,1
Forbes Rodman P.C.,1
Forbes Rodman PC,16
"Forbes Rodman, PC.",1
Ford Law Pros P.C.,1
Ford Law Pros PC,1
Ford Law Pros; P.C.,2
Fordumas LLC,2
Foremost Insurance,1
FOREST G BUFFINGTON;ROSENFELT & BUFFINGTON ARIZONA TR ACCT,1
Forgren Fisher McCalmont DeMarea Tysver,1
FORMISANO & COMPANY,1
Formisano & Company PC,1
FORREST  BUFFINGTON,1
FORREST B JOHNSON ASSOC,1
FORREST G BUFFINGTON;J  LAWSON & CO,1
Forslund Law,2
Forslund Law LLC,7
Forslund Law; LLC,1
FORT BELKNAP INDIAN COMMUNITY,1
Forte & Pittard,1
Forthright Law PC,1
Fortier & Mikko,1
Fortier & Mikko PC,1
FORTIER & MIKKO PC,2
"Fortier & Mikko, P.C.",1
Fortner & Quail LLC,1
Foshee & Yaffe,2
Foshee & Yaffe Law Firm,1
Foshee and Yafee,1
Foshee Yaffe LLC,1
Foster & Mazzie LLC,1
Foster Garvey PC,2
Foster Law Firm,1
Foster Law LLC,3
FOSTERQUAN LLP,1
FOUNDATION;JENNIFER  MORTON;JENNIFER MORTON IOLTA TENNESSEE BAR,1
FOUNDATION;PAULA SAVE-  DOOPER;SAYE LAW PLLC MONTANA JUSTICE,1
Foutris Law Office; Ltd.,1
Fowler & Fowler PA,1
Fowler Pickert Eisenmenger,1
Fowler Pickert Eisenmenger LLC,1
Fowler Pickert Eisenmenger Norfleet,1
Fowler Pickert Eisenmenger Norfleet LLC;Robert  Norfleet;Ryan  Fowler,1
Fowler Pickert Eisenmenger Norfleet; LLC,1
Fowler Pickert Eisenmenger; LLC STRO,1
"Fowler St. Clair, PLLC",1
Fowler; Pickert; Eisenmenger; Norfleet; LLC,2
FOX & ASSOCIATES AT LAW,1
Fox & Farmer Law Office,1
Fox & Vuylsteke LLP,1
FOX GOLDBLATT & SINGER PC,1
Fox Law; P.C.,1
Fox Rothschild LLP,21
Fox Rothschild; LLP,1
Fox Williams & Sink LLC,2
Fox; Goldblatt; & Singer PC,1
Foy & Associates,6
FOY & ASSOCIATES,2
Foy & Associates PC,3
FOY AND ASSOCIATES,1
Frails & Wilson,2
Frails & Wilson Attorneys at Law,1
Frails & Wilson; P.C.,1
FRALEY & HILL;FRANK CURTIS  MALIER; DECEASED,1
FRANCES  O'REILLY,1
FRANCES  O'REILLY;FRANCIS J O'REILLY,1
Francesca  Zeltmann,12
FRANCESCA  ZELTMANN,1
Francesca Iacovangelo; McCann & Wall LLC,1
FRANCESCA J MACDOWELL,1
Francesca J MacDowell;Michael D Armstrong,1
FRANCESCA J MACDOWELL;MICHAEL D ARMSTRONG,1
Francesca Zeltman Esq.,1
Francesca Zeltmann Esq.,7
"Francesca Zeltmann, Attorney at Law",2
Francesca Zeltmann; Attorney at Law,1
Francesco  Benavides,1
Francesco  Giarrizzo,2
Francesco Benavides,19
Franchot  Golub,1
FRANCIS  CULKIN,1
FRANCIS  HINSON;GERALD  JOWERS;HUVER & ASSOCIATES INC;KENNETH M SUGGS,1
FRANCIS  JACKSON,1
FRANCIS  JACKSON;FRANCIS M JACKSON PA,1
Francis  Lynch,1
Francis & Mailman,1
Francis E Budde,1
Francis E Sweeney,1
FRANCIS G FANNING IOLTA,1
Francis J Lynch JD PC,3
Francis J Stopper,1
Francis K Culkin,2
FRANCIS K CULKIN,2
Francis M Jackson,3
FRANCIS M JACKSON,3
Francis M Jackson PA,1
Francis M. Jackson; P.A.,1
"FRANCIS MAILMAN SOUMILAS, P.C.",1
Francis O. Kadiri; LLC,1
Francis V Liantonio,2
Francis White Law; PLLC;Krause Law; PLLC,2
FRANCIS X YOUNG,1
FRANCISCO  ARTEAGA,1
Francisco  Benavides,12
Francisco  Rodriguez,22
FRANCISCO  RODRIGUEZ,26
Francisco  Rodriquez,1
Francisco J Aldana,1
Francisco J Rivera-Bujosa,1
Francisco J Rodriguez,1
Francois M. Nabwangu; Esq.,5
Franczek P.C.,1
Franich Law Office LLC,1
Frank  Catala Morales,1
FRANK  DeBONI,1
Frank  DeLaPuente,1
Frank  DiCosola,2
Frank  Ferrell,1
FRANK  FLY,1
Frank  Lawrence,1
Frank  Lawrence;Marcari; Russotto  Spencer Balaban Iolt,1
FRANK  MORRIS,1
FRANK  SANTILLI,1
FRANK  ST PHILIP II,2
FRANK  VERDERAME,1
FRANK & SESKIN LLP IOLTA,1
FRANK A WILLIAMS,1
Frank C Panetta,1
Frank D Butler PA,1
Frank D Butler; PA,1
Frank D Inserni-Milam,1
Frank D Lawrence,2
Frank D. Butler; P.A.,1
Frank G Tuzzolino,2
Frank G. Tuzzolino,1
Frank G. Tuzzolino Attorney at Law,1
"Frank G. Tuzzolino, Attorney at Law",2
Frank G. Tuzzolino; Attorney At Law,2
Frank Garza Law Firm PLLC,1
Frank J Coviello,3
FRANK J COVIELLO,1
FRANK J KAVENEY;JMW SETTLEMENTS; INC - CLIENT FUNDS ACCT,1
FRANK J SCHLEHOFER,1
Frank L Orabona,6
Frank L Rone,1
Frank Law Office PC,1
Frank M Benn;PAUL MICHAEL BENN PC,1
Frank M Buck,1
Frank M Ferrell,1
FRANK M NUNES,1
Frank Mafrice & Associates; P.L.L.C.,1
Frank O Hanson,1
Frank P Sarro,1
Frank R Jozwiak,1
FRANK R JOZWIAK,1
FRANK R LANGTON & ASSOCIATES PC,1
FRANK R SOUTHERS; PC IOLTA ACCT,1
Frank T Koch,3
FRANK T KOCH,2
FRANK T STANLEY,1
Frank V. Crudo APLC,1
FRANK W GENTRY,1
Franklin & Prokopik PC,1
Franklin & Prokopik; PC,1
Franklin D Azar,2
Franklin D Azar & Associates PC,4
FRANKLIN D KREUTZER,1
Franklin D. Azar & Associates,1
Franklin E Parker,1
Franklin Law Office,1
Franklin S Yudkin & Associates PSC,1
Franklin Square Law Group,1
Frankls Miller & Webb LLP,1
FRANKOVITCH ANETAKIS COLANTONIO & SIMON,1
Frantz  Vital,1
Frantz Law Group,1
FRANTZ LAW GROUP APLC;LAW OFFICES OF MARC D. MABILE;LAW OFFICES OF RICHARD M. FOSTER,3
Frantz Law Group; APC,1
Frantz Law Group; APLC;Phillip C Aman,2
FRANTZ MCCONNELL & SEYMOUR,1
Frantz Ward LLP,2
Frantz Ward; LLP,1
FRANZ C. JOBSON; P.A.,1
Franzblau Dratch,1
Franzblau Dratch LLC,1
Franzblau Dratch PC,3
Franzblau Dratch; P.C.,2
Franzblau Dratch; PC,1
Fraser & Souweidane PC,1
Fraser Stryker PC LLO,5
Frasier Frasier and Hickman LLP,3
"Frasier, Frasier & Hickman",1
Frasier; Frasier; Hickman LLP,2
Fratus Brady LLC,1
FRATUS BRADY LLC,1
Fratus Law Group,7
FRATUS LAW GROUP,1
Fratus Law Group LLC,2
FRATUS LAW GROUP LLC,1
Fratus Law Group LLC;Maryland Legal Services Corp,1
"Fratus Law Group, LLC",7
Fratus Law Group; LLC,1
FRATUS/BRADY; LLC,1
Fred  Glantz,2
Fred  Marrs;Law Offices of Blase & Blase,1
Fred  Tabak,1
FRED  TABAK,1
Fred  Vialet,1
FRED  WEXLER,1
FRED D SMITH JR PC TRUST ACCOUNT,1
Fred J Morton;Michael R Adkins,3
Fred Kennedy PC,1
Fred Loya Insurance,1
FRED R HUNTER,1
FRED T HAMLET,1
Fredd J Haas,1
FREDD J HAAS,3
FREDEKING & FREDEKING LAW OFFICES; LC,1
Frederic M Rosen,1
Frederic M. Rosen; P.C.,1
Frederic W Schwartz,1
Frederick  Brodie,1
FREDERICK  COLES,1
FREDERICK  NEWALL,3
Frederick (Fritz)  Byers,1
FREDERICK &  ROGER P.C.,1
Frederick & Hagle,1
FREDERICK A MILLER & ASSOCIATES,1
Frederick A Raab,1
FREDERICK A RAAB,3
Frederick D Jones;Pia Gallegos Law Firm; P.C.,1
FREDERICK D KELLY & ASSOCIATES PC,2
Frederick H Lundeblade,1
FREDERICK I HALL,1
FREDERICK J ARENSMEYER,1
Frederick J Bryan Law Office PC,1
Frederick J Brynn,1
Frederick J Brynn Law Office PC,1
Frederick J Dailey,1
Frederick J Daley,14
FREDERICK J DALEY,11
FREDERICK J DALEY JR,2
Frederick J Daley; Jr.,1
Frederick J Gant,1
FREDERICK J GANT,1
Frederick J Sette,2
Frederick J. Brynn; P.C.,1
Frederick Law Offices,87
"Frederick Law Offices, PLLC",1
Frederick Law Offices; PLLC,1
FREDERICK MANDELL ATTORNEY AT LAW,1
Frederick Peebles & Patterson LLP,1
Frederick Peebles & Patterson; LLC,1
FREDERICK TOBIN AND ASSOCIATES,1
FREDERICK W ADDISON,1
FREDERICK W CLAYBROOK,2
Frederick W Newall,6
FREDERICK W NEWALL,8
Fredericks Peebles & Morgan LLP,2
Fredericks Peebles & Patterson LLP,4
Fredericks; Peebles & Morgan,1
Frederik Putzo,1
Fredric M Gold,1
FREDRICK  MANDELL,1
Fredrikson & Byron P.A.,1
"Fredrikson & Byron, P.A.",1
Fredson Statmore Bitterman LLC,1
Freeburn & Hamilton,1
Freeburn Law,1
Freedman & Lorry PC,1
Freedman Boyd et al IOLTA;Nancy  Hollander,1
FREEDMAN BOYD IOLTA;RAYMOND  HAMILTON,1
Freedom of Conscience Defense Fund;Thomas More Law Center,2
Freehill Hogan & Mahar LLP,1
Freeman & Bass,1
FREEMAN & BASS P.C.,1
Freeman Hughes Freeman; LLC.,1
Freeman Law Firm,1
"Freeman Law Firm, Inc.",1
Freeman Law PLLC,1
Frei Mims & Perushek; LLP,1
Frei Mims Perushek; LLP,1
Freiwald Law,1
FREKING & BETZ TRUST ACCT IOLTA;ROBERT STEINBERG CO LPA,3
Frenkel Lambert Weiss,1
FRENKEL LAMBERT WEISS WEISMAN,1
Frenkel Lambert Weiss Weisman & Gordon,2
Frenkle Lambert Weisman & Gordon LLP,1
FRIDAY & COX LLC,1
Friebert; Finerty & St John SC,1
"Fried,Frank,Harris,Shriver&Jacobson LLP",1
Fried; Frank; Harris; Shriver & Jacobson,1
FRIEDBERG & TROMBI,1
Friederichs & Thompson PA,2
FRIEDERICHS & THOMPSON PA;FRIEDRICH A P SLEKERT;STEPHEN  THOMPSON;TAMMY  FRIEDERICHS,2
FRIEDERICHS & THOMPSON; P.A.;STEPHEN  THOMPSON,1
Friedl Richardson,1
"Friedler & Friedler, P.C.",1
Friedman & Feiger LLP,1
FRIEDMAN & FRIEDMAN,1
Friedman & Friedman; P.A.,2
Friedman and Friedman; P.A.,1
Friedman Framme Thrush,1
Friedman Hirschen Law Firm,1
Friedman James & Buchsbaum LLP,1
Friedman Law,1
Friedman Law Office,1
FRIEDMAN LAW OFFICE P.C.,1
FRIEDMAN LAW OFFICE P.C. IOLTA,1
Friedman Rodman & Frank; P.A.,1
Friedman Rubin,1
Friedman Sanchez,2
Friedman Schuman Applebaum Nemeroff,1
Friedman; Abrahamsen & Cruz,1
Friedman; Domiano; Smith CO; LPA,1
Friedman; James & Buchsbaum; LLP,1
Friedman;Schuman;Applebaum&Nemeroff; PC,1
FRIENDS OF ANIMALS,1
Frisby Attorney at Law,1
Frischhertz Poulliard Frischhertz,1
Frischhertz; Frischhertz & Impastato LLC,2
Frischhertz; Poulliard; LLC,1
Frith & Ellerman Law Firm,3
FRITH & ELLERMAN LAW FIRM; P.C.;LAUREN E DAVIS,1
Frith & Ellerman PC,1
Fritz & Bianculli; LLC,2
FROST & ZEFF,1
Frost Brown Todd LLC,1
FROST VAN DEN BOOM SMITH PA TR ACCT,1
Fruchter Law; PLLC,1
Fry & Ritchie,1
Frydman Law,1
Frydman Law LLC,4
"Frydman Law, LLC",1
Fuchs Greenberg & Sapin LLC,1
Fudge Nieto Stokes Law Firm PLLC,1
"Fudge Nieto Stokes Law Firm, PLLC",2
Fujiwara and Rosenbaum; LLC,1
Fulbright and Jaworski; LLP,1
Fulkerson & Fulkerson,1
FULLER & FULLER ATTORNEYS AT LAW TR ACCT,1
Fuller & Sabers LLP,1
FULLER & SABERS LLP;WILLIAM  FULLER,1
FULLER & WILLIAMSON LLP,1
Fuller and Fuller,1
FULLER AND SABERS LLP,2
Fuller Wallner Law Firm,1
Fulvio  Carollo,1
FUMUSO; KELLY; DEVERNA; SNYDER;,2
Furr & Henshaw,2
FURR & HENSHAW,2
Furr & Henshaw Attorney At Law,1
Furr and Henshaw,1
Furr; Henshaw & Ohanesian,1
FURY BAILEY POOLED IOLTA FOR LFOW,1
FURY BAILEY PS IOLTA ACCT,1
Fusco & Giuliano,1
Fusco & Macaluso Partners LLC,1
Fusco Brandenstein & Rada; P.C.,3
FUSCO BRANDENSTEIN & RADA; P.C.,1
"Fusco, Brandenstein & Rada, P.C.",1
Fusco;  Brandenstein & Rada,1
Fusco; Brandenstein & Rada; P.C.,8
Fusco; Brandenstein & Rada; PC,1
Futrovsky Forster & Scherr,1
G Brian Spears Law Office,1
G DANIEL GARZA IOLTA TRUST ACCT,1
G Douglas  Jones,1
G Gene  Arnholt,1
G Karl Bernard & Associates Law Office,1
G KAYLE  DOMANN,1
G Lant Barney Jr,1
G MARSHALL  MUNDY,3
G MICHAEL  AGNEW,1
G Paul  Duffy,1
G Scott  Jones,3
G SKOGSTROM; SCHLOSSBERG LLC; SCOTT,1
G William  Snipes,1
G. Barry Wilkinson PA,1
G. Gray Law; LLC,1
G. KARL BERNARD & ASSOCIATES,1
G. LAWRENCE  DEMARCO,1
G. Lopez Law Group; PLLC,1
G. MICHAEL  KEALHOFER,1
G. MICHAEL FATALL; LLC TR ACCT,1
G. PATRICK  MURPHY,1
G. Scott  Jones,1
G. Scott Jones,1
G.R. Akin; P.C.,1
Gaba Law Corporation,1
GABRIEL  CLARK-LEACH,1
GABRIEL  PENAGARICANO,1
Gabriel  Rodriguez,3
GABRIEL  TESE,1
GABRIEL D FERNANDEZ,3
Gabriel Gutierrez; Jr.; Attorney,1
GABRIEL I PENAGARICANO,1
Gabriel J Hermann,2
GABRIEL J HERMANN,2
Gabriel J Hermann Esq.,1
Gabriel M Rodriguez,2
Gabriele  Brandenburg,1
Gabrielle B Saint Charles,1
Gaddis; Herd; Craw & Adams; P.C.,3
GAEBE MULLEN ANTONELLI & DIMATTEO,1
"Gaffney Lewis, LLC",1
Gaffney Lewis; LLC,2
Gafkay Law; P.C.,1
Gage Law Firm,2
GAHAGAN LAW FIRM LLC;MICHAEL W GAHAGAN,1
Gaiennie Law Office LLC,1
Gail  Barnett,2
GAIL  BARNETT,4
GAIL  HARRIS,1
GAIL  HARRISS,3
GAIL  PODOLSKY,1
Gail A Lane,1
Gail C Harris,1
GAIL C HARRIS,4
Gail C Harriss,1
GAIL C HARRISS,3
Gail L Barnett,1
GAIL RUTHERFORD AS CONSERVATOR FOR;JAMES  O'BRIEN;LAW OFFICE PC;THE ESTATE OF ALYSSA LITTLE & O'BRIEN,1
GAINEY & McKENNA ATTORNEY TRUST ACC,1
Gainsburgh Benjamin David & et al,1
Gainsburgh; Benjamin LLC,1
Gainsburgh; Benjamin; David; Meunier,1
GAIR GAIR CONASON STEIGMAN MACKAUF ET AL,1
Gair; Gair; Conason; Rubinowitz; Bloom;,1
Gal  Sinclair,2
Galanda Broadman; PLLC,1
Galanis; Pollack; Jacobs; & Johnson SC,1
Gale Law Office,1
Gale R Gustafson,1
Gale R. Gustafson Trust Account,1
GALE; WILSON & SANCHEZ; PLLC,1
GALFAND BERGER LLP,1
GALFAND BERGER; LLP,1
GALIA  PORAT,1
Gallagher & Kennedy,3
Gallagher & Kennedy PA,1
GALLAGHER BASSETT INC;PATRICE  TOLAND,2
Gallagher Bassett Recovery Account,1
Gallagher Bassett Serv.,1
Gallagher Bassett Service Inc,1
Gallagher Bassett Services,3
Gallagher Bassett Services Inc,2
Gallagher Evelius & Jones LLP,1
Gallagher Law Firm LLC,1
Gallian Welker & Associates,1
GALLIAN WELKER & BECKSTROM LC TRUST,1
Galligan & Reid; P.C.,1
Galligan Law,1
Gallivan White  Boyd Trust Account;Thomas E Vanderbloemen,1
"Gallo Law Firm, PLLC",2
"Gallon, Takacs & Boissoneault",1
Gallon; Takacs & Boissoneault Co; LPA,1
Gallon; Takacs & Boissoneault Co.; LPA,1
Galloway Monzo PC,1
Galloway; Johnson; Thompson; et al,1
Galperin & Associates,1
Galye P Vojtush,1
GAMALIEL B DELGADO,1
Gambone Law Group,1
"Gambone Law Group, PLLC",1
Gamez Law Firm,3
GAMEZ LAW FIRM,1
GAMMON & GRANGE PC,1
Gammon & Grange; P.C.,1
GAMMON & GRANGE; P.C.,1
Gang and Associates,2
GANNON & ASSOCIATES,1
Garau Germano P.C.,1
GARAU GERMANO PC,1
GARCIA & FERNANDEZ LAW OFFICE,1
Garcia & Font CSP,1
GARCIA & GARCIA,1
Garcia & Milas,1
Garcia & Milas PC,1
Garcia & Ochoa,1
Garcia & Ochoa LLP,1
Garcia & Smith; P.A.,2
Garcia & Villarreal; PLLC,1
Garcia Hong Law,1
Garcia Ives Nowara LLC,1
Garcia Law Group,1
Garcia Law Group PLLC,1
Garcia Law Group; PLLC,1
Gardere Law Firm,4
Gardere Wynne Sewell LLP,1
Gardiner; Koch; Weisberg & Wrona,1
Gardner Barrow Sharpe & Pearson P.C.,1
Gardner Barrow Sharpe & Reynolds PC,2
"Gariepy Law Offices, PLLC",2
Garman Turner Gordon LLP,1
Garner & Conner PLLC,1
Garner & Conner; PLLC,1
Garner and Conner,1
Garner J Wetzel,1
Garner Law Firm,1
Garner Law LLC,1
Garrett L Boehm,1
Garrett L Boehm Jr.,1
Garrett Law,1
Garrett Law KC; PC,1
Garrett Law; LLC,1
GARRIS NEIL  YARBOROUGH,1
GARRISON  LAW FIRM LLC;PERSONAL INJURY TRUST ACCOUNT,1
Garrison Law Firm,1
Gartlan Law Firm,1
Garvey Biggers Law;The Vakula Law,2
GARVEY SCHUBERT & BARER FOR SAMSON TUG &;RICHARD  GLUCK;ROBERT  BORAKS,1
Garvey Schubert Barer,2
GARVEY SCHUBERT BAROR ADVANCE FEE LAWYER,1
Garvin Law Firm,1
GARY  APPLEBY,1
Gary  Arsenault,1
Gary  Blumenthal,4
GARY  BLUMENTHAL,1
Gary  Gelch,3
Gary  Hazelton,1
GARY  KOEDERITZ,2
GARY  KOLLIN,1
GARY  KUWADA,1
Gary  Linarducci,4
GARY  LINARDUCCI,9
GARY  LIPPOW;MCNALLY LAW OFFICES SC TR ACCT,1
Gary  Marek,1
Gary  Nitsche,1
GARY  PARVIN,1
Gary  Penar,3
GARY  PENAR,1
"Gary A Barbanel, Esq.",2
Gary A Ficek,2
GARY A FIECK,1
Gary A Laff,1
GARY A REEVE,1
GARY A ROSENBERG APC,1
Gary Brown and Associates,1
GARY C GROTZ,1
"Gary C. Johnson, PSC",1
Gary C. Johnson; P.S.C.,1
Gary D Copas,1
Gary D Justis,1
Gary D Martone,1
Gary D White,1
Gary Doane PA Law Offices,1
Gary E Hanna,1
GARY E LAUGHLIN,1
GARY EUBANKS & ASSOCIATES IOLTA ACCT;HUGH F SPINKS,1
Gary Gelch PA,1
Gary Gilbert & Associates,2
Gary Grotz Law Firm; PLLC,1
Gary Holt & Assoc,1
Gary Holt & Associates,1
Gary Holt & Associates IOLTA,1
GARY J ARSENAULT,1
Gary J Drucker Law Offices PA,1
Gary J Gogerty,4
GARY J GOGERTY,2
GARY J LEPPLA,1
Gary J Martone,2
GARY J MARTONE,3
GARY J MARTONE;MARTONE  LAW FIRM P.A.,1
GARY J ROBBINS,1
Gary J. Takacs; P.A.,1
GARY J. TAKACS; P.A.,1
Gary K Kahn;Jack  Tuholske;Sarah K McMillan,1
GARY KOEDERITZ; ATTNY CLIENT TRT ACCOUNT,2
Gary Kornfield PA,1
Gary L Printy,1
GARY L PRINTY,1
Gary L Printy Esq.,1
Gary L Segal Law Offices,1
GARY L SEGAL;LAW OFFICE OF GARY L SEGAL,1
gary l smith,1
Gary L Wimbish;Huver & Associates  Inc Settlement Account,1
GARY LEE  PRINTY,2
Gary Lee Printy Attorney at Law,1
Gary Lee Printy Attorney At Law,1
GARY LEE PRINTY ATTORNEY AT LAW,1
Gary M Cohen;National  Settlement Consultants,1
GARY M GILBERT,1
GARY M GILBERT & ASSOCIATES,1
GARY M LADUCER;Native American Rights Fund,1
Gary M Price,1
Gary M. Gilbert & Associates PC,1
Gary O Bruce,1
GARY O BRUCE,2
GARY O BRUCE PC,1
Gary Penar Law Offices,1
Gary Penar; P.S.,1
Gary R Parvin,8
GARY R PARVIN,40
GARY R PARVIN ATTORNEY AT LAW,3
GARY R PARVIN ESQ,1
Gary R Parvin;John E Gough,1
GARY R PARVIN;LIEBERMAN & ZAGORIA PA,1
GARY R PENAR,2
GARY RITTER & GRAHAM P.C.,1
Gary S Barthel,1
Gary S Dawson Law Office,1
GARY S FIGORE,1
Gary S Greenberg,1
GARY S PARK,1
Gary T Brown,1
Gary T Cornwell,1
GARY T CORNWELL,2
Gary W Jones,2
Gary Williams Parenti Watson Gary PLLC,1
GARY; WILLIAMS; PARENTI; WATSON,1
GARZA Law Firm,1
"Garza Martinez, PLLC",2
Gash & Associates; P.C.,1
"Gasiorek, Morgan, Greco, McCauley",1
GASIOREK; MORGAN  GRECO & MCCAULEY PC,1
Gaskins; Bennett; Birrell; Schupp; LLP,1
GATEWAY LEGAL SERVICES INC;MICHAEL  FERRY,1
Gatti & Gatti Law Firm PC,3
GATTI KEITNER BIENVENU & MONTESI,1
Gatti Keltner Bienvenu & Montesi PLC,1
GATTI KELTNER BIENVENU & MONTESI PLC;MARVIN A BIENVENU,1
Gatti Keltner Bienvenu & Montesi; PLC,1
"Gatti, Keltner, Bienvenu & Montesi",2
GATTI;KELTNER;BIENVENU & MONTESI,1
GATZKE DILLION & BALLANCE LLP,1
Gaul and Dumont,1
Gauthier Amedee; APLC,1
Gautier  Kitchen;MARIA A MATTOX,2
GAUTIER  KITCHEN;MARIE A MATTOX,1
Gavett; Datt & Barish PC,1
GAY & ASSOCIATES,1
Gay Chacker & Ginsburg PC,1
GAYLE  REYNOLDS,1
Gayle  Troutman,23
GAYLE  TROUTMAN,24
Gayle  Vojtush,1
Gayle L Terry,1
Gayle L Troutman,53
GAYLE L TROUTMAN,32
GAYLE L TROUTMAN ESQ,1
GAYLE L TULSA,1
Gayle L. Troutman,1
GAYLE P VOJTUSH,6
GAYLE R TROUTMAN,1
"Gazda & Tadayon, LLC",1
Gazewood & Weiner; P.C.,1
GDH Law LLC,1
GDTC Law; LLC,1
GEBHARDT & ASSO LLP CLIENT TR ACCT IOLTA;LENORE C GARON-GEBHARDT & ASSO LLP,1
Gebhardt & Associate; LLP,1
GEBHARDT & ASSOCIATES LLP,2
Gebhardt & Associates; LLP,4
GED Lawyers; LLP,1
Gedney Howe III Esq.,1
GEDNEY M HOWE III PA TRT ACCOUNT,1
Geer Herz & Adams LLP,1
Geico,2
GEICO aso Abimbola Uchechukwu Eke,1
GEICO;Government Employees Insurance Company,2
Geilim Law Office; APLC,1
Geisleman & Brown,1
Geisleman & Brown LLP,7
Geisleman & Brown; LLP,1
Gelb & Gelb P.C.,1
Gelb & Gelb PC,3
Gelber & Santillo,1
Gelber Schachter & Greenberg; P.A.,1
Gelch & Associates; P.A.,4
GELLER & SIEGEL LLP,1
Gemma Law Associates Inc,2
Gemma Law Associates; Inc.,1
Gemmel; Todd & Merenich,1
Gende Law Office S.C.,1
GENE  HAGOOD,1
Gene  Nosco,1
Gene  Storrs,1
GENE C SCHAERR;WINSTON & STRAWN LLP,1
Gene S Hagood,4
GENE S HAGOOD,1
Gene T Moore,2
"Gene Toscano, Inc",1
Gene Toscano; Inc,1
GENERAL CLIENT TR ACCT,1
GENERAL ENVIRONMENTAL COUNSEL;LATHAM & WATKINS LLP;OREST  DACHNIWSKY;QUINN EMANUEL URQUHART OLIVER ETC,4
Gennusa Piacun & Ruli,2
GENNUSA PIACUN & RULI,1
Genova & Malin,1
GENOVA & MALIN,1
Gentile Cristalli Miller Armeni Savarese,2
Gentry Locke Rakes & Moore,1
Geoff  Strommer,5
GEOFF  STROMMER,6
Geoffrey  Forney,2
GEOFFREY  STROMMER,6
Geoffrey A Planer,1
Geoffrey D Allen,1
GEOFFREY D ALLEN,1
Geoffrey D Strommer,3
GEOFFREY D STROMMER,6
Geoffrey D Strommer;Steve  Osbourne,1
Geoffrey G. Wright; Attorney at Law,1
Geoffrey H Waggoner,1
GEOFFREY PHILIP  WONG,1
GEOFFREY R SMITH,2
Geonetta & Frucht,2
Georgaklis & Mallas,1
Georgaklis & Mallas; PLLC,1
GEORGE  ANDERSON,1
GEORGE  ANDRE FIELDS,1
GEORGE  BASSIAS,1
George  Brayman,2
George  Cire,1
GEORGE  FLEISCHMANN,1
George  Galland,1
GEORGE  HAKIM,1
George  Joyner; PC,1
GEORGE  KIMBRELL,1
George  Ligon,2
George  Mehalchick,1
GEORGE  PATTERSON,1
George  Poulos,3
GEORGE  SINK PA,1
George  Styliades,1
GEORGE  WALL,1
GEORGE  WISE;IOLTA FOUNDATION;THE BRAD HENDRICKS LAW FIRM ARKANSAS,1
GEORGE & BROTHERS LLP,1
George A Fields,2
GEORGE A FIELDS,3
GEORGE A KIMBRELL,1
GEORGE A LATO,1
George Andre  Fields,2
GEORGE ANDRE  FIELDS,3
GEORGE B LEVASSEUR,1
George Bush Law,1
"George Bush Law, PC",1
George C Faugl,2
George C Piemonte,24
GEORGE C PIEMONTE,11
GEORGE C PRICE,1
George D Bush,2
George D Jebaily,1
George F Hand,1
GEORGE G ARGIONIS,3
George G Joyner; III,1
George G Vinton,1
George G. Joyner III; Attorney At Law PC,1
GEORGE H JONES,2
GEORGE J ADLER,2
George J Hanko,1
George J Mellios & Assoc PC,1
GEORGE J NELSON;PECHOTA LAW OFFICE,1
George J Wall,4
GEORGE J WALL,3
GEORGE K FARAH,1
GEORGE K WALL,1
GEORGE KAPOLCHOK LAW OFFICES,1
George L Bach,1
GEORGE L FITZGERALD,1
George M Coburn,1
GEORGE M KAPOLCHOK,1
GEORGE MCFALL; SAMANTHA ADAMS,1
George P. Mann and Associates,1
George Piemonte,1
GEORGE R BREZINA,1
George Sink P.A. Injury Lawyers,2
George Sink; P.A.,2
George Sink; P.A. Injury Lawyers,1
George Sink; PA Injury Lawyers,1
George T East Esq.,1
GEORGE T FREEMAN INC P.S.,1
George Todd East,1
George Todd East; Esq.,1
George Todd East; Esquire,1
GEORGE W ASH,2
GEORGE W MILLER,1
GEORGE W SHANK,1
GEORGE W SHANKS,1
George Wall,1
GEORGES  PIERRET,2
Georgetown Law Civil Rights Clinic,1
GEORGIA H LUDLUM,4
Gepford Law Group,2
GERALD  BRANTLEY,2
Gerald  Cunningham,1
Gerald  Gilliard,1
Gerald  Green,1
Gerald  Poss,1
GERALD A MUROFF,1
Gerald A Schwartz,1
Gerald DelPiano Law Office,1
Gerald G. Poindexter & Associates,1
Gerald J Mondora,1
GERALD M SEYFARTH,1
Gerald Poss; PA,1
Gerald R Stahl,1
Gerald R Tarutis,4
GERALD R TARUTIS,4
Gerald Singleton APC,1
Gerald W Pryor,1
Geraldine  Mims,16
GERALDINE  MIMS,4
Geraldine  Mims;Sharon  Whitaker,1
GERALDING  MIMS,1
Gerard  Lam Attorney at Law,1
GERARD W LANGAN,1
GERARDO  ARRIAGA,1
GERARDO ARRIAGA,1
Gerardo Arriaga Law Office,1
GERASH STEINER P.C. COLTAF TRT ACCOUNT,1
Gerber &  Gerber PLLC,1
Gerhardstein & Branch Co.; LPA,1
Gerhart-Hauptmann-Strasse,1
Geri N Kahn,6
Gerling Law Offices; P.C.,1
Gerrard Law,1
Gerrard Law Offices,8
GERRARD LAW OFFICES,1
Gertner Mandel & Peslak; LLC,1
GERVELIS LAW FIRM,1
Getman & Sweeney; PLLC,7
Geurts Law Firm,1
Gezukarayan Law Firm,1
GGRM Law Firm,1
"Ghazarian Law Office, APC",2
Ghiorso Law Office,1
Ghitterman Ghitterman and Feld,3
Ghitterman; Ghitterman and Feld,1
Ghiz Law LLC Business Basics Account,1
Gialleonardo Frankini & Harms,1
Gialleonardo; Frankini & Earms,1
Giampa Law,1
Gianluca  Baldi,5
Gianluca  Sepe,1
Gianola Barnum Bechtel & Jecklin; L.C.,1
Gibbons Law Firm PLC,1
Gibbons P.C.,1
Gibbons; P.C.,1
Gibbs & Holmes,1
Gibbs Houston Pauw,1
GIBBS HOUSTON PAUW,2
Gibbs Houston Pauw; LLC,1
GIBBS HOUSTON PAUW;ROBERT H GIBBS,1
Gibbs Law,1
GIBBS LAW GROUP LLP,1
GIBBS TRAVIS PLLC,1
GIBSON &  SHARPS IOLTA;MATTHEW  SUTTON,1
Gibson & Hughes,2
"Gibson & Keith, PLLC",1
GIBSON & SHARPS;KENTUCKY BAR FOUNDATION IOLTA FOR;MATTHEW  SUTTON,1
Gibson Dunn & Crutcher LLP,5
GIBSON DUNN & CRUTCHER LLP,2
Gibson Dunn & Crutcher LLP Client Trust,1
Gibson Dunn and Crutcher; LLP,1
Gibson Lefler  & Associates;Michael F Gibson,1
Gibson McAskill & Crosby LLP,1
Gibson Robb & Lindh LLP,2
"Gibson, Dunn & Crutcher LLP",4
"GIBSON, DUNN & CRUTCHER LLP",1
"Gibson, Dunn, & Crutcher, LLP",1
Gibson; Dunn & Crutcher LLP,9
GIBSON; DUNN & CRUTCHER LLP,1
Gibson; Dunn & Crutcher LLP;Williams & Connolly LLP,1
Gibson; Dunn and Crutcher LLP;Kesselman; Brantly; Stockinger LLP,1
Gibson; Lefler & Associates,2
Gideon T Carter,1
GIELAROWSKI LAW FIRM P.C.,1
Gielarowski Law Firm; P.C.,1
GIHAN  THOMAS,1
GIL  AMRAMI,1
GIL  NEGRETE,1
Gil Goncalves,1
Gil Zohar,1
GILARDI; OLIVER & LOMUPO,1
GILBERT  GELLIM;MARTIN  STANLEY,1
Gilbert & Smith Law Firm,2
Gilbert & Stern,1
Gilbert & Stern LLP,2
Gilbert Albiston & Keller,2
GILBERT B LADEN,1
Gilbert C Doles,2
"Gilbert Employment Law, P.C.",3
Gilbert Employment Law;Smith Himmelmann AAL ALC,3
GILBERT J GINSBERG,1
GILBERT J PREMO,2
Gilbert Law Firm PS,1
Gilbert M Taylor,1
Gilbert R Geilim,1
Gilberto  Falcon,1
GILBERTO FALCON LAW OFFICE,1
Gilberto-Falcon Law Office PLLC,1
GILLAM LAW FIRM CLIENT TRUST ACT,1
Gillespie Law Firm,1
Gillette Law PA,1
Gillette Law; P.A.,1
GILLIAM LAW FIRM CLIENT TR ACCT,1
GILLILAND & GILLILAND APLC,1
Gillispie Law Firm,2
GILMAN &  BEDIGIAN; LLC,1
Gilman & Bedigian,1
GILMAN AND BEDIGAN LLC,2
Gilman Law Office; LLC,1
Gilmer & Green,5
GILMER LAW FIRM,4
Gilmore Law Firm,2
Gilpin Law Firm LLC,2
GILPIN LAW FIRM LLC,1
Gilreath and Associates,2
GIMBEL REILLY GUERIN & BROWN LLP,1
Gina  Grimsley,1
Gina P Grimsley,1
Ginarte Gallardo Gonzalez & Winograd LLP,2
Ginarte Gonzalez Winograd LLP,1
"Ginarte, Gonzalez & Winograd, LLP",1
"Ginarte, Gonzalez, Winograd, LLP",1
"Gingery Hammer & Associates, LLP",1
Gingras; Cates & Wachs,1
Gino P. Naughton Attorney at Law,1
Ginsburg & Associates,3
Ginzkey Law Office,1
Ginzkey P James,2
Gioffre & Schroeder,1
Giovanni  Menegon,2
Girard Sharp LLP,78
Girardi / Keese,1
Girardi & Keese  Client Trt Account,1
Girardi Keese,1
Girardi Keese;The Cochran Firm California,1
Girdwood & Williams PLLC,1
GISLASON MARTIN VARPNESS & JANES,1
Gismondi & Associates,1
Gismondi & Associates PC,1
Gist Law Firm,2
GITTEL  GORDON,1
Giulio Mosetti,6
GIUSEPPE  ALIFFI,2
Giuseppe  Longo,2
GIUSEPPE  RICCI,17
Giuseppina Mortillaro,1
GIVENS & JOHNSTON,1
Gjorgi Pavlov,1
Gladfelter Claims Management,1
Gladstein Law Firm; PLLC,1
Gladys  Lofton,1
Glanker Brown; PLLC,1
Glaser & Ebbs,2
Glaser & Ebbs; LLC,2
Glaser & Ebbs. LLC,1
GLASER AND SOLOMON; LLC,1
Glasheen Valles & Inderman,1
Glasheen Valles & Inderman LLP,1
Glasheen Valles & Inderman; LLP,1
"Glasheen, Valles & Inderman, LLP",1
Glasheen; Valles & Inderman,1
Glasheen; Valles & Inderman; LLP,2
Glassman & Zissimopules,1
Glasson Law Group LTD,1
Glatfelter Claims Management,2
GLAXO SMITH KLINE,1
Glazer Hammond; PLLC,2
GLEASON & GLEASON LLC,1
Glen  Sutherland,1
Glen D Mangum,2
Glen D Mark,1
Glen Hunter Garrett LLC,2
Glen Hunter Garrett; LLC,3
Glen Lerner Injury Attorneys,4
GLEN LERNER INJURY ATTORNEYS,1
Glenda  Goldlist,1
"Glendale Injury Firm, APC",1
GLENDELL  NIX;NIX & MCINTYRE LLP CLIENT TR ACCT,1
Glenn  Verchick;Kathleen  Higgins,1
GLENN A BARFIELD,1
GLENN A SAKS,1
Glenn Armentor LTD,1
Glenn Armentor; LTD.,1
Glenn B Carey,1
GLENN B CAREY,1
Glenn E Bradford,1
GLENN H SHORE,1
Glenn H Stephens,1
Glenn J Campbell,3
Glenn M Clark,2
GLENN M CLARK,1
Glenn S Sinko,2
Glenn S Wainer,1
Glenn T Honda,1
GLICKMAN & GLICKMAN,1
Glickman and Glickman,1
GLINDA R PRUITT,1
GLOOR STRICKLAND & HAGGERTY LLP,1
GLOOR STRICKLAND & HAGGERTY LLP IOLTA,1
Gloor; Strickland & Haggerty; LLP,1
Glover Luck; LLP,1
Glover Young,3
GloverLuck,1
GLOWACKI & ASSOCIATES CO LPA,1
GLP Attorneys,2
GLP Attorneys P.S.; Inc,1
GLP ATTORNEYS PS INC,1
"GLP Attorneys, P.S., Inc",1
"GLP Attorneys, P.S., Inc.",1
GLP Attorneys; P.S.; Inc.,1
Gluck & Allen LLC,1
Gluck & Allen LLC;Gluck & Allen; LLC,1
"Gluck & Allen, LLC",3
Gluck & Allen; LLC,2
GLYNN  MERCEP & PURCELL,1
Glynn W Gilcrease,3
GMAC,1
Gnau & Tamez Law Group,1
Gnau & Tamez Law Group LLP,1
Gnau & Tamez Law Ofc,1
GNAU & TAMEZ LLP,1
Goddard & Hammontree,2
Godes & Preis; LLP,1
GODFREY & KAHN,1
GODFREY & KAHN TRUST ACCOUNT,1
Godfrey Johnson PC,1
Godosky & Gentile; P.C.;Law Office of Benjamin Seunghwan Hahm,3
GODOVSKY & GENTILE,1
Godsey Law Firm,1
Godsey Martin Law firm,1
Godsey Martin PC,2
Godsey Martin; P.C.,1
Godwin Morris Laurenzi; et al IOLTA,1
Goeing; Goeing & McQuinn; PLLC,1
Goff Law Group LLC,1
GOIDEL & SIEGEL LLP,1
Golan Christie Taglia LLP,2
Golberg Finnegan LLC,1
"Gold & Gold, P.A.",1
Gold & Gold; P.A.,1
Gold Khourey & Turak L.C,1
GOLD SILVERMAN GOLDENBERG &  BINDER,1
GOLD SILVERMAN GOLDENBERG & BINDER,1
Gold Weems,1
GOLD;SILVERMAN; GOLDGERG & BINDER,1
Goldasich; Vick & Fulk,3
Goldberg  Finnegan & Mester;Kevin J Finnegan,1
Goldberg & Associates; PA,1
GOLDBERG & DOHAN IOLTA,1
Goldberg & Finnegan LLC,2
Goldberg & Hirsh,1
GOLDBERG & OSBORN ATTORNEYS,5
Goldberg & Osborne,8
GOLDBERG & OSBORNE,6
GOLDBERG & OSBORNE IOLTA,3
Goldberg & Osborne LLP,2
Goldberg & Osborne Trust,1
GOLDBERG & OSBORNE; ARIZONA CLIENT TRUST,1
Goldberg & Osborne; LLP,3
Goldberg & Osborne;Goldbert & Osborne,1
GOLDBERG & ROSEN PA,1
Goldberg & Rosen; P.A.,1
Goldberg Finnegan & Mester IOLTA,1
"Goldberg Finnegan Cannon, LLC",1
GOLDBERG KAMIN & GARVIN,1
Goldberg Legal Co LPA,2
Goldberg Simpson LLC,2
GOLDBERG; WEISMAN & CAIRO LTD,1
Goldblatt & Singer Law Firm,1
Goldblatt Cohen & Legum,1
Golden Law Inc.,1
Golden Law Inc. dba Cherkasky Law; INC,1
Golden Law; Inc.,1
Goldenberg Heller & Antognoli PC,1
Goldfein & Associates,1
Goldfinch Winslow,1
Goldfine & Bowles; PC; Attorneys at Law,2
GOLDIN & ASSOCIATES PLLC,1
Goldman & Ehrlich,1
Goldman & Ehrlich Law Offices,1
Goldman Law Firm; P.C.,1
Goldman Law PA,1
"Goldman, Tiseo & Sturges, P.A.",1
Goldman; Allen & Filetti PLLC,1
Goldsmith &  Hull,1
Goldsmith & Tortora,6
Goldsmith and Tortora,5
GOLDSMITH CTORIDES & RODRIQUEZ LLP,1
Goldstein & Goldstein Co.; LLC,1
Goldstein & Goldstein Co.; LPA,1
"Goldstein & Handwerker, LLP",1
Goldstein & Handwerker; LLP,1
GOLDSTEIN & HAYES PC,1
GOLDSTEIN & METZGER LLP,1
GOLDSTEIN & RUSSELL PC;THOMAS C GOLDSTEIN,1
GOLDSTEIN & RUSSELL; PC,1
GOLDSTEIN & SUTOR,1
Goldstein and Goldstein; P.C.,1
Goldstein and Peck PC,2
Goldstein Bender & Romanoff,1
Goldstein Bender and Romanoff,1
Goldstein Buckley Cechman Rice & Purtz,1
Goldstein Fluxgold & Baron PC,1
Goldstein Fluxgold and Baron PC,1
GOLDSTEIN WOODS & ALAGHA,2
"Goldstein, Buckley, Cechman, Rice, Purtz, Smith & Smith, P.A.",1
Goldstein; Buckley; Cechman,1
Goldstein; Fluxgold; & Baron,1
GOLDWIN; MORRIS; LAURENZI & BLOOMFIELD,1
Golitko & Daly PC,1
Golomb & Longo; PLLC,1
Golper; Sullivan; & Rivera,1
Gomel & Associates; P.C.,1
Gomez Law,1
Gomez Law Group,1
Gomez May Schutte Yeggy Bieber & Wells,2
Gomez Trial Attorneys,16
Gomez Trial Attorneys;JMW Settlements; Inc.,1
Gonzaga Univ Law Sch/Tax Clinic/Fed Tax,1
GONZALES & OTERO LLC;JAVIAR N MALDONADO & ALFONSO OTARO,1
Gonzales & Poirier,1
Gonzales and Associates; P.C.,1
GONZALEZ &  ASSOCIATES,1
GONZALEZ & ASSOCIATES P. C.,1
GONZALEZ & ASSOCIATES P.C.,1
Gonzalez & Associates; P.C.,1
Gonzalez & Garcia APC,4
Gonzalez & Garel; P.A.,1
Gonzalez & Goetz,5
Gonzalez & Goetz LLC,8
"Gonzalez & Goetz, LLC",2
"GONZALEZ & GOETZ, LLC",1
Gonzalez & Goetz; LLC,11
Gonzalez and Associates,1
Gonzalez and Otero LLC;Law Office of Javier N. Maldonado; P.C.,1
Gonzalez Druker Law Firm,1
Gonzalez Druker Law Firm PLLC,1
GONZALEZ VELEZ LAW OFFICES PSC,1
"Gonzalez, P.A.",1
Good Law Group,1
Goodman  Meagher & Enoch; LLC,1
GOODMAN ALLEN & FILETTI,1
Goodman Allen & Filetti PLLC,1
GOODMAN ALLEN & FILETTI PPLC,1
Goodman; Allen & Filetti,2
Goodman; Allen & Filetti; PLLC,2
GOODMAN; ALLEN & FILETTI; PLLC,1
Goodman; Allen; & Filetti,1
Goodman; Allen; & Filetti; PLLC,1
Goodman; Meagher; & Enoch LLP,1
Goodrich & Geist; P.C.,1
GOODSELL  QUINN TRUST ACCOUNT;VERNE G GOODSELL,1
Goodsell & Oviatt Law Firm,1
GOODSELL QUINN ATTORNEYS,1
GOODSELL QUINN TRUST ACCOUNT,1
Goodsill Anderson Quinn & Stiffel,1
Goodson & Company LTD,1
Goodstein Law Grp GHOD,1
GOODWIN GRUTZ & SCOTT DBA;IOLTA OF DANIEL R FJELSTAD,1
Goodwin Procter LLP,2
Goodwin Proctor LLP,1
Goodwin Weber; PLLC,2
Goosmann Law Firm PLC,1
Goosmann Law Firm; PLC,1
GORDON  FEINBLATT,2
Gordon  Hughes Garrett,1
Gordon  Kim,1
GORDON  LEVENSON,1
Gordon & Centracchio LLC,1
GORDON & FEINBLATT LLC,1
Gordon & Gordon Law Firm; LLC,3
Gordon & Melun PLLC,1
Gordon E Rountree,1
Gordon Elias & Seely LLP,1
GORDON F ESPLIN;KEVIN  TRASKOS,1
Gordon Feinbalatt LLC,1
Gordon Feinblatt LLC,6
GORDON FEINBLATT LLC,4
Gordon Feinblatt LLC;Robert W Katz,1
GORDON FEINBLATT ROTHMAN HOFFBERGER &,1
Gordon Feinblatt; LLC,2
Gordon Gordon & Schnapp,2
Gordon Honeywell Thomas LLP,1
GORDON J SCHOEFFLER;JOSEPH R JOY,5
"Gordon J. Schoeffler, Attorney at Law",1
Gordon Law Firm,1
Gordon Law Firm of New York; LLP,1
Gordon Law Group,1
GORDON M LEVENSON,1
Gordon McKernan Injury Attonreys,1
Gordon McKernan Injury Attorneys,6
GORDON MCKERNAN INJURY ATTORNEYS,2
Gordon McKernan Injury Lawyers LLC,1
GORDON R COOPER,1
Gordon S Gannicott,1
GORDON THOMAS  HONEYWELL LLP;III BRANCHES LAW PLLC,1
GORDON THOMAS HONEYWELL LLP,1
Gordon Thomas Honeywell LLP;Whitehurst Harkness Brees Cheng Alsaffar,1
GORDON THOMAS HONEYWELL MALANCA ETC,2
Gordon W Williams,1
Gordon Wolf & Carney,23
Gordon Wolf & Carney CHTD,1
Gordon Wolfe & Carney CHTD,1
"Gordon, Muir and Foley, LLC",1
"Gordon, Rees, Scully & Mansukhani Law Firm",1
GORDON; FEINBLATT; ROTHMAN; LLC,1
Gordon; Wolf & Carney CHTD,38
Goren Wolff & Orenstein,1
Gorence Law Firm; LLC,1
Gores Law Office,1
GORGE RUBIO LONCAR & ASSOCIATES,1
"Gorman Law Office, LTD",1
GOROSPE LAW GROUP,1
Gorshteyn Law Firm,1
Gorson & Gorson,1
Gorson & Gorson PC,1
Gosanko & O'Halloran; PLLC,2
Goslee & Goslee LTD,1
Goss & Fentress,7
GOSS & FENTRESS,4
Goss & Fentress PLC,1
"Goss & Fentress, PLC",1
Goss & Fentress; PLC,13
Goss and Fentress,1
Goss Law,1
Goss; & Fentress; PLC,1
Goss; Meier & Fentress,3
Gosselin & Dubord PA,1
GOSTOMSKI & HECKER PC;GOSTOMSKI & HECKER PC IOLTA,1
GOTHARD & BROWN; ATTYS AT LAW,1
Gothard Law; PLLC,1
Gottesman & Hollis; PA,1
Gotti; Keitner; Bienvenu & Montesi,1
Gottlieb Johnson Beam & Dal Ponte PLL,2
Gottreich Grace and Thompson,1
GOTTSCHLICH & PORTUNE LLP IOLTA ACCT,1
Gottschlich & Portune; LLP;Gottschlich & Portune; LLP PURD,1
Gough Law Firm,2
Gould Killian LLP,1
GOWAN  ELIZONDO LLP,1
Gowan Elizondo LLP,1
GOWAN ELIZONDO LLP,2
GOWAN LAW GROUP PC,1
"Gower Law, PLC",1
Goyke & Tillisch LLP,1
GPEFF Attorneys at Law LLC,1
Grabb & Durando,2
GRABB & DURANDO PC,1
GRACE  EGE-MOODY,1
Gracia Coloma  Martinez,1
GRAD;  LOGAN & KLEWANS PC IOLTA;KEVIN E BRYNES,1
Grad; Logan & Klewans; P.C.,4
Grady  Davis,1
Grady & Hampton LLC,1
GRADY & HAMPTON LLC,1
Grady and Associates,1
GRADY E HOLLEY;HOLLEY & ROSEN CLIENT TR FUND,1
Graham Lunberg Peschel; PLLC,1
GRAHAM; LUNDBERG; PESCHEL,2
Granger CO LPA,1
Granite Peak Law PLLC,1
Grant  Felbaum,19
GRANT  FELBAUM,5
Grant  Goodman,1
GRANT  NOVAK,1
GRANT  SHEPERD,1
Grant & Flanery Law Firm,2
Grant and Hoffman,1
GRANT B LUNA;JMW SETTLEMENTS INC;WINGERT GREBING BRUBAKER & GOODWIN,1
GRANT E FALBAUM,1
Grant E Felbaum,3
Grant Eddy Attorney at Law,1
Grant Luna,1
Grant M Axon,2
GRANT M AXON,1
Grant Richman PLLC,1
GRANT SCHUMANN LL CLNT TRT ACCOUNT,1
Grau & Tamez,1
Graves Law Firm,1
Graves McClain,1
GRAY  ROBINSON,2
GRAY  ROBINSON TRUST ACCOUNT;JAMES C SIDOU,1
Gray Law Firm,1
Gray Newell Thomas LLP,1
GRAY PLANT MOOTY LAWYER'S TR ACCT;JENNIFER R COATES,1
Gray Ritter & Graham,1
Gray Ritter & Graham PC,1
GRAY RITTER & GRAHAM PC,1
Gray Robinson,2
GRAY ROBINSON ATTORNEYS AT LAW,1
Gray Robinson Law Firm,1
Gray Robinson PA,3
Gray Robinson Trust Account,1
"Gray Robinson, P.A.",1
Gray; Earnest & Gray,1
GRAY; RITTER & GRAHAM; PC;MISSOURI LAWYER TRUST ACCT,1
GRAYBILL LAW FIRM IOLTA TRUST,1
Graybill Law Firm PC,1
Graybill Law Firm; P.C.,1
Grayson Law Firm,1
Grayson Smith Cannon Esq,1
Great Lakes Justice Center,1
Greater Boston Legal Services,1
GRECO TRAFICANTE SCHULZ & BRICK,1
Greco Trapp PLLC,1
Greco Trapp; PLLC,2
Greeman Toomey,2
Green & Greenberg,4
GREEN & GREENBERG,2
GREEN & GREENBERG;JAMES J GANNON,1
Green Law Firm,1
Green Waters Ogle & McCarter,1
Green Wilson Crow & Smith,1
"Greenbaum, Rowe, Smith & Davis LLP",1
Greenberg  & Sada P.C.,1
GREENBERG & BEDDERMAN LLP;JASON W FERNANDEZ,1
Greenberg & Bederman,3
Greenberg & Bederman LLC,4
GREENBERG & BEDERMAN LLP,1
GREENBERG & BEDERMAN; LLC,1
Greenberg & Bederman; LLP,2
Greenberg & Greenberg,1
GREENBERG & GREENBERG LLP,1
Greenberg & Sada P.C.,1
Greenberg & Sada PC,2
GREENBERG & SADA PC,1
Greenberg & Wolff; PLLC,1
Greenberg & Young PC,1
Greenberg and Bederman LLC,1
Greenberg and Bederman; LLC,1
Greenberg Glusker Fields Claman & Mach,1
Greenberg Law Office,1
GREENBERG LAW OFFICES,1
Greenberg Law P.C.,1
Greenberg Law; P.C.,1
Greenberg Sada & Moody PC,1
Greenberg Taurig LLP,1
Greenberg Traurig,2
Greenberg Traurig LLP,15
GREENBERG TRAURIG LLP,4
Greenberg Traurig; LLP,4
Greenberg Walden & Grossman,1
"Greenberg, Sada & Moody",1
Greenberg; Walden & Grossman; LLC,1
Greenblatt & Veliev LLC,2
"Greenblatt & Veliev, LLC",1
Greenblatt & Veliev; LLC,3
Greenblatt Pierce Funt and Flores; LLC,1
GreenburgTrauig,1
Greene & Phillips,1
Greene & Phillips Attorneys at Law; LLC,1
GREENE & PHILLIPS ATTY AT LAW,1
Greene & Reid PLLC,1
"GREENE ESPEL, PLLP",2
Greene Ketchum Farrell Bailey & Tweel,1
Greene Legal Group LLC,2
Greene; Ketchum; Farrell; Bailey & Tweel,1
Greengerg Traurig; LLP,1
Greening Law PC IOLTA Account,2
Greenman Goldberg Raby & Martinez,1
Greenman; Goldberg; Raby & Martinez,1
Greensfelder; Hemker - St. Louis,1
Greenspoon Marder LLP,2
Greenspoon Marder P.A.,2
GREENSPOON MARDER PA TR ACCT;MILTON  BLAUT,1
GREENSTEIN AND KOLKER ATTYS AT LAW,1
Greer Law Offices,1
GREG  ANDERSON,1
Greg  Claessens,1
Greg  Haubrich,1
GREG  HERBERT,1
GREG  MALUSH;MILAVETZ GALLOP & MILAVETZ PA IOLTA,2
Greg  Marks,1
GREG  MARKS,7
Greg  Murphy,1
Greg  Palkon,1
Greg  Prill,1
GREG  SAKALL,1
GREG  SMITH,1
GREG  TUITE & ASSOCIATES,1
"Greg Marks, PSC",1
GREG S WINTON,1
Greg Tuite & Assoc,1
Greg Tuite & Associates,3
GREG TUITE & ASSOCIATES,4
Gregg  Anderson,1
Gregg  Herman,1
GREGG  MANDELL INC,1
Gregg  Weiss,1
GREGG J PASQUALE,1
Gregg K Mandell Law Offices,1
Gregg M Hobbie,2
Gregg R Weiss,1
GREGG R WEISS,1
Gregory  Bellantone,1
Gregory  Burton;Randy  Akin,1
Gregory  Day,1
GREGORY  KASH,1
GREGORY  KOERNER,1
Gregory  Lucett,1
Gregory  Robinson,1
GREGORY  WILLIAM KLEIN;TAYLOR  WALKER ESCROW,1
GREGORY A ANDERSON,1
GREGORY A YATES,2
GREGORY A YATES APC SPECIAL TRUST,2
"Gregory A. Moore, P.A.",3
"Gregory A. Thurman, P.A.",1
Gregory A. Thurman; P.A.,2
GREGORY BELZLEY & CAMILLE BATHURST,1
Gregory C Bane,1
Gregory C Gibson;Ringler Associates  Inc Trust Account,1
GREGORY D O'SHEA,1
GREGORY E SCHWARTZ PA TRUST,1
Gregory E Tuite,1
GREGORY E TUITE,3
Gregory H Schillace,1
Gregory J Brod,1
GREGORY J GREBE,2
GREGORY J GREBE TR ACCT,1
GREGORY J MILLER,1
Gregory J Schadone Law Office,1
Gregory J Styduhar,1
Gregory K Zeuthen,1
Gregory L Gowan,1
Gregory L Johnson,1
GREGORY L JOHNSON,1
Gregory Leyh P.C.,1
Gregory M Weinstein,1
Gregory M Zarzauer;Johnny E Samuel;Lee Wendell  Loder;Zarzaur Law LLC,1
GREGORY N WAMPLER,1
Gregory Nordt & Associates,3
GREGORY R HERRELL,4
GREGORY R KAUFFMAN;THEODORE W BARUDIN,1
GREGORY S YOUNG CO.; LPA,1
"Gregory S. Young Co., L.P.A.",1
GREGORY SEAN  WINTON,1
Gregory Spektor & Associates P.C.,1
GREGORY T DAY,1
GREGORY T GRAB,2
GREGORY T KELLER;ROBERT  FRIEDMAN;STEIN MCGUIRE PANTAGES & GIGL,1
GREGORY V SHARKEY,1
Gregory W Chase,2
GREGORY W PETERSON,4
Gregory W. Moreno & Associates,2
Grennier Law,1
GRETCHEN  PAULIG,1
Gretchen R Jensen,1
Grewal Law PLLC,44
Grey & Grey LLP,1
GREY & GREY LLP;RONALD L EPSTEIN,1
"Grey & Grey, L.L.P.",1
"Grey & Grey, LLP",2
Grey & Grey; L.L.P.,2
GREY AND GREY LLP,1
Grey and Grey; LLP,6
GRIER & WARANCH LLC,3
GRIFFEN & STEVENS LAW FIRM PLLC,1
Griffen & Stevens Law Firm; PLLC,2
Griffin &  Linder;Paul R Linder,1
Griffin & Givens,1
GRIFFIN & GIVENS LLP,1
Griffin & Givens; LLP,1
Griffin Durham Tanner & Clarkson Law LLC,1
Griffin Pappas & Scarborough PC,1
GRIFFIN REYNOLDS & ASSOCIATES,1
"Griffin, Reynolds & Associates",3
Griffin; Pappas & Scarborough; P.C.,1
Griffin; Reynolds and Assoc.,1
GRIGORIY  GORSHTEYN,1
Grimes Law Group,1
Grimes Teich Anderson LLP,1
Grimes; Fay & Kopp; LLC;Zevan Davidson Roman; LLC,2
Grist Law Firm,5
Grist Law LLC,1
Grist Law; LLC,8
Grogan and Souto; PC,1
Groom Law Group; Chartered,2
GROSS AND SCHUSTER P.A.,1
GROSSENBURG LAW OFFICE TRUST ACCOUNT,1
Grossman & Moore; PLLC,2
Grossman Green PLLC,2
"Grossman Roth Yaffa Cohen, P.A.",3
Grossman Roth Yaffa Cohen; PA,8
Grove Street Association;Law Office of Bruce E. Krell,1
Grover Law LLC,1
Gruber Law Offices,1
Gruber Law Offices LLC,3
Gruber Law Offices; LLC,1
Gruel Mills Nims & Pylman LLP,1
Gruel Mills Nims & Pylman PLLC,3
GRUEL MILLS NIMS & PYLMAN PLLC,1
Gruenloh Law,1
GRUNDFAST & HIGHAM LLP,2
GS Jones Law Group; P.S.,1
GSJones Law Group PS,1
GSJones Law Group; P.S.,3
GSJones Law Group; PS,1
Guararra & Zaitz,1
Guardian Law Center,1
Guarnieri & Secrest,1
GUARNIERI LAW FIRM PA,1
Guebert Bruckner PC,4
"Guebert Gentile Piazza and Junker, PC",1
"Guenard & Bozarth, LLP",2
"Guercio & Guercio, LLP",1
"Guerra and Casillas, LLP",1
Guerra Guerra & Associates,2
Guerra Law Firm,1
GUERRA LAW GROUP,1
Guerra; Guerra; & Associates,2
Guerriero & Guerriero,1
Guerriero Law Office,1
Guest & Brady Attorneys at Law,1
GUILENE  CHERENFANT,1
Guiness Law Firm,1
Guldjian Fasel Accident Attorneys,1
Gulfcoast Legal Services; Inc.,2
"Gullett, Sanford, Robinson & Martin PLLC",1
Gullett; Sanford; Robinson & Martin PLLC,2
Gunderson  Erik,2
Gunderson Law Firm,1
Gunderson Palmer Nelson & Ashmore LLP,1
GUNDERSON PALMER NELSON & ASHMORE LLP,1
Gunderson; Palmer; Nelson & Ashmore LLP,1
Gunn Kieklak Dennis LLP,1
Gunn Law Group; PA,1
Gunter  Mihaescu,2
Gunter Muller,1
Gupta  Deepak,3
GURSTEN KOLTONOW GURSTEN CHRISTENSEN,1
GurstenKoltonowGurstenChristensenRaitt,2
Gust Rosenfeld PLC,1
Gust Rosenfeld; P.L.C.,1
Gustad Law Group; LLC,1
Gustad Law Group; PLLC,1
Gustafson Gluek PLLC,1
GUSTAVO D LAGE;THE LAGE LAW FIRM PA,1
Guy  Dicharry,2
Guy  Ophir,1
Guy D Geleerd Jr.,1
GUY N PAOLINO,1
Guy Ophir Ofer Moskovitz Sara Weinstein,1
Guynn & Waddell PC,1
Guynn; Waddell; Carroll & Lockaby; PC,1
Gwendolyn Lawson,1
Gwertzman Lefkowitz Smith Marcus,1
H Barnes Mowell PA,1
H Bruce  Fischer,1
H Dean  Andrews,1
H HOWARD  SCHMERIN,2
H Jonathan  Meyer,1
H Michael  Wright;Udall  Shumway,1
H Morrison  Kershner,1
H PETER  EVANS,1
H. Binder and C. Binder,1
H. Binder and C. Binder PC,1
H. Craig  Stafford,1
H. Craig  Stafford;S. Scot  Sikes,1
H. Greely Joiner Jr.,1
H. Vance  Smith,2
H. WADE KIMBRELL,1
H.CRAIG  STAFFORD,1
H.L. Cromartie III P.C.,1
Haaseth Law,1
Habbas Nasseru & Associates,1
Habbas; Nasseri & Associates,1
Habush Habush & Rottier S.C.,3
Habush Habush & Rottier SC,1
HABUSH HABUSH & ROTTIER SC,2
Hach Rose Schirripa & Cheverie; LLP,1
HACKEL AND HACKEL,1
"Hacker Murphy, LLP",1
HACKETT LAW FIRM,1
Hackett Law Firm; Inc.,4
HADDAD & SHERWIN LLP,1
Hadfield Stieben & Doutt LLC,2
Hadley & Fraulob,5
HADLEY & FRAULOB,2
Hadley Sanders PA,1
Hadous Co. PLLC,3
Hadwan Khalil; LLP,1
Hafemann Magee & Thomas LLC,1
Haffner Law PC,1
Hagelin & Hagelin LLC,1
Hagen Law,1
Hagen; Wilka & Archer; LLP,1
"Hager, Dewick, & Zuengler. S.C.",1
Haggard Law Firm PA IOTA,1
Haglund Kelley Horngren & Jones LLP,1
Haglund Kelley LLP,5
Haglund Kelley; Jones & Wilder; LLP,2
"Hagood & King, LLC",2
Hagood & King; LLC,3
Hagood & Neumann,1
Hahn Loeser & Parks LLP,2
Haight Brown & Bonesteel LLP,1
Hair Shunnarah Trial Attorneys,2
Hairston Lane PA,1
Hakim Toma & Yaldoo PC,1
Hal  Taylor,5
Hal  Taylor;Law Offices of Charles Binder LLP,1
Hal K Gillespie,1
Hal Taylor; Esq,1
Hal Taylor; Esquire,1
Hal W Roach,1
Hal Wood  Roach,1
Hala J Gores,1
Hale & Wood PLLC,1
Hale Injury Law,1
Hale Injury Law LLC,1
HaleyNelson & Heilbrun LLP,2
Haliczer Pettis & Schwamm; P.A.,1
HALKIDES MORGAN KELLEY TRUST ACCOUNT,1
Hall & Associates PLLC,1
HALL & BATES LLP IOLTA,2
Hall & Green; LLP,1
Hall & Sethi; PLC,1
Hall Ansley PC,2
HALL ANSLEY RODGERS & SWEENEY PC,1
Hall Law & Associates; LLC,1
Hall Law PA,1
Hallberg & McLain; P.A.,1
Haller Colvin P.C.,1
"Hallett Whipple Weyrens, P.A",1
Hallinan & Killpack,1
Hallinan & Killpack Law,1
Hallinan & Killpack Law Firm,23
Hallinan Killpack Law Firm,2
Halloran  Sage LLC;Stephen P Fogerty,3
HALPERIN & HALPERIN; P.C.,1
HALPERIN & HALPERIN; P.C. IOLA ACCT#2,1
Halperin & Halperin; P.C.;The Law Office of Fred Lichtmacher; P.C.,1
Halperin Law Center,1
Halpern Law Group,2
Halpern Law Group; PC,2
Halpern Olivares PLLC,55
HALPERN OLIVARES PLLC,3
Halpern Olivares PLLC;Jeffrey  Baird,1
"HAMBURG, RUBIN, MULLIN, MAXWELL & LUPIN",1
HAMBURG; RUBIN; MULLIN; MAXWELL & LUPIN,1
Hamed Yazdanpanah & Associates,1
HAMEROFF LAW FIRM,1
HAMES; ANDERSON  & WHITLOW P.S. IOLTA;TIMOTHY D ANDERSON,1
Hamilton  Hamilton P.C.,1
HAMILTON; MILLER & BIRTHISEL; LLP;JULES  MASSEE;ROBERT  BIRTHISEL,1
HAMM MILBY & RIDINGS LAW OFFICES,1
Hammack Law Firm,1
Hammel Law; LLC,1
Hammond; Archer & Kee; PLLC,1
"Hammons & Associates, Inc.",1
Hammons and Associates,3
Hammons Hurst & Associates,1
Hampton & King,1
Hampton Injury Law BELL,1
Hampton Injury Law PLC (Crawford),1
"Hamrick & Evans, LLP",1
"Hamstead, Williams & Meek PLLC",1
Hamstead; Williams & Shook PLLC,1
Hance & Srinivasan; PLLC,1
Hancock Estabrook,1
Hancock Estabrook; LLP,1
Hancock Law Firm,1
HAND & SULLIVAN LLC,2
"Hand & Sullivan, LLC",1
HANDELMAN WITKOWICZ & LEVITSKY LLP,1
HANDLER HENNING & ROSENBERG,1
HANDLER; HENNING & ROSENBERG LLP,1
Handley Farah & Anderson PLLC,1
"Handley Farah & Anderson, PLLC",1
Handley Law Firm,1
Haney & Young LLP,2
Hani  Tannous,1
HANI  TANNOUS,1
Hank  Pittman,1
Hankey Law,3
Hankey Law Office,40
Hankey Law Office PC,9
Hankey Marks & Crider,17
Hankins & Conklin; P.C.,1
Hannah  Rogers Metcalfe,1
Hannah Colvin & Pipes,1
Hannah Colvin & Pipes LLP,1
"Hannah, Colvin & Pipes LLP",1
"Hannah, Colvin & Pipes, LLP",8
Hannah; Colvin & Pipes; LLP,2
HANNAH; COLVIN AND PIPES LLP,1
Hannah; Colvin; & Pipes; LLP,1
Hannon Law Group; LLP,1
Hannon Lerner P.C.,1
Hanover Law,1
Hanratty Law Group,1
Hans  Bader,1
Hans C Ruschke,1
Hans H. Wustehube,1
Hansel Law PC,1
Hanson & Fiisher; P.C.,1
Hanson & Fisher,4
Hanson & Fisher PC,1
"Hanson & Fisher, P.C.",1
Hanson & Fisher; P.C.,4
Hanson & Hanson Attorneys at Law PC,1
Hanson & Hanson PC,1
Hanson and Fisher,1
Hanson Bridgett LLP,2
Hanson Lulic & Krall LLC,1
Hanson; Lulic & Krall,2
Hanszen Laporte,1
Hantzes & Associates,3
Haq Law,1
Haralson Miller Pitt Feldman McAnally,1
Harbinson & Brzykcy,1
Harbison & Brzykcy,1
Hardee & Hardee; LLP,1
Harder Wells Baron & Manning,2
HARDER WELLS BARON & MANNING,2
Harder Wells Baron & Manning PC,2
HARDER WELLS BARON & MANNING PC,2
Harder Wells Baron & Manning Tassinari,1
HARDER WELLS BARON & MANNING TASSINARI,1
Harder Wells Baron & Manning; P.C.,2
Harder Wells Baron & Manning; PC,14
HARDER WELLS BARON AND MANNING PC,1
Harder Wells Baron Manning PC,1
Harder; Wells; Baron & Manning,4
Harder; Wells; Baron & Manning PC,1
Harder; Wells; Baron & Manning; P.C.,15
Harder; Wells; Baron & Manning; PC,9
HARDER; WELLS; BARON & MANNING;KATHRYN  TASSINARI,1
HARDER; WELLS; BARON AND MANNING,2
Harder; Wells; Baron and Manning PC,1
Harder; Wells; Baron; and Manning PC,1
Hardesty; Tyde; Green & Ashton,1
HARDING AND MAZZOTTI LLP,1
Harding Mazotti LLP,1
Harding Mazzotti,1
Harding Mazzotti LLP,1
"Harding Mazzotti, LLP",3
Hardison & Cochran PLLC;Jessica N Beyer,1
Hardison & Cochran; PLLC,1
"Hardison and Cochran, PLLC",1
Hardison and Cochran; PLLC,2
HARDWICK & PENDERGAST P S,1
Hardwick & Pendergast; P.S.,1
Hare; Wynn; Newell & Newton,1
Hare; Wynn; Newell & Newton LLP,1
HARLAN & ASSOCIATES,1
Harlan Still & Koch,1
Harlan; Harlan & Still,12
Harlan; Slocum & Quillen,1
Harlan; Still & Koch,3
Harley E Riedel;Stichter Riedel  Blain & Prosser TRT Account,1
Harmon Linder & Rogowsky,3
Harmonson Law Firm,1
HARMONSON LAW FIRM PC,1
Harnick & Harnick; P.C.,1
Harold  Alberry;Stewart Wald & McCulley,1
Harold  Brazil,2
HAROLD  BRAZIL,2
Harold  Chesnin,1
HAROLD  CHETRICK PC,1
HAROLD  EISENMAN PC,1
Harold  Gunn,1
Harold  Hyams,1
Harold  Skovronksy,1
Harold  Skovronsky,208
Harold  Skrovronsky,1
Harold Brazil & Associates,1
Harold Brazil & Associates; P.C.,1
Harold D Carr,2
HAROLD D YOUNG,1
HAROLD HYAMS & ASSOCIATES,2
HAROLD I GOODMAN,1
Harold J DeWalt,1
Harold J Gerr,1
HAROLD L LEVEY,2
Harold Skovronsky,1
Harold Skovronsky Esq.,55
"Harold Skovronsky, Esq",1
"Harold Skovronsky, Esq.",2
HAROLD T DODGE;RINGLER ASSOCIATES  BELLEVUE SETTLEMENT,1
Harout  Balian,2
Harp & Callier; LLP,1
HARPER & GONG,1
Harper Grey LLP,1
Harper; Uselton & Maxcey; LLP,1
Harrang Long Gary Rudnick PC,1
Harrell & Harrell,1
Harrell & Harrell P.A.,1
Harrell & Harrell; P.A.,1
HARRELL & HARRELL; P.A.,1
HARRIET  HAGEMAN,1
Harriette Zelman Law,1
HARRILL & SUTTER PLLC,1
HARRINGTON & HARRINGTON PC,1
Harrion Law Firm,1
Harris & Harris,1
Harris & Harris Law Firm,1
Harris & Harris Lawyers,1
"Harris & Helwig, P.A.",1
Harris and Graves; P.A.,1
Harris County Attorney's Office,1
"Harris Guidi Rosner, P.A.",1
HARRIS JERNIGAN & GENO PLLC,1
Harris Law Firm LLP,1
Harris Law Firm; LLP,1
Harris Law Office,1
Harris Lowry Manton LLP,2
Harris Personal Injury Lawyers,2
Harris Personal Injury Lawyers Inc.,2
Harris Personal Injury Lawyers; Inc,1
Harris Personal Injury Lawyers; Inc.,5
Harris Wyatt & Amala; LLC,1
Harris; Wiltshire; Grannis LLP,1
Harrison & Bodell LLP,1
Harrison & Fortier,1
Harrison & Hart; LLC,1
Harrison & Held; LLP,1
Harrison & Lamar,2
Harrison White Smith & Coggins P.C.,1
Harrison/White PC,1
Harry  Oxner,1
HARRY  SACHSE;RICHARD  BERLEY;SONOSKY CHAMBERS SACHSE ENDRESON &,6
HARRY  SUSMAN LLP,1
HARRY A DEMELL,1
Harry A Oxner,1
HARRY A OXNER,2
Harry A Shevin,1
HARRY ANDUZE  MONTANO;JOSE MORALES  BOSCIO,1
Harry Binder & Charles Binder Law Firm,1
Harry Binder & Charles Binder Law Office,1
Harry Binder & Charles Binder PC,3
Harry Binder and Charles Binder; P.C.,1
Harry Binder and Charles E Binder PC,1
Harry C Arthur,1
Harry Cohen & Associates PC,1
HARRY COHEN & ASSOCIATES PC,2
HARRY COHEN & ASSOCIATES PC;HARRY S COHEN & ASSOCIATES PC,1
HARRY I KATZ,1
Harry J & Charles E Binder,1
Harry J & Charles E Binder P.C.,1
Harry J Binder,3
HARRY J BINDER,2
Harry J Binder & Binder LLP,1
Harry J Binder & Charles Binder Law Off,1
Harry J Binder & Charles E Binder,52
HARRY J BINDER & CHARLES E BINDER,5
Harry J Binder & Charles E Binder Law,1
Harry J Binder & Charles E Binder Law PC,1
Harry J Binder & Charles E Binder LLP,1
Harry J Binder & Charles E Binder PC,23
HARRY J BINDER & CHARLES E BINDER PC,1
Harry J Binder & Charles E Binder; P.C.,8
Harry J Binder & Charles E Binder; PC,8
HARRY J BINDER & CHARLES E BINDER; PC,1
Harry J Binder and Charles E Binder,42
HARRY J BINDER AND CHARLES E BINDER,1
Harry J Binder and Charles E Binder PC,4
HARRY J BINDER AND CHARLES E BINDER PC,1
Harry J Binder and Charles E Binder; PC,31
Harry J Binder Law Offices,1
Harry J Binder/Charles L Binder,1
HARRY J BINDR & CHARLES E BINDER,1
Harry J Smith,5
HARRY J SMITH,4
Harry J Van Deilen PC,1
Harry J. Binder & Charles E. Binder,6
Harry J. Binder & Charles E. Binder P.C.,1
Harry J. Binder & Charles E. Binder; PC,28
Harry J. Binder and Charles E Binder; PC,1
Harry Julius  Binder,2
HARRY R SACHSE;RICHARD M BERLEY;SACHSE ENDERSON & PERRY LLP;SONOSKY;ZIONTZ;CHESTNUT;VERNEL; BERLEY & SLONIM,1
Harry S Bates,1
Harry S Cohen & Associates,1
Harry S. Cohen & Associates,1
"Harry S. Cohen & Associates, PC",1
HARRY T WIDMANN,1
HARRY T WIDMANN;HARRY T WIDMANN ASSOCIATES,1
Harry V. Armani & Associates; LLC,1
Harshman & McBee,1
Hart & Associates,1
Hartelius Durocher & Winter PC,3
Hartelius; Durocher & Winter PC,2
Harter Seacrest & Emery LLP,1
Harter Secrest & Emery LLP,1
HARTING; SIMKINS & RYAN LLP,1
Harting; Simkins & Ryan; LLP,1
Hartley Law Group,1
Hartley Law Group PLLC,1
Hartman-Nelson Law Office,1
Hartounian APLC,1
Hartsfield and Hartsfield PA,1
Hartsuyker; Stratman & Williams-Abrego,1
HARTSUYKER; STRATMAN & WILLIAMS-ABREGO,3
HARVEY  ALFORD,1
HARVEY  HARRIS,1
Harvey  Sackett,1
HARVEY  SACKETT,2
Harvey & Janutolo Law Office,1
Harvey & Koschtial LLC,1
HARVEY AND MUMFORD LLP,1
Harvey Grad PS,1
Harvey Grad; PS,2
Harvey M Demetrakopoulos,1
HARVEY P SACKETT,3
HARVEY P SANDERS,1
Harvis; Wright & Fett LLP Attys,1
HARWOOD ROSE PLLC,1
Hasbrook and Hasbrook,2
Hash; O'Brien; Biby  & Murray; PLLP,1
Hash; O'Brien; Biby & Murray PLLP,1
Hash; O'Brien; Biby & Murray; PLLP,2
Hashim & Spinola,1
Haslerud Law Office,1
Hasner and Hasner,2
Hassakis & Hassakis,1
Hassakis & Hassakis PC Lawyers Trust,1
Hassan Hassan & Tuchman P.A.,1
Hassan Hassan & Tuchman PA,1
HASSAN HASSAN & TUCHMAN PA;WALLACE  KLEID,1
HASSAN; HASSAN & TUCHMAN; P.A.;WALLACE  KLEID,1
HASTINGS & HASTINGS,1
Hastings & Hastings P.C.,1
Hastings & Hastings; P.C.,1
HASTINGS & HASTINGS; P.C.,1
Hastings and Hastings,1
Haug & Farrar PLLC,1
Haug Barron Law Group,1
"Haug Barron Law Group, LLC",5
Haug Farrar Franco,1
Haug Law Firm,1
Haug Law Group,2
Haug Law Group; LLC,4
Haug; Farrar & Franco; PLLC,2
Haugh & Winters LLP,1
Hauptman O'Brien Wolf & Lathrop,2
Hauptman O'Brien Wolf & Lathrop PC,1
Hauptman O'Brien Wolf & Lathrop; P.C.,1
HAUPTMAN OBRIEN WOLF & LATHROP,1
HAUPTMAN OBRIEN WOLF & LATHROP PC,2
Hauptman; O'Brien,1
Hauptman; O'Brien; Wolf & Lathrop; P.C.,2
Hauptman; O'Brien; Wolf & Lathrop; PC,1
Hausmann McNally S.C. Trust Acct,1
Hawaii Disability Legal Serivces LLLC,1
Hawaii Disability Legal Services LLC,1
Hawaii Disability Legal Services LLLC,1
Hawbecker Law Offices,1
Hawk Law Group,2
Hawkins Bingham & Miller;,1
Hawkins Parnell Thackston & Young; LLP,1
HAWKINS STRACENER & GIBSON PPLC TR ACCT;JOHN F HAWKINS;W ERIC  STRACENER,1
Hawley Troxell Ennis & Hawley,1
Hawley Troxell Ennis & Hawley LLP,1
Hay & Knight PLLC,1
"Hay and Knight, PLLC",1
Hayes Lorenzen Lawyers PLC,1
Hayes Magrini & Gatewood,1
Hayes; Harkey; Smith & Cascio; LLP;Loomis & Dement;Richard L Fewell,2
Haynes & Boone; LLP,1
"Haynes and Boone, LLP",4
Haynes and Boone; LLP,2
Haynes Boone LLP,1
Haysbert Moultrie LLP,1
Hazlett & Associates,1
HDPA Trust Account,3
Headley Ballard,1
Headley Law Firm LLC,1
Health Advocates,1
Healy Scanlon Law Firm,1
HEARD & SMITH LLP,1
HEARD AND SMITH LLP,1
Heartland Alliance,1
"Heath Law Group, LLC",1
Heath; Old & Verser; PLC,1
HEATHER  EGAN;TROUBH  HEISLER;WILLIAM  MCKINLEY,1
Heather  Freeman,14
HEATHER  FREEMAN,4
Heather  Hennin,1
HEATHER CULP,1
HEATHER SARKES,1
Hebbler & Giordano LLC,1
HEBBLER & GIORDANO LLC,1
Hebbler & Giordano; LLC,2
HEBBLER AND GIORDANO LLC,1
Heber Han PC,4
Heber Law Firm,1
Heber Law Firm LLC,1
"Heber Law Firm, LLC",3
Hebert Law Firm,1
Hecht; Kleeger; &Damashek P.C.,1
Heckman & O'Connor,4
HECTOR  PEDROSA-LUNA,1
Hector E. Andreu; Esq,1
Hector L Barreto-Cintron,1
Hector M Alvarado-Tizol,1
"Heenan & Cook, PLLC",1
"HEENAN & COOK, PLLC",1
Heenan & Cook; PLLC,1
Heenan Law Firm,2
HEENAN LAW FIRM IOLTA,1
"HEENEY & ASSOCIATES, P.C.",1
HEFNER EBERSPACHER & TAPELLA LLC,1
HEFNER EBERSPACHER TAPELLA ARMSTRONG,1
HEFNER; EBERSPACHER & TAPELLA,1
Hefner; Eberspacher & Tapella; LLC,1
"Heggelund Law, LLC",1
HEIDEMAN MCKAY HEUGLY & OLSEN LLC,1
HEIDEMAN NUDELMAN KALIK PC,1
Heidepriem Purtell & Siegel LLP,1
Heidepriem Purtell Siegel,1
"Heidepriem, Purtell, Siegel & Hinrichs, LLP",1
"Heidepriem, Purtell, Siegel, Hinrichs & Tysdal, LLP",1
HEIDI  KETTLER,1
Heilman Law Group PA,1
Heinrich Law,1
Heiting & Irwin,2
HEITING & IRWIN,1
Heiting & Irwin; APLC,1
"Held & Hines, LLP",1
HELEN L LOPEZ,2
Helen Laura  Lopez,3
HELEN LAURA  LOPEZ,1
Helen McFarland,1
Helinski Law Offices,1
Helland Law Firm PLLC,1
HELLAND LAW FIRM PLLC TRUST ACCOUNT,1
Heller LaChapelle APC,1
Heller; Huron; Chertkof & Salzman,1
Heller; Huron; Chertkof & Salzman PLLC,1
Heller; Huron; Chertkof; & Salzman,3
Heller; Huron; Chertkof; Lerner; Simon,1
Heller; Huron; Chertkof; Lerner; Simon &,1
"Helm, Livesay & Worthington LTD",1
HELMS & KILGORE PLLC,1
Helms Law Firm,1
Helmsman Management Services,1
Helmsman Management Services LLC,2
Helsell Fetterman LLP,2
"Helsper, McCarty & Rasmussen, PC",1
Hemming Law Firm,1
Hemphill Law Firm,1
Henderson & Koplik; LLP,1
HENDERSON LAW,1
Henderson Law Firm,1
Hendrick Phillips Salzman & Flatt; PC,1
Hendricks Law Firm; PC,1
Heninger Garrison & Davis LLC,1
Heninger Garrison Davis,1
Heninger Garrison Davis LLC,1
"Heninger Garrison Davis, LLC",2
Heninger Garrison Davis; LLC,2
HENINGER; GARRISON & DAVIS TRT ACCOUNT,1
Henley Lotterhos & Henley; PLLC,1
Henn Haworth Cummings & Page,1
Hennes and Haight,1
Henness & Haight,2
Henness & Haight Attorneys,1
Henness and Haight,1
Henness and Haight Chtd,1
Hennessy & Walker,2
Hennessy & Walker Group; P.C.,1
Hennessy&Walker Group; Inc.,1
HENNINGSEN INJURY ATTORNEYS PC,1
Henningsen Injury Attorneys;Ivan Law Firm; P.C.,1
Henri  Acciani,1
HENRI  ACCIANI,1
Henrichsen Siegel Trust Acct,2
HENRICHSEN SIEGEL; P.L.L.C,1
Henrik A Pontoppidan,1
Henriksen & Henriksen,1
HENRY  ACCIANA,1
Henry  Acciani,13
HENRY  ACCIANI,3
Henry  Cruz,1
HENRY  CRUZ,1
HENRY  FELDMAN,1
Henry  Reynolds,1
HENRY  REYNOLDS,1
HENRY  SALEM,1
Henry Barbour DeCell & Bridgforth LTD,1
"Henry Brewster, LLC",1
Henry D Acciani,6
HENRY D ACCIANI,7
HENRY D ACCIANI;SHOSHANA  PEHOWIC,1
Henry H Liem,1
Henry J Kowalski;Rone Hughes  Kowalski,1
HENRY M BUFFALO,2
HENRY PHILLIP GRUSS LTD,1
Henry Phillip Gruss; Ltd.,1
Henry R Hu,1
HENRY TRAN ATTORNEY AT LAW,1
Hensley Legal Group,2
Hensley Legal Group PC,1
HENSLEY LEGAL GROUP PC TR ACCT,1
Henson & Fuerst; P.A.,1
Henson Fuerst; P.A.,1
Hepworth Holzer,1
Hepworth Holzer LLP,1
Hepworth Holzer; LLP,1
HEPWORTH JANIS & KLUKSDAL CHTD,1
HEPWORTH; JANIS; KLUKSDAL TRT ACC'T,1
Herb  Borroto,1
Herber Han PC,1
HERBERT  VIERGUTZ,1
HERBERT C EHRHARDT;OLGETREE DEAKINS NASH SMOAK & STEWART PC,1
Herbert F Lawrence,2
Herbert F Warrender,1
Herbert M Silverberg,1
Herbert S Forsmith,9
HERBERT S FORSMITH,4
Herbert S Fortsmith,1
Herdman Yeager; LLC,2
HEREDIA & ASSOCIATES,1
Heriberto Ramos & Associates PC,1
Herman & Herman PLLC,1
"Herman Law Group, PLLC",1
Herman M Braude,2
HERMAN M BRAUDE,3
HERMAN MERMELSTEIN & HOROWITZ PA,1
Hermann Kemper,1
Hermann Law Group,2
Hermann Law Group; PLLC,1
Hernan D Cardeno,1
Hernandez & Cabra Attorneys at Work,1
Hernandez & Lopez Law Offices;Jesus Hernandez  Sanchez,1
Hernandez Law Group,1
"Hernandez Linton Law, PLLC",1
HERNANDEZ TORRES & BIGGIANI,1
Heron; Fox; & Trout PC,1
Herr Pedersen & Berglund LLP,1
Herrera Law Firm,1
Herrman & Herrman LLP,1
Herrman & Herrman PLLC,1
Herrman & Herrman; PLLC,2
Herrman & Herrmann; PLLC,1
HERRMAN AND HERRMAN PLLC,1
HERSH  MEHTA,1
Hershel M Gorham,1
"Hershey Law, P.C.",1
HERSHOFF; LUPINO & YAGEL LLP,1
Herzog Law Firm,2
Hess Hess & Donnelson,2
Hess Hess & Donnelson LLP,9
Hetrick Harvin & Bonds,1
Hetrick Harvin & Bonds LLC,3
Heuer Law Offices,1
HEUSER & HEUSER LLP,1
Heuser & Heuser; LLP,1
Heuser and Heuser L.L.P.,1
HEWITT & SALVATORE PLLC,1
HEYGOOD ORR REYES & BARTOLOMEI,1
Heygood; Orr & Pearson,1
HHP Law Group LLC,1
HICKEY & EVANS LLP IOLTA ACCT,1
Hickey; Sheehan & Gates; P.C.,1
Hicks & Brasier; PLLC,2
Hicks & Motto Attorney at Law,1
HICKS & SMITH PLLC TRT ACCOUNT,1
Hicks & Weintraub P.C.,1
Hicks & Weintraub; P.C.,2
HICKSTYMAS; LLC;WHITNEY  TYMAS,1
HIDAY  RICKE,1
Hiday & Ricke,3
Hiday & Ricke P.A.,1
Hiday & Ricke PA,5
HIDAY & RICKE PA,2
"Hiday & Ricke, P.A",1
"Hiday & Ricke, P.A.",1
Hiday & Ricke; P.A.,1
Hiday & Ricke; PA,7
Hiden Rott & Oertle LLP,2
Hien Duc  Doan,1
Higdon Law Firm PC,1
Higdon Law Firm; P.C. (HLFP),1
Higginbotham & Jacob PLLC,1
Higgins Benjamin PLLC,1
Higgs; Fletcher & Mack; LLP,2
High & Younes LLC,1
High Plains Law; PLLC,1
High Stack Gordon Kirby,2
HIGH SWARTZ LLP,1
Hilbrich Cunningham Dobosz Vinovich,1
Hilday & Ricke,1
Hildebrand McLeod & Nelson LLP,1
Hildebrand; McLeod & Nelson,1
Hilfiker Law Firm,1
Hill & Associates,1
Hill & Beyer APLC,1
HILL & BEYER APLC TRUST ACCT,1
Hill & Ponton; PA,1
HILL AND BLEIBERG,1
HILLARY  SCHWAB;HILLARY SCHWAB ATTORNEY,1
Hillary G Walsh,1
HILLER  COMERFORD INJURY AND DISABILITY LAW,1
Hiller Comerford,1
Hiller Comerford - Amherst,1
Hiller Comerford Injury & Disability,48
Hiller Comerford Injury & Disability Law,35
Hiller Comerford Injury & Disability Law PLLC,238
"Hiller Comerford Injury & Disability Law, PLLC",11
Hiller Comerford Injury and Disability Law,9
Hiller Comerford Injury and Disability Law PLLC,2
Hiller Comferford Injury & Disability LLC,1
Hiller Law,1
"HILLER, COMERFORD Injury Law",1
HillerComerford Inj. & Disab. Law PLLC,1
Hilliard Martinez Gonzales LLP,2
Hillier Law,1
Hillis Clark Martin & Peterson,1
Hillis Clark Martin & Peterson P.S.,2
Hilller Comerford Injury & Disability Law,1
Hillyard; Anderson & Olsen; P.C.,1
Hilton & Somer; LLC,2
Hilton and Somer,1
Hinckley; Allen & Snyder; LLP,1
Hinkle & Foran; P.A.,1
Hinkle & Foran; PA MATH,1
HINKLE HENSLEY SHANOR & MARTIN LLP;HINKLE; HENSLEY; SHANOR & MARTIN; LLP,1
Hinkle Law Office,1
"Hinojosa Law, PLLC",1
Hinojosa Law; PLLC,1
Hinshaw & Culbertson LLP,2
Hipskind & McAninch,1
Hironori  Takeuchi,1
Hiroshi  Takahashi,1
Hirsch & Lyon PLLC,1
HIRSCH & LYON PLLC,1
Hirsch and Lyon,2
Hirsch and Lyon PLLC,1
Hirst Applegate LLP,1
Hissam Forman Donovan Ritchie,1
Hitchcock and Potts,2
Hite and Stone Attorneys at Law,1
HITT HILLER MONFILS WILLIAMS,1
"HKC Law Firm, PLLC",2
HOAGLAND;LONGO; MORAN; DUNST;DOUKAS; LLP,1
"Hobbie & DeCarlo, P.C.",1
Hobbie; Corrigan & DeCarlo; P.C.,2
Hobbs Staus Dean & Walker LLP,1
HOBBS STRAUS  DEAN & WALKER LLP,1
Hobbs Straus Dean & Walekr LLP,1
Hobbs Straus Dean & Walker,1
Hobbs Straus Dean & Walker LLP,18
HOBBS STRAUS DEAN & WALKER LLP,6
Hobbs Straus Dean & Walker; LLP,6
Hobbs Strauss Dean & Walker LLP,1
"Hobbs, Straus, Dean & Walker LLP",1
"Hobbs, Straus, Dean & Walker, LLP",3
Hobbs; Strass; Dean; & Walker; LLP,1
Hobbs; Straus; Dean & Walker LLP,9
HOBBS; STRAUS; DEAN & WALKER LLP,2
Hobbs; Straus; Dean & Walker LLP;Pinnacle Financial Partners,1
Hobbs; Straus; Dean & Walker; LLP,5
Hobbs; Strauss; Dean & Walker; LLP,1
HODES MILMAN IKUTA LLP,1
Hodes Milman Liebeck LLP,1
Hodes Milman LLP,1
Hodes Milman LLP  Client Trust Account;Jeffrey A Milman,1
Hodge & Langley Law Firm,1
Hodge and Langley Law Firm; P.C.,2
Hodge Calhoun Giattina,1
Hodges and Thomas Attorneys at Law,1
Hoefer Flaming PLLC,1
HOEFER FLAMING PLLC,1
Hoefer Law Firm,3
Hoefer Law Firm; PLLC,1
Hoeffer Law Firm,1
Hoefle Phoenix Gormley & Roberts,1
Hoey & Farina,1
Hoff Curtis Pacht Cassidy & Frame PC,1
"Hoffecker Law Group, PC",1
Hoffman & Gelfman Attorneys; P. C.,1
Hoffman and Hoffman PA,1
Hoffman DiMuzio,1
Hoffman Legal Group LLC,1
Hoffman; Sternberg & Karpf; LLC,1
Hoffman; Sternberg; Karpf & Lynch; LLC,1
Hoffman;Sheffield;Sauseda&Hoffman,1
HOFFOSS & DEVALL LLC IOLTA ACCOUNT,1
Hogan & Hartson,1
Hogan & Hartson; LLP,1
Hogan Frick Law,2
Hogan Lovells,1
Hogan Willig PLLC,1
HOGAN WILLIG PLLC,1
HOHBACH LAW FIRM LLC IOLTA,1
Holder & Grover  PA Client Trust Account;Jon  Holder,1
Holiday Karatinos Law Firm,1
Holland & Hart,1
Holland & Hart LLP,1
HOLLAND & HART LLP,1
Holland & Knight,6
HOLLAND & KNIGHT,1
Holland & Knight LLP,16
HOLLAND & KNIGHT LLP,8
HOLLAND & KNIGHT LLP IOLTA,1
Holland & Knight; LLP,5
Holland Injury Law LLC,2
HOLLAND;HOLLAND; EDWARDS & GROSSMAN PC,1
Holliday Law,1
HOLLINGSWORTH KELLY ATTORNEYS,1
Hollingsworth Kelly PLLC,1
Hollis M Robert,1
Holloway Bethea,2
HOLLOWAY DOBSON & BACHMAN PLLC,2
Holloway Dobson & Bachman; PLLC,4
Holloway; Dobson & Buchman,1
Holloway; Dobson; & Bachman PLLC,2
Holly  Cooper,1
HOLLY  FAIRBAIRN,1
HOLLY J FAIRBAIRN,3
HOLLY JANE  FAIRBAIRN,1
Holly M Lord,2
HOLLY S COOPER,1
Holman Law Firm,2
Holman Law PLLC,3
"Holman Law, PLLC",2
Holman Law; PLLC,7
Holmberg; Galbraith; & Miller LLP,1
Holmes Pittman & Haraguchi LLP,1
Holmes Pittman & Haraguchi; LLP,1
HOLMES WEDDLE & BARCOTT; P.C .,1
Holmes; Pittman & Haraguchi LLP,1
Holmquist & Gardiner; PLLC,1
Holston & Huntley,1
"Holwell, Shuster & Goldberg LLP",2
Holzer Edwards Chtd IOLTA,1
Homan & Stone,1
Homan and Stone,1
"Homefront Group, LLP",1
HOMERO  TORRALBA,1
HOMSEY COOPER HILL & ASSOC,1
Homsey Cooper Hill Carson,2
HONG S CHUNG;SHULMAN ROGERS GANDEL PORDY & ECKER,1
HOOK & BOLTON PA;STEPHEN F BOLTON,1
Hooks Law Firm,8
Hoole & King L.C.,1
HOOPER HATHAWAY; PC,1
HOOVER HULL TURNER LLP,1
Hoover Penrod PC,1
Hoovestal Law Firm,1
HOPE  HUMANA,1
Hopewell H Darneille,1
Hopkins; Barvie & Hopkins; PLLC,1
"Hopson Legal, LLC",1
Horace  Bradshaw,1
Horace Mann Insurance,1
Horenstein Nicholson  & Blumenthal LPA,1
Horenstein Nicholson Blumenthal,9
"Horenstein, Nicholson & Blumenthal",5
"Horenstein, Nicholson, & Blumenthal",1
Horenstein; Nicholson & Blumenthal,1
Horenstein; Nicholson & Blumenthal; LPA,1
Horenstein; Nicholson; & Blumenthal,1
Horenstein; Nicolson; & Blumenthal,1
HORGAN LAW OFFICES,1
Horn & Kelley,2
"Horn & Kelley, PC",1
Horn & Kelley; P.C.,1
Horn & Kelley; PC,7
Horn & Kelley; PC;,2
Horn & Kelly P.C.,1
Horn & Kelly PC,3
Horn & Payne PLLC,1
Horn & Payne; PLLC,3
Horn Aylward & Bandy LLC,1
Horn Aylward & Bandy; LLC,1
HORN LAW FIRM IOLTA ACCT,1
Hornbeek Vitali & Braun,1
Horne & Payne PLLC,1
Horner & Duckers; Chartered,1
Horning; Horning; McGrath; LLC,1
"Hornsby Watts, PLLC",1
Horton & Gregory PC,1
Horton & Gregory; PC,1
Horton & Mendez,1
"Horton Village Law Group, APC",1
HORVITZ & LEVY; LLP,1
HOSSLEY & EMBRY,1
Hossley Embrey LLP,1
Hostetter & Associates,1
Hostilo Law Firm,1
HOUCK & RIGGLE LLC;RON  RIGGLE,1
Houck Anderson  Trust Account;Ryon L Little,1
HOUCK; ILARDI & REGAS LLC,1
Hourigan Kluger & Quinn PC,1
Hourigan; Ligorio & Quinn,1
Housenbold & Housenbold; PLLC,1
HOUSLEY & COUCH; PLLC,1
Housley Law Group; PLLC,1
"Housman, Garatt, Duncan & Mann, PLLC",1
Housman; Garatt & Duncan; PLLC,1
"Houssiere, Durant, & Houssiere, LLP",1
Houssiere; Durant & Houssiere LLP,1
Hovde Dassow & Deets LLC,3
Hovde Dassow + Deets; LLC,2
Hoversten Johnson Beckmann & Hovey LLP,2
Hovland & Rasmus PLLC,1
Howard  Brenner,1
HOWARD  COLTON,1
Howard  Markowitz,1
Howard  Mishkind,1
Howard  Olinsky,14
HOWARD  OLINSKY,9
Howard D Olinksy,1
Howard D Olinsky,35
HOWARD D OLINSKY,25
Howard D Olinsky;Regina  Feuer,1
Howard D Wilson,1
Howard D. Olinsky,1
Howard D. Olinsky and Russell R. Bowling,1
Howard D. Olinsky; Esq.,1
Howard David  Olinsky,1
HOWARD DAVID  OLINSKY,1
HOWARD DAVID  OLINSKY;OLINSKY LAW GROUP,1
Howard E Davis,1
Howard G Goldberg,1
Howard J Blyler Law Office,1
Howard J Levin,1
howard M hughes,1
Howard M Kahalas,2
Howard S Grossman,1
Howard W Seiselmeyer,1
Howard; Kohn; Sprague & Fitzgerald LLP,1
Howard; Kohn; Sprague & FitzGerald LLP,1
Howard; Stallings; From; Atkins; Angell,1
Howe & Associates,2
Howe Law Firm P.C..,1
Howe Law Offices,1
"Howell & Fisher, PLLC",1
Howell & Thornhill,1
HOWERTON DORRIS & STONE TRUST ACT,1
HOWREY LLP,1
Howrey LLP;Reed Smith LLP,2
Howrey; LLP,1
HOY TRIAL LAWYERS; PROF. LLC,1
Hoybjerg Law,1
Hoyt & Blewett PLLC,1
HPP'S NONPROFIT,1
Hrobowski Law Office; P.C.,1
Hubbard & Kurtz,1
Hubbard & Kurtz; LLP,1
Hubbard & Kurtz;Law Office David S. Rauzi,2
Huber Slack; Thomas & Marcelle,1
Huber Thomas; LLP,2
Huberslack; Thomas & Marcelle,1
Hubert  Hamilton,1
Hudson King; LLC,1
Hudson Mallaney Shindler & Anderson PC,1
Hudson Potts & Bernstein; LLP,1
Hudson; Potts and Bernstein,1
Hueston Hennigan LLP,3
Huff & Leslie LLP,1
Huffman & Huffman,3
HUFFMAN & HUFFMAN,1
Huffman & Huffman Brothers In Law PLLC,1
Huffman & Huffman Brothers-in-Law PLLC,1
Huffman & Huffman Brothers-In-Law PLLC,1
Huffman & Huffman PLLC,3
Huffman & Huffman; Brothers In Law,1
Huffman & Huffman; PLLC,1
HUFFMAN AND  HUFFMAN,1
Huffman: Huffman Brothers in Law,1
HUGH  FIELD,4
HUGH  TOUCHE;JORGE GREEN; LLC,1
HUGH D COX;HUGH DALTON  COX,1
HUGH M FIELD,4
Hugh M Robinson,1
Hugh McClean Esq.,1
HUGH P TOUCHY,2
Hugh Robert Law Office,3
HUGHES & COLEMAN,2
HUGHES & GOLDNER PLLC IOLTA,1
Hughes & Pizzuto APC,1
Hughes Hubbard & Reed LLP,2
HUGHES HUBBARD & REED LLP,1
Hughes Hubbard & Reed; LLP,1
Hughes Law PLC,1
Hughes Robbins; P.S.,1
Hughes-Cione,3
HUGHES-CIONE; APLC,1
Hughes; Hubbard; & Reed; LLP,1
Hughey Injury Lawyers,1
Hughey Law Firm,2
Hughey Law Firm LLC,1
Huie; Fernambucg; & Stewart LLP,1
Hull & Zimmerman,1
HULSE STUCKI: PROFESSIONAL LLC,2
"Humana Law Firm, PLLC",2
Humberto  Enriquez,1
HUMBERTO  ENRIQUEZ;VICTOR  SALAS,1
HUMBERTO  VAZQUEZ-SANDOVAL,1
Humberto F Cobo-Estrella,1
Humberto S Enriquez,1
Humphrey & Rist LLP,1
Humphrey Farrington McClain PC;Randles Mata LLC,1
Humphrey; Farrington & McClain; P.C.,8
Hunsaker Emmi; P.C.,1
Hunsucker Goodstein; PC,1
Hunt Law Firm,1
"Hunt Law Firm, LLC",1
Hunt Law Firm; LLC,4
Hunt Law LLC,1
HUNT LAW LLC TR ACCT,1
"Hunt Law, LLC",1
Hunt Law; LLC,1
Hunt Suedhoff Kalamaros,1
Hunt Suedhoff Kalamaros LLP,1
HUNT; GALE;  MEERCHAUM; HOSSLER,1
HUNTER & BECK,2
Hunter & Beck; LLP,1
Hunter & Everage,1
Hunter & Kalinke,1
HUNTER & MORTON,1
Hunter Old Law PLLC,1
Hunter W Morris LLC,1
HUNTON & WILLIAMS LEGAL SERVICES CORP,1
HUNTON & WILLIAMS LLP,1
Hunton Andrews Kurth,1
Hunton Andrews Kurth LLP,4
Hunton Andrews Kurth; LLP,1
Huppert Law Firm; PLLC,1
Huppert Law Firm;Huppert Law Firm; PLLC,2
Hupy & Abraham,2
Hupy & Abraham SC,1
Hupy and Abraham SC,1
HUPY AND ABRAHAM SC,2
HUPY AND ABRAHAM; S.C. CLIENT TRUST ACCT,1
Hupy and Abraham; S.C.; P.C.,1
HURLBURT;MONROSE & ERNEST,1
Hurley Burish,1
Hurley Mckenna & Mertz PC,1
HURLEY MCKENNA & MERTZ PC,1
Hurley McKenna & Mertz; P.C.,1
Hurley; Burish & Stanton; S.C.,1
Hurst Limontes LLC,1
Hurst Limontes; LLC,2
HURST; BRUMBACK & BRUSIE,1
Hurt at Work Law; S.C.,1
Hurwitz; Orihuela & Hayes; LLP,1
Husch Blackwell LLC,4
Husch Blackwell LLP,1
HUSCH BLACKWELL LLP,1
Husch Blackwell LLP;The Hinrichs Law Firm;The Murphy Law Firm,1
Hutchens Law Firm,2
Hutchens; Senter & Britton; P.A.,1
Hutchinson Black and Cook LLC,8
"Hutchinson Black and Cook, LLC",1
Hutchinson Black and Cook; LLC,1
Hutchison & Steffen; LLC Trust Account,1
Hutchison & Stoy; PLLC,1
Hutton & Hutton Law Firm LLC,4
HUTTON & HUTTON LAW FIRM LLC,1
"Hutton & Hutton Law Firm, LLC",1
Hutton & Hutton Law Firm; LLC,1
Hutton & Hutton;Matthew M Dwyer,1
Hutzler Law,1
Huver & Assoc.; Inc.,1
HUVER & ASSOCIATES INC SETTLEMENT ACCT;SAM  MCGEE,1
HUVER & ASSOCIATES; INC,1
Huver and Assoc.; Inc.;SIMEONE & MILLER; LLP,1
Huver and Associates; Inc,1
Hwang Law Group,1
HWG,1
HWTD,2
"Hyatt & Goldbloom, LLC",2
Hyatt & Weber P.A.,1
Hyatt & Weber; P.A.,2
Hyberg; White & Mann,1
Hyderally & Associates,1
HYDERALLY & ASSOCIATES PC,2
"Hyderally & Associates, P.C.",1
"Hydraulics International, Inc.",1
HYMSON GOLDSTEIN & PANTILIAT PLLC,1
Hyram  Montero,1
Hyram M Montero,1
HYRAM M MONTERO,1
I. MICHAEL  LUBER,1
IACONIS LAW OFFICE PLLC,1
Ian  Neale,2
Ian  Sammis,1
Ian  Stewart,1
Ian Gaunt,1
IAN L MATTOCH;STUART M KODISH,1
IAOONIS LAW OFFICE PLLC,1
Ice Miller,1
Ice Miller LLP,2
Icove Legal Group,1
ICS/Vanguard,2
Ida  Comerford,3
Ida M Comerford,2
IDA M COMERFORD,1
IDAHO LAW FDN; COOPER & LARSEN;REED W LARSEN; COOPER & LARSEN,1
Idiart Law Group LLC,1
IDIART LAW GROUP; LLC,3
IDS Property & Casualty,1
IDS PROPERTY CASUALTY INS CO,1
Ifediba Law Group LLC,1
Ifeoma  ONuoha,1
Ifrah PLLC,1
IFT Attorney Thomas P. Sexton,1
Igartua Law,1
IGNACIO G. MARTINEZ LAW FIRM,2
Ignacio Martinez Law Firm,1
Igor  Tarasov,1
Iguina Oharriz Law Office,1
ILEANA  GONZALEZ-AVELLANET,1
ILER & ILER,1
"Iliff, Meredith, Wildberger & Brennan",1
ILONA  BRUSIL,1
IMMIGRANT LEGAL DEFENSE,1
IMMIGRATION EQUALITY;SULLIVAN & CROMWELL LLP,2
In pro per  In pro per,1
In Pro Per  In Pro Per,1
IN PROPIA  PERSONA,1
In-House Counsel,1
Indian & Environmental Law Group,1
Indian & Environmental Law Group PLLC;Sneed Lang PC,2
"Indian & Environmental Law Group, PLLC",1
Indiano & Williams,2
INDIANO & WILLIAMS,8
Indiano & Williams PSC,2
Indiano & Williams; PSC,2
INDIANO & WILLIAMS; PSC,4
Indiano and Williams PSC,1
INDIRA  TALWANI,1
INDIRA  TALWANI;SEGAL ROITMAN LLP,1
Inga N Hicks,1
Ingaldson Fitzgerald,1
"Ingaldson Fitzgerald, P.C.",1
Ingaldson Fitzgerald; P.C.,1
INGALDSON FITZGERALD; PC TRUST ACCOUNT,1
INGALDSON MAASSEN & FITZGERALD PC,1
Ingenuitas Law Firm PSC,1
Ingerman & Horwitz LLP,2
INGERMAN & HORWITZ LLP;KENNETH P NIMAN,1
INGERMAN & HORWITZ; LLP,1
INGLADSON & FITZGERALD,1
Ingle Law  Firm,1
INGLE LAW FIRM,1
Ingle Law PLLC,1
Ingram Olheiser; PC,1
Inman & Strickler P.L.C.,1
Inna  Lipkin,1
Insler & Herman LLP,1
Insler & Hermann LLP,2
Insler & Hermann; LLP,2
Institute for Justice,1
Institute For Justice,1
INSTITUTE FOR JUSTICE AS ATTN'Y;SCHLOSSBERG LLC,2
Insurance Recovery Legal Associates,1
Insurance Subrogation Group,11
INSURANCE SUBROGATION GROUP,2
Insurance Subrogation Group LLC,2
"Insurance Subrogation Group, LLC",1
International Refugee Assistance Project,1
International School of Denver,1
International Subrogation Management,1
INTILI & GROVES CO.; L.P.A.,1
Intili Group Co.; LPA,1
Invictus Legal Services,1
INVICTUS LEGAL SERVICES,4
Iola Bottar Leone; PLLC,1
IOLA-RENE MYATT ATTY AT LAW;RENE  MYATT,1
IOLTA Account (Trust),1
IOLTA ACCT-GOODMAN ALLEN & FILETTI PLLC,1
IOLTA ACCT;LAURIE M HIGGINBOTHAM;MICHAEL ARCHULETTA ATTORNEY AT LAW,1
IOLTA ACCT;LAW OFFICE OF WALTER A OLENIEWSKI,1
IOLTA ATTORNEY TRUST ACCOUNT,1
IOLTA FUND OF THE BOARD OF NEW JERSEY,1
IOLTA GROSS & LEVIN; LLP,1
IOLTA JOSE MONTES JR PC,1
IOLTA KLIMASKI & ASSOC.,1
Iolta Law Office of Robert Ukeiley,1
IOLTA Law Office of Robert Ukeiley,10
IOLTA Law Office of Robert Ukeiley;[REDACTED FOR PRIVACY],1
IOLTA LAW OFFICE OF ROBERT UKEILEY;TEAL  PARHAN,1
IOLTA LEON SCHYDLOWER,1
IOLTA Robert Ukeiley,1
IOLTA TR ACCT;THOMAS I TEMPLE;WILLIAM R SATTERBERG ATTORNEY AT LAW,1
IOLTA TRUST ACCT OF KLIMASKI & ASSOC PC,1
IOLTA TRUST ACCT;THOMAS I TEMPLE;WILLIAM R SATTERBERG ATTORNEY AT LAW,1
IOLTA TRUST CHECKING ACCT;ROBERT L LOVETT,1
IOLTA TRUST DOMINGUEZ & COYLE,1
IOLTA TRUST JOHN GROST,1
IOLTA TRUST;LATHAM & WATKINS LLP;MARGRETHE K KEARNEY,1
IOLTA-JOSE MONTES JR; P.C.,1
IOTA TRUST OF MERMELSTEIN & HOTOWITZ; PA,1
IRA  BERMAN,1
Ira  Lechner,18
Ira J Kurzban,2
Ira M Lechner,73
Ira M Lechner;Marzulla Law; LLC,137
IREDALE & YOO APC ATTNY TRT ACCOUNT,1
"Iredale & Yoo, APC",1
Iredale & Yoo; APC,3
Iredale and Yoo,2
Iredale and Yoo APC,2
"Iredale and Yoo, APC",1
"Iredale and Yoo, APC,",1
Iredale and Yoo; APC,4
Iredale And Yoo; APC,1
Irene  Ruzin,1
IRENE M McLAFFERTY,1
Irene Ruzin Law Offices,4
IRENE RUZIN LAW OFFICES,1
Irigonegaray & Associates,1
Irigonegaray Turney Revenaugh LLP,1
IRISH  BERNHARDT;JACOB ALMA  BERNHARDT,1
Irish Bernhardt;Jacob  Bernhardt,1
"Irpino, Avin & Hawkins",1
Irwin E Weiss,1
Irwin M Portnoy,1
IRWIN M PORTNOY,1
IRWIN M PORTNOY & ASSO PC ESQS,1
Irwin M Portnoy & Assoc,1
IRWIN M PORTNOY & ASSOCIATES,1
Irwin M Portnoy & Associates P.C.,1
Isa  Ayanoglu,2
Isaac  Green,1
Isaac A McBeth,2
Isaac A. Velazquez & Assoc.,1
Isaac Brant Ledman & Teetor LLP IOLTA,1
ISAAC H GREEN ESQ;MOODY  SHIELDS GROUP,1
Isaac P Hernandez,1
ISAACMAN FAMILY DENTISTRY,1
Isaacs & Isaacs PSC,3
ISAACS AND ISAACS PSC,1
Isaacson; Schiowitz & Korson LLP,1
Isaacson; Schiowitz & Korson; LLP,2
ISAIAS  ALBA,2
Isamar  Estrada Diaz,1
Ismail Elon & Co Law Office,1
ISRAEL  MELENDEZ,6
Israel  Roldan,1
ISRAEL P GUARDIOLA,1
ISTAVAN SANDOR  MEZAROS;KELEMEN MEZAROS SANDOR & TARSAI;LASZLO  SZEP   DECEASED,1
Ivan  Boatner,1
IVAN  LAM;VICTOR  KORECHEFF,1
IVAN  YACUB,1
Ivan David Almada Puente,1
Ivan M Katz,2
IVAN Z ENCELEWSKI,1
IVIE MCNEILL  & WYATT;RICKEY  IVIE,1
Ivie McNeill and Wyatt APC,1
Ivie McNeill Wyatt Purcell & Diggs,1
Ivie; McNeill & Wyatt,1
IVY  FINKENSTADT,1
Ivy  Gage,1
J  Mark  Mann,1
J Alan  Welch,2
J Alexander Law Firm; P.C.,1
J ANDREW TISDALE PC,1
J ASHLEY  TWOMBLY;TWENGE & TWOMBLEY,1
J B DORSEY & ASSOCIATES,1
J B LOVE JR,1
J BRIAN TANSEY LLC,1
J C Deem,2
J Calhoun  Land,1
J Christopher  Deem,1
J CHRISTOPHER  DEEM,2
J COLLINS LANDSTREET II ATTORNEY-AT-LAW;TRUST ACCOUNT,1
J D Lopez,1
J DOYLE  FULLER;THOMAS R DEBRAY,1
J Edward Bell III LLC Tr Acct;James B Moore,1
J Frank  Hanley,1
J HUSTON GORDON & IRMA M STRATTON,1
J KEITH  PEARSON,1
J Kevin  Morton,1
J LARRE LAW FIRM LLC,1
J Leeds  Barroll,1
J Lewis & Associates APLC,1
J Louis  Gibbens,1
J LYNN  BISHOP,2
J MARK  GIDLEY,1
J Michael  Ivey,1
J Michael Hayes,1
J MICHAEL KOCH & ASSOC IOLTA ACCT,1
J N Alexander,1
J NICKOLAS  ALEXANDER,1
J Niley  Dorit,1
J NILEY  DORITY,1
J P MILAM,1
J Richard Law Offices LLC,2
J Robert  Brown,1
J ROSS DAVIS PA  TRUST ACCT,3
J Scott  Halverson,1
J Scott  Moede,2
J Scott Watson; P.C.,2
J SHAWN  ALCARESE,1
J T Meisel,1
J T Price;Terry  Rackley,1
J Taylor & Associates,2
J THOMPSON CRAVENS & ASSOCIATES PC,1
J Timothy  Price;Terry  Rackley,1
J Tucker  Montgomery;Peter M Olson,1
J VINCENT  PERRYMAN,1
J WAYNE TURLEY PC,1
J William Savage; PC,1
J. Andrew White & Associates,1
J. ASHLEY  TWOMBLEY,1
J. B. Biser; Hardison; Cochran; PLLC,1
J. Barton  Seitz,1
J. BRUCE  MCKISSOCK,1
J. C Deem,1
J. C Tanner,1
J. Chad Parker; PLLC,1
J. Christopher  Deem,13
J. Christopher  Jenson,1
J. COURTNEY WILSON,1
J. DAVID  LOPEZ,1
J. EDWARD HOLLINGTON & ASSOCIATES PA,1
J. FRANK  HANLEY,1
J. FREDRICK  KESSENICH,1
J. Gonzalez Law Firm,1
J. Harland  Webster,1
J. Hatcher  Graham,1
J. K Califf,1
J. KENNETH  KRUVANT,1
J. Kevin  Morton,6
J. KEVIN  WALTERS,1
J. M. Cofield PC,1
J. M. Vasquez; LLC,1
J. MICHAEL  CRONAN,1
J. Michael Koch and Associates,1
J. Mingo Winters Attorney at Law; PLLC,2
J. Nickolas  Alexander,1
J. Paul  Long;Richard  Hay,1
J. Rachel  Scott,1
J. Saenz & Associates PC,4
J. Scott Watson; P.C.,1
"J. Stephen Woodside, P.C.",1
J. Timothy  Price,1
J. Timothy  Smith,1
J. TODD  WILLHOITE,1
J. W Chalkley,1
J. W.  Chalkley,4
J. William  Savage,1
J. William Savage; P.C.,1
J.B. Biser; Hardison; & Cochran; PLLC,1
J.Chad Parker PLLC,1
J.P.  Longacre,1
J.P. STROM LAW FIRM,1
J.P. STROM; JR.; P.A.; IOLTA,1
J.P. Ward & Associates; LLC,2
J.T.  Meisel,1
J.Thomas Law Firm,1
J.W.  Chalkley,2
J.W.  CHALKLEY,2
J.W.  Chalkley;,1
Jabin & Fleming LLC,1
JACK  HALL,1
JACK  JAKUBIAK,1
JACK  PITTS,1
Jack  Rephan,1
Jack A Tittle,1
Jack Bernstein & Associates,1
Jack Bernstein and Associates,1
"JACK BERNSTEIN, PA",1
JACK E DONLEY,1
Jack F Witcher,1
Jack G Bernstein,1
JACK H HIRSCH;JACK HIRSCH TRUST ACCOUNT,1
JACK L MATTINGLY CLINETS TR ACCT,1
JACK W HARANG,1
Jackie  Kenyon,1
JACKIE D ARMSTRONG,1
Jackson & Macnichol,1
Jackson & MacNichol,9
JACKSON & MACNICHOL,1
Jackson & Oglesby Law LLC,1
Jackson and MacNichol,1
Jackson Holcomb LLP,5
"Jackson Injury Firm, LLC",1
Jackson Kelly PLLC,1
Jackson Law Firm,2
JACKSON LAW GROUP; P.C.,1
Jackson Lewis PC,2
Jackson Rosenfield,1
Jackson Rosenfield; LLP,1
JACKSON WHITE P.C. TRUST ACCT;RYAN K HODGES,1
JACLYN  LOPEZ,1
JACOB  DEATON,1
Jacob  Merrill,1
Jacob  Moak,1
JACOB  SHISHA,1
Jacob  Tighe,1
Jacob D. fuchsberg Law Firm,3
"Jacob D. Fuchsberg Law Firm, LLP",1
Jacob D. Fuchsberg Law Firm; LLP,2
"Jacob F. Fuchsberg Law Group, LLP",1
Jacob Fuchsberg Law Firm,31
Jacob Fuchsberg Law Firm LLP,3
Jacob J Munch;John D Fernandez,1
Jacob M Merrill,1
JACOB M WEISBERG,2
Jacob P Welch,1
Jacob R Podolsky;Wattel &  York P.C.,1
Jacobs &  Jacobs;Tom  Jacobs,1
Jacobs & Jacobs,1
"Jacobs & Jacobs, LLC",1
Jacobs and Jacobs Injury Law Group,2
Jacobs and Jacobs LLC Trust,1
JACOBS KIVITZ & DRAKE LLC,1
Jacobs Schwable & Petruzelli PC,1
Jacobs Schwalbe & Petruzzelli,1
JACOBS SCHWALBE & PETRUZZELLI,3
Jacobs Schwalbe & Petruzzelli PC,2
"Jacobs Schwalbe & Petruzzelli, PC",1
Jacobs Schwalbe & Petruzzelli; PC,1
Jacobs Schwalbe Esqs,2
Jacobs Schwalbe Esqs.,3
Jacobs Schwalbe Petruzzelli PC,1
"Jacobs, Schwalbe & Petruzzelli, P.C.",1
"Jacobs, Schwalbe & Petruzzelli, PC",20
Jacobs; Kivitz & Drake; LLC,1
Jacobs; Schwalbe & Pertruzelli; PC,1
Jacobs; Schwalbe & Pertuzzelli; PC,17
Jacobs; Schwalbe & Petruzzelli; PC,7
Jacobs; Schwalbe; & Petruzzelli PC,1
Jacobs; Schwalber & Petruzzelli; PC,1
"Jacobsma Law, APC",1
Jacobson Law Firm,1
JACOBY & MEYERS,1
Jacoby & Myers; LLP,1
Jacoby and Meyers LLP,1
JACQUART & LOWE TRUST ACCT,1
JACQUELINE  BIRD,1
JACQUELINE  PILAND,1
Jacqueline  Steffy,1
Jacqueline E Cannavan,1
Jacqueline McMickens & Associates PLLC,1
Jacqueline V Frederick,1
JACQUES  WILLIAMS,1
Jacques - Alexandre Genet,1
Jaffe & Hough,2
JAFFE & HOUGH,1
JAFFE & HOUGH;JEFFE  HOUGH,1
JAFFE LAW FIRM,1
Jager Smith; LLC,4
Jahrmarkt & Associates,2
Jaime  Alvarado,1
JAIME  ALVARADO,3
Jaime  Alvarado & Assocs. PLLC,1
JAIME  DIEZ,1
JAIME ALVARADO & ASSOCIATES PLLC,1
"Jaime Alvarado and Associates, PLLC",1
Jainchill & Beckert,1
Jairo Rene Rivera Ramos,1
Jairo Rodrigues Bijos,1
Jakubowski Roberson Maffei et al,1
Jamal  Alsafarr,1
Jamal  Alsaffar,1
JAMAL  ALSAFFAR,1
JAMAL  ALSAFFAR ESQ;JAMAL ALSAFFAR ESQ,1
JAMAL  ALSAFFAR;MICHAEL  ARCHULCTA;MICHAEL  ARCHULETA,1
JAMAL  ALSAFFAR;MICHAEL  ARCHULETA,2
JAMAL  SCARLETT,1
JAMAL ALSAFFAR; ARCHULETA; ALSAFFAR,1
Jamal K Alsaffar,2
JAMES  ALEXANDER,1
JAMES  BERNICE MOORE,1
JAMES  BOPP,1
James  Bradshaw; c/o Richard A. Bruce,1
James  Bridge,1
James  Brouillette;State Farm Mutual Insurance Company,1
James  Brown,1
JAMES  BROWN,2
James  Carfagno,1
JAMES  CONLEY;RICHARD  WURDEMAN,1
JAMES  COON,1
James  DeCinti,1
James  DelSordo,1
JAMES  FAUCHER,1
JAMES  FRASIER;LAURA  TERRELL,1
JAMES  FREEMAN,1
JAMES  FREENEY,1
James  Gatzke,1
James  Geagan,1
James  Gillespie,1
JAMES  HALL;SONIA  RODRIGUEZ,1
JAMES  HONG,1
JAMES  JORGENSEN,1
James  Kennedy,1
JAMES  KILLION,1
JAMES  KROUSE,1
James  Kube,1
James  Langton,13
JAMES  LANGTON,2
JAMES  LEVENTHAL;LEVENTHAL BROWN & PUGA PC;NATALIE  BROWN,1
JAMES  LYNCH,1
James  Makasian,1
JAMES  MCCALLION,1
JAMES  McKIERNAN,1
JAMES  MCKIERNAN;LOUIS  KOORY,2
James  Morton,1
James  Nance,1
JAMES  NASSER,1
James  Newland,7
JAMES  NOBILE,1
James  O'Dea,1
JAMES  PALIWODA,1
James  Pavisian,1
James  Pi,1
JAMES  SHEA,1
James  Shikany,1
James  Spruel,1
JAMES  SPRUEL,2
James  Sturdevant,1
James  Walters; III,1
James  Williams,5
JAMES  ZIER,3
"James & Hoffman, P.C.",6
"JAMES & HOFFMAN, P.C.",6
James & Hoffman; P.C.,7
JAMES A BRANCH JR JD LLM LLC TR ACCT,1
JAMES A BRANSKY,1
James A Davis,1
JAMES A HATCH,1
James A Moody,1
James A Payonk Jr PC,3
JAMES A SIMS,1
JAMES A WARDELL,1
JAMES A ZELLINGER,1
JAMES A ZITO,1
James B Cole,1
James B Craven,1
JAMES B DOUGHERTY,1
JAMES B DOYLE;KENNETH E BADON,1
James B Gillespie,3
JAMES B GILLESPIE,3
James B Lewis,3
JAMES B SHIKANY,1
James Bates Brannan Groover LLP,1
James Bates Brennan  Groover LLC,1
JAMES BATES POPE & SPIVEY LLP,1
JAMES BOPP; JR,1
James Brouillette,1
James Brouillette; Attorney at Law,1
James Broussard Injury Lawyer,1
JAMES C DEZAO,1
James C Ellis Attorney at Law PC,1
James C Joyce,1
James C Joyce Jr,1
JAMES C MESCALL,1
JAMES D CALDWELL,1
James D Canafax,5
JAMES D GRECO,1
James D Hamilton,1
JAMES D HOGAN,2
JAMES D LAWSON,1
James D Leach,4
JAMES D LEACH,3
James D Nance,1
JAMES D OWEN ATTORNEY AT LAW,1
JAMES D OWEN;KEVIN  DURKIM,1
James D Owen;Kevin  Durkin,1
JAMES D SKEEN;SKEEN & KAUFFMAN LLP,1
JAMES D VILOS,1
James Dunn & Associates PLLC,1
James E Beasley,1
James E Brouillette,1
JAMES E BROUILLETTE,1
James E Cazalot,2
JAMES E DELANEY,1
James E Frasier,1
JAMES E HACKER,1
James E Hairston,1
James E Neyman IOLTA,1
JAMES E PARROT,1
JAMES E PUGA,1
JAMES E REID,2
James E Riley,1
JAMES E SHIELDS,1
JAMES E SMITH ATTY TRT ACCOUNT,2
JAMES E VAUGHN,1
James E. Brouillette,2
James E. Brouillette Attorney at Law,1
James Elmer Law Corporation,3
JAMES F ANDREWS,1
JAMES F ARCHIBALD,1
JAMES F ARCHIBALD III,1
JAMES F BROOK IOLTA,1
James F Butler,1
JAMES F BUTLER,1
James F Farmer PA,1
JAMES F GOODHART,1
JAMES F HALLEY,1
JAMES F KIPP,1
JAMES F LOGUE,1
JAMES F MALONE,1
JAMES F MARTENS,1
JAMES F NAGLE;JONATHAN A DEMELLA,1
JAMES F SCHERR,9
JAMES F SELBACH,2
James F Sexton,1
James F Willeford,1
James F. Davis; P.C.,1
"James F. Selbach, P.C.",1
JAMES FOSTER  ANDREWS,1
JAMES G EDMISTON,1
JAMES G NOUCAS,1
JAMES G WEINMEYER,2
James G. Noucas; Jr.; P. C.,2
JAMES H FROST;JAMES H FROST PC,1
James H Green,11
JAMES H GREEN,1
James H Knapp,4
James H Miller,1
JAMES H MILLER,1
James H Wood,1
James H. Green,2
James Horne Law; PA,1
James I Moffitt,1
James J Gray,1
JAMES J KASPRZCKI,1
JAMES J KASPRZYCKI,1
JAMES J KELLEHER,2
James J Moffitt,1
James J Ryan,2
JAMES J RYAN,1
James J Taylor,1
James J Traitz,1
JAMES J TUTCHTON,1
JAMES K ALSAFFAR;MICHAEL ARCHULETA ATTORNEY AT LAW,1
James K Morton,9
JAMES K MORTON,5
JAMES K SELLS,1
James K Wetzel,1
"James K. Wetzel, PA",1
James Keller Law,1
James Kennedy PLLC,4
JAMES KENNEDY PLLC,1
James Kevin  Morton,2
JAMES KEVIN  MORTON,2
James L Baird,1
JAMES L DAVIS;TASHA  PATAWARAN,1
James L Fuchs,1
James L Golper,1
JAMES L HARRIS,1
James L Merrill,4
James L Moran,1
James L Nelson;Sera H Russell,1
JAMES L VOGEL,1
JAMES L WEINER,2
James L. Holman Attorney at Law PLLC,1
James L. Holman; Attorney at Law PLLC,1
JAMES M ANDERSON,1
JAMES M CARMAN,1
JAMES M HARRINGTON,1
James M O'Reilly & Associates; PLLC,1
JAMES M ROBERTSON,1
James M Ventura,1
James M Williams,1
James M. Kristof; P.S.,1
James Matthew Brown; APLC,1
James McElroy & Diehl; P.A,1
James N Guirl,1
JAMES N JORGENSEN PA,1
JAMES N OSTEEN;OSTEEN & OSTEEN; TRUST ACCOUNT,1
JAMES O MCDONALD,1
James P Brown,12
JAMES P BROWN,12
James P Brown; Jeffrey Rabin & Assoc,1
JAMES P BROWNING,1
James P Guthro,1
JAMES P JOHNSON,1
JAMES P JOHNSON & ASSO TR,1
James P Klapps,1
JAMES P LYLE,1
James P MacManus,1
JAMES P MCELWAINE JR,1
James P Rigano,1
James P Shea,8
James P St. Clair,1
JAMES P SULLIVAN,1
James R Burn Jr,1
James R Comerford,5
JAMES R COMERFORD,3
James R Keller,1
James R Leach,2
JAMES R OATES,1
James R Reeves,1
James R Rinck,3
James R Smith,1
JAMES R STUDWALL,1
James R Williams,19
JAMES R WILLIAMS,13
JAMES R WILLIAMS;JIM  WILLIAMS,1
James R. Keller,15
James R. Vaughan Law Office,1
James Rawley Esq.,1
James Roy  Williams,3
JAMES ROY  WILLIAMS,9
JAMES ROY  WILLIAMS ESQ,1
James S Coon,2
JAMES S COON,7
JAMES S COON;SWANSON THOMAS & COON,1
JAMES S DELSORDO,2
JAMES S ELKINS,3
JAMES S ELKINS ESQUIRE,1
James S Farrin,1
James S Farrin PC,1
JAMES S GOLDSTEIN,1
James S Haslam,1
JAMES S HASLAM,1
James S Haslem,1
JAMES S HATCH,1
James S Pi,3
James S Roberts,1
James S. Iagmin; APC,1
James Scott Farrin,1
James Shaw Law,1
JAMES SHIKANY; PC,1
James T Martz,1
James T Meisel,2
JAMES T POTTER,1
James T. McCormick; Esq.,1
James V Cicalese,1
James V Cook Esq.,1
James V Mazuca,1
James V Mazuca Attorney At Law,1
James V Parziale,1
James V. Cook Law Office,1
James Vernon Weeks,1
James W Clark,1
James W Keeter,5
James W Moller,1
James W. Keeter; P.A.,1
James W. Keeter; PA,1
Jami Jones PLLC,3
JAMI M BALKOM,1
JAMIE  ALVARADO,1
Jamie  Evans,1
Jamie  Keeton,1
JAMIE  Macayeal,1
JAMIE G MILLER,1
Jamie L Keeton,1
Jamie R Hall,3
Jamil Akhtar PC,1
JAMIL AKHTAR PC,1
Jan  Dills,1
Jan  Dils,27
JAN  DILS,8
JAN  MEYER,1
JAN  MEYERS,1
Jan  Miller,1
Jan D Dils,1
JAN DILLS ATTORNEY AT LAW,1
Jan Dils & Jim Leach PLLC,1
Jan Dils Attorney at Law,1
Jan Dils Attorney at Law LC,1
Jan Dils Attorneys At Law; LC,1
Jan Dils; Attorney at Law; LC,1
Jan Dils; Attorneys at Law,1
JAN K APO,1
Jan L Kodner & Associates,2
JAN MEYER & ASSOC,2
Jan Meyer & Associates Law Offices,1
JAN MEYER & ASSOCIATES P.C.,1
Jan Meyer & Associates; P.C.,2
Jan Meyer & Associates; PC,2
Jan Meyer & Associates; PC.,2
Jan Meyer and Assoc,2
Jan Meyer and Associates PC,1
Jan Meyer Associates,1
Jan Meyer Law,1
JAN R PIERCE,1
Jane  Becker Whitaker,1
Jane  Gardner,1
Jane  Langlais,1
JANE  MORAN,1
Jane  Peak,1
JANE  UNSELL;UNSELL SCHATTNIK & PHILLIPS PC,1
JANE M SHIELDS MACELREE HARVEY LTD,1
Jane P Davenport,1
Jane W Cervantes,1
Janet  Izzo,1
JANET  IZZO,1
JANET  NOBLES,1
Janet M Lyles,3
JANET M LYLES,2
Janet; Janet & Suggs LLC,4
Janet; Janet & Suggs; LLC,4
Janet; Janet & Suggs; LLC;Leemon & Royer PLLC,3
Janet; Jenner & Suggs LLC,2
Janet; Jenner; & Suggs LLC,3
JANICE  SHERMA,1
Janice F. Mulligan; A.P.C.,1
Janice P Kim,1
JANICE P KIM,1
Janicek Law Firm,1
"Janicek Law Firm, P .C.",1
JANK  SINGH,1
JANKLOW LAW FIRM,2
JANKLOW LAW FIRM CLIENT TR ACCT,1
Jannet; Jenner & Suggs,1
Janvier Law Firm; PLLC,1
Jarad L Siegel,1
Jardine Baker Hickman & Houston PLLC,2
Jared  Baumgart,1
Jared A Rose Law Office,1
Jared Altman Attorney at Law,1
Jared B Ynigez PLLC,1
Jared M Barliant & Associates PC,1
Jared Pessetto,1
JARED R DUNAHOE DUNAHOE LAW FIRM,1
Jared S Kosoglad PC,1
Jarett J Ferentino,1
JAROM  SMARTT,1
Jaroslawicz & Jaros; PLLC,2
Jarrel L Wigger,2
Jarvis & Modun,14
Jarvis & Modun LLP,2
"Jarvis & Modun, LLP",1
Jarvis & Modun; LLP,2
JASIN; SALLAH & MCHUGH CO LPA,1
Jasmine F Robinson,1
Jason  Branch,1
Jason  Castaneda,1
JASON  ERNST,1
Jason  Fernandez,2
Jason  Galindo,1
JASON  HERBERT,1
Jason  Lundberg,1
Jason  Matthews,1
Jason  Mauch,1
JASON  MULHOLLAND,1
JASON  ORGERON,1
Jason  Porter,2
JASON  RAPPORT,1
Jason  Ryan,1
Jason  Saba,2
JASON  SABA,3
JASON  WEIDA,1
JASON A MILLER;MICHELLE A RAMOS;WILLIAM W PLYLER,1
JASON A. GIBSON PC IOLTA ACCOUNT,16
JASON B JAVAHERI,1
Jason C Crump,1
JASON C HUNTER,1
JASON C PARKER,1
JASON C ROBBINS,1
Jason Chalik & Associates,1
Jason Chalik and Associates,1
JASON D STONE,1
Jason E Perry,1
JASON E SABA,1
JASON K BARIL,1
JASON L JORGENSON,1
JASON L ROMRELL,1
Jason L Thompson,1
JASON L THOMPSON,1
JASON L WILSON,1
JASON LANELL THOMPSON LEVENTHAL SUTTON;THOMAS D SUTTON,1
Jason M Covault,1
JASON M JABAR,1
Jason M Mauch,1
Jason M Welborn,1
JASON P GUBBINS,1
Jason Quick Law PLLC,1
Jason R Schultz,2
JASON R SCHULTZ,1
JASON S BELL,2
JASON S COOK,1
JASON S COOK P.C.,1
JASON S RIEPER ATTNY TRUST ACCOUNT,1
Jason S Rodman,1
Jason S Rodman;Randy S Forbes,1
Jason Stone Injury Lawyers,1
JASON STONE INJURY LAWYERS,1
Jason Stone Injury Lawyers; PC,2
JASON W FERNANDEZ,1
Jassim & Associates; APC,1
Jassim Associates Attorneys At Law,1
Jaurigue Law Group,1
JAVAHERI &  YAHOUDAI,1
JAVAHERI & YAHOUDAI,1
Javaherian and Ruszecki PC,1
Javebaum Wurgaft Hicks Kahn,1
Javenbaum Wurgaft Hicks Kahn Wikstrom,1
Javerbaum Wurgaft Hicks,1
Javerbaum Wurgaft Hicks Kahn Esqs,1
Javerbaum Wurgaft Hicks Kahn Wikstrom,1
"Javerbaum, Wurgaft, Hicks, Kahn, Wikstro",1
Javier  Montemayor,2
JAVIER  SAENZ,1
JAVIER  VILLARREAL,2
JAVIER A MORALES,1
JAVIER A MORALES-RAMOS,1
Javier Law Firm PLLC,1
JAVIER N  MALDONADO;OFFICES OF JAVIER N MALDONADO PC;SUSAN L WATSON;TEXAS RIO GRANDE LEGAL AID INC,2
JAVIER N MALDONADO,3
Javier N Maldonado Law Office PC,1
Javier Villarreal Law firm,1
JAVITCH  BLOCK,2
JAVITCH BLOCK  & RATHBONE LLC,1
Javitch Block  Rathbone,1
Javitch Block & Rathbone,4
JAVITCH BLOCK & RATHBONE,4
Javitch Block & Rathbone LLC,1
JAVITCH BLOCK AND RATHBONE,1
Javitch Block LLC,1
Javitch Block; LLC,2
JAVITCH BLOCK; LLC,1
JAVITCH; BLOCK & RATHBONE,1
Javitch; Block & Rathbone rep Progress,1
JAVITCH; BLOCK & RATHBONE; LLP,1
JAY  CAFETZ;JAY CHAFETZ ATTY CLIENT TRUST,1
JAY  DAVIS,1
JAY  ELLIOTT DENNE,1
Jay  Golida,11
JAY  GOLIDA,2
JAY  HARVEY;WINCKLER & HARVEY; LLP,1
Jay  Markowitz,1
Jay  Sheth,1
JAY  TUTCHTON,1
Jay  Urban,1
Jay  Zelenock,1
JAY A GHORCICHI,1
Jay D Ellwanger,1
JAY E DENNE,1
Jay E Silberg,2
Jay Golida,6
Jay H Creech,1
Jay Ho  Lee,1
JAY HO  LEE,1
Jay Ho Lee Law Offices LLC,1
JAY HO LEE LAW OFFICES LLC,3
JAY J LEE,1
JAY KENNETH  MARGOLIS,1
Jay L Edelstein,1
Jay Lawrence Friedheim AAL  ALC,1
Jay Lawrence Friedheim AAL ALC,2
Jay M Levin,1
Jay M Levy,1
Jay P Holland,1
Jay S Sheth,1
JAY S TULEY,1
Jay S Weiss PC,1
JAY SILBERG PLLSBURG WINTHROP SHAW;PITTMAN LLP,1
Jay Trucks & Assoc PC,1
Jay Trucks & Associates PC,2
"Jay Trucks & Associates, P.C.",1
Jay Trucks & Associates; P.C.,6
JAY W DIXON,1
JAYA  SHURTLIFF,1
Jaya A Shurtliff,1
JAYA A SHURTLIFF,2
JB  GARCIA,1
JBS SOUDERTON INC;SHANNON E MCCLURE,1
JD Howlette Law,1
"JEADA, Inc. dba C21 OMA Property Management",1
JEAN  BISHOP,1
Jean  Junik,2
JEAN  NEWMISTER,1
Jean C Owen,31
JEAN C OWEN,15
Jean C Owen;Nicholas D Purifoy,1
JEAN C OWEN;OCCUDATA INC,1
Jean C Owens,2
JEAN C OWENS,1
Jean C Powell,1
Jean Louis  Mauclair,1
Jean Paul  LaValley,1
Jean-Claude  Lapuyade,1
JEAN-PAUL  LAVALLEY,1
Jean-Paul  Robert,1
JEAN-PAUL  ROBERT,1
Jeana  Hines,1
Jeanette  Laffoon,7
JEANETTE  LAFFOON,8
JEANETTE  RICE,1
JEANETTE  WOLFLEY,1
Jeanette A Kelley,12
Jeanne  Anderson,1
Jeanne  Murray,1
Jeanne  Steffin,1
Jeanne A Steffin,3
JEANNE A STEFFIN,3
JEANNE A STEFFIN;MARTIN M BERMAN,1
Jeanne Anne  Steffin,2
JEANNE ANNE  STEFFIN,1
Jeanne E Murray,1
Jeanne M Jones,1
JEANNIE  MORRIS,1
JEANNINE  LAPLACE,1
Jeannine  LaPlace;William B Jung,1
Jeannne Anne Steffin Law Office,1
JED D MANTON,1
Jeeves Law Group; P.A.,5
JEFF  BELOTE,1
JEFF  DEFRANCISCO,1
Jeff  Dykes,1
Jeff  Eckland,5
JEFF  HUGHES,1
JEFF  LAIRD,1
Jeff  Paradowski,1
JEFF  RICHARDS,1
JEFF  ROTHMAN,1
JEFF BREI PC IOLTA ACCOUNT,1
JEFF R DAVIS,1
JEFF RICHARDS PC,1
Jeff Taylor PC,3
JEFFERS DANIELSON SONN & AYLWARD PS,1
Jefferson Cannon,1
JEFFERY  MCDONALD;MCDONALD LAW,1
JEFFERY A DOTY,1
Jeffery C Metler,1
JEFFERY D KLINCK,1
Jeffery D McFarland,1
JEFFERY E MORRIS,1
Jeffery L Arnold PC,1
JEFFERY L ARNOLD PC,1
Jeffery L Arnold; PC,1
"Jeffery L. Arnold, P.C.",2
Jeffery L. Arnold; PC,1
Jeffery R Davis,1
JEFFERY R DAVIS,1
Jeffery Rabin & Assoc,1
Jeffery Rabin & Associates,1
Jeffery S Bate,1
JEFFERY S SLATER,2
Jeffery T Frank,1
JEFFERY T SAMPSON,1
JEFFERY W STYLES,1
Jeffrey  Anderson,1
JEFFREY  ANDERSON,1
Jeffrey  Bloom,1
Jeffrey  Borrell,1
Jeffrey  Campbell,1
Jeffrey  Delott,4
Jeffrey  Harris,1
JEFFREY  KAUFMAN,1
JEFFREY  MAZER;MAZER LAW GROUP LLC,1
JEFFREY  OLSEN,1
Jeffrey  Sands,1
Jeffrey  Schwab,6
JEFFREY  SCHWAB,11
Jeffrey  Thayer,2
Jeffrey  Weinstein,1
Jeffrey A Aronsky,1
Jeffrey A Guzman,1
Jeffrey A Hall,1
Jeffrey A Korinko,1
JEFFREY A NERENBERG,1
Jeffrey A Rabin & Assoc,2
JEFFREY A RABIN & ASSOC;JIM  BROWN,1
Jeffrey A Rabin & Associates,26
JEFFREY A RABIN & ASSOCIATES,2
JEFFREY A RABIN & ASSOCIATES LTD,1
Jeffrey A Rothman,1
JEFFREY A ROTHMAN,1
"Jeffrey A. Aronsky, P.C.",1
Jeffrey A. Rabin & Assoc.,1
Jeffrey A. Rabin & Associates,81
JEFFREY A. RABIN & ASSOCIATES,1
Jeffrey A. Rabin and Associates,2
Jeffrey A. Rothman,1
Jeffrey A. Rothman Attorney at Law,1
Jeffrey B Diamond,1
Jeffrey Bakst & Associates; LLC.,1
Jeffrey C Anderson,13
JEFFREY C ANDERSON,28
JEFFREY C ANDERSON LAW FIRM,1
Jeffrey C Anderson Law Offices,1
JEFFREY C BRINKERHOFF,1
Jeffrey C Goodnight,1
JEFFREY C KOVALSKI,1
Jeffrey C Lavey,1
Jeffrey C McIntyre,1
JEFFREY C PARSONS;ROGER  FLYNN,1
Jeffrey C Simpson,1
JEFFREY C SIMPSON,2
JEFFREY C. ANDERSON,1
Jeffrey C. Jackson Attorney at Law,1
Jeffrey D Corso,2
Jeffrey D Delott,5
JEFFREY D DELOTT,1
Jeffrey D Delott Esq.,1
Jeffrey D Raden,1
JEFFREY D RADEN,2
JEFFREY D SCHIEK,1
Jeffrey Davis Law Firm,1
JEFFREY E KARPEL,1
Jeffrey E. Estes & Associates,1
Jeffrey F Cohen,1
Jeffrey Freedman Attorneys,1
Jeffrey Freedman Attorneys at Law,5
Jeffrey Freedman Attorneys At Law,1
JEFFREY G HAVERSON,1
JEFFREY G HOUSE;STEVE  SCHIWETZ,2
Jeffrey H Baird,1
Jeffrey H Jacobson,1
Jeffrey H London,1
Jeffrey H Penneys,1
JEFFREY I ZIMMERMAN,1
Jeffrey J Bunten,2
JEFFREY J BUNTEN,3
JEFFREY J BUNTEN ATTORNEY AT LAW,1
Jeffrey J Doberman,1
Jeffrey J Shapiro,1
Jeffrey J Silver,1
Jeffrey J. Shapiro and Associates; LLC,1
JEFFREY K ANDERSON,1
JEFFREY K SANDS,1
Jeffrey Kim PC,1
JEFFREY L ARNOLD,1
Jeffrey L Arnold; PC,1
Jeffrey L Greenwald,1
JEFFREY L HOFFER,1
Jeffrey L Light,1
Jeffrey M Rosenbaum,1
Jeffrey M Sol,1
JEFFREY M STERN,1
JEFFREY M. FLYNN; P.C.,1
Jeffrey N Bogost,2
Jeffrey N. Roy Attorney at Law,1
JEFFREY P HOYLE,1
Jeffrey R Becker Esq.,1
Jeffrey R Cagle,1
JEFFREY R DAVIS,1
Jeffrey R Frank,1
JEFFREY R HANTZ,1
JEFFREY R KUSCHNER,2
Jeffrey Rabin & Asso,1
Jeffrey Rabin & Associates,13
JEFFREY RABIN & ASSOCIATES,2
Jeffrey Rabin and Associates,1
Jeffrey S Altman,1
JEFFREY S BERKOWITZ,1
Jeffrey S Gutman;Neufeld; Scheck & Brustin,1
Jeffrey S McQuary,2
JEFFREY S REDDALL,1
Jeffrey S. Dubin; P.C.;Wachtel Missry LLP,2
JEFFREY SCHWAB CALBOM & SCHWAB,1
Jeffrey T Lauridsen,1
Jeffrey W Bennitt,1
Jeffrey W Bruce,1
Jeffrey W Parks,1
JEFFREY W PARKS,2
JEFFREY W RUFOLO;SUMMERS & WYATT PC,1
JEFFREY W STYLES,2
Jeffrey Wise Tx Equal Access to Justice,1
"Jeffs & Jeffs, P.C.",1
JEMISON & MENDELSOHN LAW OFFICE,1
JENARO A MEDINA,1
Jenkins & Esquivel; P.A.,1
JENKINS & JENKINS TRUST ACCOUNT;STEPHEN L DANIEL,1
Jenkins Dedmon Hayes Owen Law Grp LLP,1
Jenkinson; Jarrett & Kellahan,1
JENNA  MOONEY,1
JENNA  SAVAGE,1
Jenna L Fischer-Reyes,1
Jenna L Mooney,1
JENNA L MOONEY,1
Jenna L Mooney;Susan C Carr,1
Jenner & Block LLP,13
JENNER & BLOCK LLP,1
JENNER & BLOCK LLP;LINDSAY C HARRISON,1
Jenner & Block LLP;SCANA Corporation,1
Jenner & Block PC,1
Jenner & Block; LLP,2
JENNER & BLOCK;LINDSAY HARRISON,1
Jenner Law Office; LLP,1
"Jenner Law, P.C.",1
Jennifer  Chavez,1
Jennifer  Currie,4
JENNIFER  CURRIE,1
JENNIFER  FRY,3
Jennifer  Hradil,1
Jennifer  Kurle,1
JENNIFER  LITTLE,1
Jennifer  Miller,1
Jennifer  Morton,1
JENNIFER  SCHEMM;THOMAS C BUCHELE,1
Jennifer  Shea,1
JENNIFER  SHEA,1
Jennifer  Simmons,1
Jennifer  Struble,2
JENNIFER  STRUBLE,2
JENNIFER  STUBLE,1
Jennifer  Van Fossan,2
JENNIFER  VAN FOSSAN,1
Jennifer  VanFossan,1
Jennifer  Walker,1
JENNIFER  WALKER,1
Jennifer A Currie,3
JENNIFER A JARVIS,1
Jennifer Currie,1
Jennifer F Faerber,2
Jennifer F Jancicka,1
JENNIFER F JANICKA,1
Jennifer H Walker,1
JENNIFER H WALKER,2
Jennifer J Axel;Monica R Thompson;Polsinelli PC,1
JENNIFER J TOBIN,1
Jennifer J. Hasso,1
Jennifer L Cho,1
Jennifer L Faerber,1
JENNIFER L FAERBER,3
JENNIFER L FOSTER,2
JENNIFER L FRY;MORGAN &  WEISBROD,1
Jennifer L Landsman,2
JENNIFER L RISK,1
JENNIFER L RIZK,1
Jennifer M Danish,2
JENNIFER M DANISH,1
JENNIFER M HASS,1
Jennifer M Hess,3
JENNIFER M HESS,1
JENNIFER M VAN FOSSAN,1
JENNIFER M ZUEHLSDOR-MACK;LYNN M ZUEHLSDORF-MACK,1
JENNIFER MICHELLE  HESS,1
Jennifer Morton Law PLLC.,1
Jennifer Peru  Gray,2
Jennifer R Budd,1
JENNIFER R KELLAHAN,1
Jennifer R Schwartz,1
JENNIFER V SCHIFFMACHER,1
Jennings Bryan  Jones,1
Jenny  Elliott,1
Jens-Peter W Bergen,1
Jensen & Associates; APC;Law Offices of Stephen L. Waldman;Owen L Mcintosh,1
JENSEN BARTLETT & SCHELP LLC,1
JENSEN ELMORE & STUPASKY PC,1
Jensen Law LLC,2
"Jensen Law, LLC",1
Jensen Phelan Law Firm,2
"JENSEN PHELAN LAW FIRM, P.C.",1
JERALD L MARTIN,3
Jere  Fletcher,1
JERE  FLETCHER,1
Jere B Fletcher,1
JEREMI  CHYLINSKI;SEYFARTH SHAW LLP,1
JEREMIAH J O'SULLIVAN,1
Jeremiah J Sullivan III,1
Jeremy  Attaway,1
JEREMY  KLAUSNER,1
JEREMY A WINTON WINTON LAW GROUP,1
JEREMY C MARWELL,1
Jeremy E Bowers,1
Jeremy Friedman,1
Jeremy K McDonald,1
JEREMY M FINGERET,1
JEREMY S WILLIS,2
JEREMY W MEISINGER,1
JEROME  LEE;TAYLOR LEE & ASSOCIATES LLC,1
Jerome A Lacobelle Jr,1
Jerome N Frank Legal Svc IOLTA,1
JEROME N. FRANK LEGAL SERVICES,2
JEROME N. FRANK LEGAL SERVICES ORG,1
JEROME N. FRANK LEGAL SERVICES ORG.,1
Jerome P Prather,1
JERRY  COHEN,1
Jerry  Mowbray,1
JERRY  STOUCK,1
Jerry  Stouck;William V Manheim,1
JERRY  WIDAWSKI,1
Jerry A Garau,1
JERRY A LUMLEY,1
Jerry Lipschultz & Associates,1
Jerry Martillotti & Associates,1
Jerry Martillotti & Associates PC,1
Jerry N Whiteker,1
Jerry R Goldstein,1
JERRY R KNAFO,1
Jerry R Lipschultz,1
Jess R Lilley,1
JESSE  HERRERA,1
Jesse A Cripps,1
Jesse A Herrera,1
Jesse A. Herrera & Associates,1
Jesse Davidson P.A.,1
Jesse S Kaplan,2
JESSE S KAPLAN,1
Jesse S. Kaplan,3
JESSE SBAIH & ASSOCIATES,1
Jesse Sbaih and Associates; LTD.,1
Jesse Stayton Kaplan,1
Jessee & Jessee,1
JESSICA  ALLOWAY,1
Jessica  Alvarado,2
Jessica  Casey,1
Jessica  Kellerhals,1
Jessica  Merrigan,1
Jessica  Ross,1
JESSICA C DUMAS,1
JESSICA M KLEIN,1
Jessie  Merigan,2
Jessie Jeffers; Attorney & Counselor,1
JESSIE Y MINGER;O'NEILL LAW FIRM IOLTA TR ACCT,1
JESUS  HERNANDEZ-SANCHEZ,1
Jesus G Davila,1
Jesus M Zeno PC,1
Jesus R Romo Vejar,2
Jetton & Meredith PLLC,1
Jezic & Moyse,1
Jezic & Moyse LLC,1
Jezic & Moyse; LLC,1
Jill  Grant,6
Jill  Pagel,1
Jill K Whitbeck,1
Jill M Palmer,7
JILL T BRYAN,1
Jim  Adler,2
JIM  ADLER,1
Jim  Ammerman,1
Jim  Brown,1
JIM  BROWN,1
JIM  LEATHEM,1
Jim  McClure,1
Jim Adler & Associates,5
Jim Adler & Associates Law Firm,1
Jim Black & Associates,4
JIM BLACK & ASSOCIATES,6
JIM F ANDREWS,1
Jim Harris,3
JIM J VALCARCE,2
JIM J VALCARCE;VALCARCE LAW OFFICE,1
JIM J VALCARCE;VALCARCE LAW OFFICE LLC IOLTA,1
Jim S Addler and Associates,1
Jim S Adler,1
JIM S ADLER,1
Jim S. Adler & Assoc.,1
Jim S. Adler; P.C.,2
Jim S. Adler; PC,3
Jimenez; Hart & Mazzitelli; LLP,2
Jimmie  Ross,1
JIMMY  DOAN,1
Jimmy  Haggarty,1
JIMMY  PETTUS,2
Jimmy Ewenike Law Offices,3
Jimmy O Ewenike,1
JIMMY O EWENIKE,1
Jimmy O. Ewenike Law Offices,1
JJ Law LLC,1
JJ Law; LLC,1
JJC Law LLC,1
JM Law LLC,1
JMichael  McGarity,1
JMR Law; PLLC,2
JMW SETTLEMENT INC CLIENT FUNDS ACCT;LEONARD & CUMMINGS LLC,1
JMW SETTLEMENTS INC CLIENT FUNDS ACCT,1
JMW SETTLEMENTS INC- CLIENT FUNDS ACCT;S RANDALL  SULLIVAN,1
JMW SETTLEMENTS INC;RICARDO E MORALES,1
JMW SETTLEMENTS INC;SEAN B CRONIN,1
JMW SETTLEMENTS INC;THE ABELSON LAW FIRM,1
JMW SETTLEMENTS INC. CLNT FDS ACC'T,1
JMW Settlements LLC - Client Funds Acct;Law Office of David Henderson,1
JMW Settlements LLC;Law Offices of David Henderson;Valcarce Law Office,1
JMW Settlements LLC;Silbert; Garon; Pitre & Friedman,1
JMW SETTLEMENTS; INC,1
JMW Settlements; Inc-Client Fund Acct.,1
JMW Settlements; Inc.,3
JMW Settlements; Inc.;Peter  Copeland,1
JMW Settlements; Inc.;Peters; Murdaugh; Parker; Eltzroth; Detr,1
JMW Settlements; Inc.;R. Eddie  Davidson,1
JMW Settlements; LLC; Client Funds,1
JMW Settlements; LLC;Markus B Willoughby,1
JMW Settlements;Turley Law Firm,1
JNR Adjustment  Company,1
JNR Adjustment Co,3
JNR Adjustment Company,6
JNR Adjustment Company Inc,1
JNR Adjustment Company LLC,1
Jo L. Slama dba Slama Legal Group,1
Jo Lynn Slama PC,1
Joan  Deans,1
JOAN  LAURICELLA,1
JOAN  MAGOOLAGHAN,1
JOAN H DEANS,9
Joan H Rife,1
Joan H. Rife,1
Joan Z Cohen,1
Joane E Hallinan,1
JOANN  FIELDS,1
Joanna  Rodriguez,1
JoAnne  Zawitoski,1
JOANNE R WERNER;OFFICES OF MICHAEL WITHEY PLLC,1
Joannou & Associates,2
JOANTHAN  KOPIN,1
Joao Guilherme  Demercian Filho,2
JOAQUIN & DUNCAN LLC,1
JOAQUIN & DUNCAN; L.L.C,1
Jocelyn  Burton,1
Jodat Law Group PA,1
JODI P FELDMAN,2
JODIE  WHEELER,1
Jody L Broaddus;Marc  Victor,1
JOE  DIAZ,1
JOE  GRATTON,1
JOE A SPENCER,1
JOE A SPENCER JR,1
Joe A. Gamez Law Firm PC,1
JOE BRAD BROCK LAW OFFICE,1
JOE C DOWDING TR ACCT,1
Joe I Zaid & Associates PLLC,1
Joe Jones Law Firm; PLLC,1
Joe M Romero,1
Joe M Wilson,2
Joe M. Reed and Associates,1
Joe McKay Attorney at Law,1
Joe Morgan  Wilson,4
JOE MORGAN  WILSON,3
Joe Morgan Wilson; Attorney at Law,1
JOE N TATUM,1
Joe North Law Firm,1
Joel  Berger,2
JOEL  CALLAWAY;MICHAEL  HOSTILO,1
JOEL  CARNEY,1
JOEL  CUNNINGHAM,1
Joel  Grist,1
JOEL  MAX GRIST,4
JOEL  MORGAN;LAW OFFICES BRENNER EVANS & MILLER PC,1
Joel Atlas Skirble and Associates,1
JOEL ATLAS SKIRBLE AND ASSOCIATES,1
Joel C Cunningham,4
JOEL C CUNNINGHAM,4
Joel C Cunningham Jr,1
JOEL C CUNNINGHAM JR,3
Joel C Cunningham PC,1
JOEL C CUNNINGHAM; JR,1
JOEL C CUNNINGHAM;KARTIC  PADMANABHAN,1
Joel C. Cunningham; Jr.; PC,1
JOEL E BACKUS,1
Joel F Friedman,1
JOEL F FRIEDMAN,1
Joel F. Dillard P.A.,1
Joel F. Dillard PA,2
Joel F. Dillard; PA,1
Joel G Bowden Law Offices PC,1
Joel M Baskin Esq.,1
Joel M Finkelstein,2
JOEL M FINKELSTEIN,1
JOEL M FINKELSTEIN;ROGER  BRAUGH;SICO WHITE AND BRAUGH LLP,1
Joel M Grist,2
JOEL M GRIST,1
Joel M Grist; Jr.,2
Joel M Solow,2
JOEL M SOLOW,4
Joel M. Baskin PC,1
JOEL MAX  GRIST,3
Joel N Reissner,2
Joel P Bennett,1
Joel Rosen PC,1
JOEL S PAUL,1
Joel W Howell,1
Joey R Floyd,1
JOHN  AEBI,1
JOHN  ALEXANDER,1
John  Astuno,2
JOHN  ASTUNO,1
JOHN  BELL WHITESELL,1
John  Berry,1
JOHN  BRENNAN,4
JOHN  BRUNINI,1
JOHN  BUSE,1
JOHN  CAMPBELL,1
John  Cann,1
John  Carlucci,1
John  Comolli,1
John  Costello,1
John  Curtin,3
John  Dabrowski,1
JOHN  DEHAAN,1
JOHN  DRISKILL,1
JOHN  DURKIN,1
JOHN  ERIK MUELLER,1
John  Ferguson,2
JOHN  FISHER,1
John  Gardner,1
John  Goggin,2
JOHN  GRIFFIN,1
JOHN  HEENAN,1
JOHN  HODGDEN,1
JOHN  HOLSCHUH,1
John  Hultgren,1
JOHN  JACKSON,1
John  Jahrmarkt,2
John  Knapp,1
John  Kocourek,1
JOHN  LAWRENCE FLEER,1
John  Mahoney,1
John  Marotta,1
John  Mayfield,1
John  McGahren,37
JOHN  MCGAHREN,1
JOHN  MCINERNY,1
JOHN  MUNDIE,1
John  Mundie;Walter L Boyak Attorney IOLTA,1
JOHN  MURRAY,2
JOHN  MURRAY;MCCARTHY & RUBRIGHT,1
JOHN  O'DWYER,1
John  Oh,1
John  Phillips,1
JOHN  PURCIELLO;MICHAEL  FREEMAN,1
John  Riccolo,1
JOHN  RICCOLO,1
JOHN  ROSENBAUM,1
JOHN  SEIDLITZ,2
JOHN  SHEEHAN,1
John  Sileo,1
John  Silvestri,1
John  Tiwald,1
John  Tongier,1
John  Trebon,1
JOHN  TREBON,1
JOHN  WHITESELL,1
John  Whittington,1
JOHN  WILLIAMSON;STATE FARM,1
JOHN  WINTERS,1
JOHN  WIRZBICKI,1
JOHN  ZAKHEM,1
John A Bonello,1
John A Bull,1
JOHN A BULL,1
JOHN A COMMERFORD,1
John A Darienzo,1
JOHN A DOLAN,1
John A Guyton,1
JOHN A HAMILTON,1
John A Henley,1
JOHN A HUDSON,1
John A McQueeny,1
John A Pinheiro,1
JOHN A SCHRUEFER,1
John Astuno; Jr.; LLC,1
John B Wells,1
JOHN B WELLS,1
John B Whitesell,1
JOHN B WHITESELL,2
John B. Brewer; Jr.; Attorney at Law,1
JOHN BALES ATTORNEYS,2
JOHN BALES ATTORNEYS TRUST ACCOUNT;LINDSEY G RYAN,1
JOHN BALES ATTORNEYS;LINDSEY G RYAN,1
John Barkett,1
JOHN BELL  WHITESELL,1
John Bongivengo Esq.,1
JOHN BRIAN  FROCK,1
John Brooks Cameron & Assoc,2
John Brooks Cameron & Associates,1
JOHN C BARRETT,1
John C Boyden,1
John C Davis,1
JOHN C MALLIOS,1
JOHN C MANOOG,1
JOHN C WIELAND,1
John C Wirzbicki,2
JOHN C WIRZBICKI,1
JOHN C YE,2
John D Bertram,1
John D Elliott,1
John D Hamilton,1
John D Hensley,1
John D Schneider,1
JOHN D SILEO,1
JOHN D THOMAS;L R FRIED,1
John D. Henderson; P.S.C.,2
John D. Henderson; PSC,1
John E Cheatham,1
John E Echohawk;Melody L McCoy,1
JOHN E ECHOHAWK;MELODY L MCCOY,5
John E Echohawk;Native American Rights Fund,1
John E Haapala,2
John E Haapala; Jr.,2
John E Horn,10
JOHN E HORN,16
John E Knudson,1
John E Lewis,1
John E Phillips,18
JOHN E PHILLIPS,4
John E Seidlitz,7
JOHN E SEIDLITZ,6
JOHN E VIRGA;N. STEVE  ROBERTS II,1
John E. Kusturiss; Jr.; P.L.L.C (HAND),1
John E. Phillips,1
John E. Phillips Attorney at Law,2
"John E. Phillips Attorney at Law, P.C.",1
JOHN F BEASLEY,1
JOHN F BELLEFONTAINE,1
John F Bellenfontaine,1
John F Billera,1
JOHN F CAMERON,1
John F Costello,1
JOHN F KARL IOLTA ACCT,1
John F Ketcherside Law Office,1
JOHN F MCDERMOTT,1
John F McKenzie,1
John F Mizner,1
JOHN F SEIDLITZ,1
John F Vickers,1
JOHN F WOOLCOTT,1
John Foy & Associates,4
JOHN G MUNDIE,1
John G Terhaar,1
John H Beasley,1
John H Bedford,1
JOHN H BEDFORD,2
JOHN H CROUCH;KILGORE & KILGORE ESCROW ACCT,1
JOHN H FISHER,1
John H Hustava PC,1
John H Johnston,1
JOHN H JOHNSTON,1
JOHN H MCELYEA,1
JOHN HAKANSON PC TRUST IOLTA,1
John Hall & Associates PLLC,1
JOHN HANCOCK FINANCIAL SER INC;KEITH  GIVENS,2
"John Harlan & Associates, PC",1
John Harlan Law,2
John Hughes Cooper; P.C.,1
JOHN I TARSHI Esq.,1
John J Connors,1
JOHN J CRONIN,1
John J Czura,1
JOHN J DRISCOLL,1
JOHN J ESPOSITO,1
JOHN J FROMEN;Patrick  Donoghue,1
John J Greaney;Karen J Scudder,1
John J Ingram,1
JOHN J INGRAM,2
JOHN J KENNEDY,2
John J Leunig,1
JOHN J SIMPSON,1
John J. Borsos PC,1
John J. Grost; M.D.; J.D.,1
John K Anderson,2
JOHN K ANDERSON,2
John K Saunders,1
John K. Zaid & Associates,1
JOHN K. ZAID & ASSOCIATES,1
John Ketcherside,1
John L Brennan,2
JOHN L BRENNAN,1
John L Burris Law Office,1
JOHN L FLEER,1
JOHN L HAMMONS,1
JOHN L HARIAN,1
John L Harlan,5
JOHN L HARLAN,1
John L Harlan & Assoc; PC,1
John L Harlan Esq.,1
John L Juliano,1
John L O'Kelly,1
John L Springer,1
John L Vohs,2
John L. Harlan & Associates,1
"John L. Harlan & Associates, PC",2
John L. Harlan & Associates; PC,3
"John L. Weichsel, Esq.",1
JOHN M COYLE,1
JOHN M DEITCH,1
JOHN M DOYLE;JONES  WARD,1
John M Fitzpatrick,1
JOHN M LAGO,1
JOHN M MANFREDONIA,1
John M Winesette,1
JOHN M WINESETTE,1
John McGahren,9
JOHN MICHAEL  BAILEY;KRISTY L BENNETT,1
JOHN MICHAEL  COOK,1
John Michael Bailey,1
JOHN MICHAEL BAILEY ATTORNEY AT LAW,2
John Michael Bailey Injury Lawyers,1
John Michael Bailey PC,4
John Michael Garrett Attorney at Law,1
John N Calvino,1
JOHN N ZERVANOS;SOLOFF & ZERVANOS PC,1
JOHN N ZERVANOS;SOLOFF ZERVAVE SPC,1
John Norton & Associates,1
John O Goss,1
John O Hammons Hotel Management LLC,1
JOHN O HARALDSON TR ACCT,1
JOHN OH LAW GROUP,1
JOHN P CALABRESE,1
JOHN P DAVIS III,1
JOHN P FAURE,1
JOHN P FINNERTY,1
JOHN P HARRIS,1
John P Lewis,1
John P Manton III,3
JOHN P MURPHY,2
JOHN P SPIKA,1
John P Spilka,14
JOHN P SPILKA,2
JOHN P VALENTE III,1
JOHN P VALENTE;THOMAS V MIKE MILLER,1
John Phillips,1
John Price Law Firm,1
John Price Law Firm LLC,2
John R Connelly,1
JOHN R CONNELY,1
John R Daniel,1
John R Folkerth,2
John R Francis,1
John R Fuller PC,1
JOHN R KANTNER,1
JOHN R PARKER,1
John R Polofka,1
JOHN R POTTER,2
John R Salazar PC Attorney at Law,1
John R Sauter,1
JOHN R SCHNEIDER,1
JOHN R SOLIS LAW OFC,1
JOHN R SOLIS LAW OFFICE,1
JOHN R SUTTON,1
John R Vivian Jr,1
John R Williams,1
John R Wilson;Law office of Rush;  Hannula; Harkins & Kyler,1
John R. Mayer; APC,1
John R. Williams & Associates,1
John R. Williams & Associates; LLC,1
John R. Williams and Associates; LLC,1
John S Elmore,1
John S Evangelisti,1
JOHN S GRADY,3
JOHN S KEFFER,1
JOHN S ROOSE,2
John S Wallach PC,1
John S. Wallach PC,2
John Saenz & Associates,1
JOHN SAENZ & ASSOCIATES PC,1
John T Ball,1
JOHN T DALL VECHIA,1
JOHN T FLYNN,3
JOHN T JOUBERT,1
John T Knapp,1
John T Murray,1
JOHN T MURRAY,3
John Trebon,1
John Trebon PC,1
John Trebon; P.C.,1
JOHN TREBON; PC TRUST ACCT,1
John Trop Law Office,1
JOHN V HANSON,1
John V Hogan,2
JOHN V HOGAN,3
JOHN V JOHNSON,1
John V. Janusas Attorney at Law,2
John Vincent Hogan,1
John W Allen,1
John W Brennan,1
John W Craynock,2
John W Craynock Esq.,1
John W DeHaan,6
JOHN W DEHAAN,1
John W Dill,1
JOHN W GRIFFIN,1
JOHN W GRIFFIN;MICHAEL J NEUERBURG,1
JOHN W GRIMM,1
JOHN W KOCOUREK PC TR ACCT,1
John W McKendree,1
John W McLuskey,1
JOHN W MERRIAM,1
JOHN W NAILS;JOHN W NAILS ATTORNEY-AT-LAW IOLTA,1
JOHN W ODER,1
John W. Walker; P.A.,1
John-Michael  Lawrence,1
Johnathan Neil & Associates,1
Johnson & Bell,1
Johnson & Biscone PA,1
Johnson & Christensen Law Office,1
Johnson & Coombs Trust Account,1
JOHNSON & GREGORY PLLC,1
Johnson & Johnson,1
Johnson & Johnson PA,1
"Johnson & Johnson, P.A.",2
Johnson & Klein Law;Kadair Law Firm;Sessions; Fisherman & Nathan,1
JOHNSON & VORHEES LLC TRUST ACCT,1
Johnson and Bennett PLLC,1
JOHNSON AND BROWN PC,1
Johnson And Grantham; L.L.C.,1
Johnson and Johnson PA,1
JOHNSON ANDREWS & SKINNER,1
Johnson Barnhouse & Keegan LLP,1
Johnson Becker; PLLC,1
JOHNSON BERG & SAXBY PLLP;THANE  JOHNSON,1
Johnson Claim Service Inc,1
Johnson Clifton Larson & Schaller; PC,1
Johnson Duffie Stewart & Weidner,1
Johnson Heeder LLP,1
JOHNSON HEIDEPRIEM & ABDALLAH LLP,1
Johnson Johnson Larson & Schaller,1
Johnson Johnson Lucas & Middleton,1
JOHNSON JOHNSON LUCAS & MIDDLETON,1
Johnson Johnson Lucas & Middleton PC,2
JOHNSON JOHNSON LUCAS & MIDDLETON PC,1
JOHNSON JOHNSON LUCAS & MIDDLETON;WILBER & ASSOCIATES,3
Johnson Law Center,4
Johnson Law Firm,1
Johnson Law Group,41
"Johnson Law Offices, LLC",1
Johnson Law PLLC,1
Johnson May Law,1
JOHNSON MCKENZIE & ROBINSON LLC,2
Johnson Toal & Battiste,1
Johnson Vorhees & Martucii; LLC,1
"Johnson, Toal & Battiste",1
JOHNSON; ABDALLAH; BOLLWEG & PARSONS,1
Johnson; Janklow; Abdallah; Reiter,1
Johnson; Johnson & Schaller,1
Johnson; Johnson & Schaller; P.C.,1
Johnson; Johnson; & Schaller; P.C.,1
Johnson; Johnson; Larson & Schaller; PC,1
Johnson; Johnson; Lucas & Middleton,2
Johnson; Johnson; Whittle & Lancer,1
Johnson; Pochop & Bartling,1
Johnson; Schneider & Ferrell; LLC,2
Johnson; Vorhees & Martucci,3
Johnson; Vorhees & Martucci; LLC,1
Johnston Law Office,1
Johnston Porter Law Office PC,1
Johnston Tobey Baurch P.C.,1
JOHNSTONE &  GABHART LLP;WV BAR FOUNDATION,1
JoJene  Mills,1
Jon  Haddow,1
Jon  Ressler,1
JON A ZBINDEN,1
JON C DUBIN,1
JON D SCHEIDER;SCHNEIDER &  ONOFRY TRUST ACCOUNT,1
Jon Erik  Mueller,1
JON ERIK  MUELLER,2
JON ERIK MUELLER,1
Jon H Ressler,1
JON H RESSLER,1
JON HANNA ATTORNEY AT LAW,3
JON M LEWIS,1
Jon S Jacobs Law Office,1
Jonas  Kushner,1
Jonas H Kushner,32
JONAS H KUSHNER,1
JONATHAN  BAILEY,2
JONATHAN  BELL,1
Jonathan  Corbett,1
JONATHAN  DEMELLA,1
Jonathan  Evans,1
JONATHAN  HRIZ,2
JONATHAN  KAUFMAN;SERPE ANDRE & KAUFMAN,1
JONATHAN  KOPIN,1
Jonathan  Krainess,1
Jonathan  Pena,16
Jonathan B Biser,1
Jonathan B. Fairbank Law,1
Jonathan C Becker,1
JONATHAN D'AGOSTINO & ASSOCIATES,1
JONATHAN E BUTTERFIELD,2
JONATHAN E COHEN ATTY TRUST ACCT,1
Jonathan H Feinberg,1
JONATHAN H FEINBERG,1
JONATHAN H HUERTA,1
Jonathan K Tillinghast,1
Jonathan L Gould,1
JONATHAN L HAFETZ,1
Jonathan L Pearson,1
Jonathan M Korn,1
JONATHAN N PORTNER,1
Jonathan Neil & Associates,4
Jonathan Neil & Associates Inc,2
"Jonathan Neil & Associates, inc.",1
"Jonathan Neil & Associates, Inc.",1
JONATHAN NEIL & ASSOCIATES; INC,1
Jonathan O Pena,1
JONATHAN O PENA,1
Jonathan P Foster,1
JONATHAN P FOSTER,10
Jonathan P Miller,29
Jonathan P. Miller,2
Jonathan Pena,5
JONATHAN R FRIEDLAND,1
Jonathan R Mayo,1
Jonathan S Beiser,3
JONATHAN S RESNICK,1
Jonathan S Resnick Law Offices,1
Jonathan W Johnson,1
JONATHON N AMLUNG,1
Jonelle  Redelman,2
Jonelle L Redelman,1
JONELLE L REDELMAN,2
JONES & DONOVAN,2
Jones & Jones,1
Jones & Swanson; LLC,1
Jones Bell Abbott Fleming & Fitzgerald,1
Jones Day,12
JONES DAY,1
JONES DAY ATTORNEY-CLIENT TR ACCT;PAUL F RAFFERTY,1
JONES DIETZ & SWISHER,1
Jones Hacker Murphy LLP,1
Jones Kahan Law,1
JONES LAW FIRM,1
Jones Law Firm; LLC,1
Jones Law Group,1
Jones Raczkowski,1
Jones Walker LLP,4
Jones Ward PLC,1
Jones; Day; et al.,1
Jones; Jackson & Moll; PLC,1
Jones; Jones; Vines & Hunkins,1
Jones; Waldo; Holbrook & McDonough,1
JONES;BLECHMAN;WOLTZ & KELLY,1
JONES/RACZKOWSKI PC IOLTA,1
JORDAN  BLAD,1
JORDAN  COPELAND,1
JORDAN  KUSHNER;ROBERT LEE  BAILEY,1
JORDAN  NAMEROW,1
Jordan  Perez,1
JORDAN M JEWKES,1
Jordan Ramis,1
Jordy  Murray,1
Jorge  Corral,2
JORGE C GONZALEZ,1
Jorge G Corral,1
Jorge M Suro Ballester,11
Jorgensen Romanello & Gibbons PA,1
JORGENSEN ROMANELLO & GIBBONS PA,1
Jose  Durand-Carrasquillo,1
Jose  Montes,2
JOSE  RIVAS,1
Jose  Tellez,1
JOSE A ARCE-DIAZ,1
Jose A Dapena,1
Jose A Gonzales,1
Jose A Gonzalez-Villamil;Luis M Ortega-Garcia,1
JOSE A MORALES ARROYO,1
Jose Alfredo  Garcia Hernandez,1
Jose De Jesus  Rivera;Miller Pitt Feldman  & MCanally Trust,1
JOSE F QUETGLAS,2
JOSE F QUETGLAS JORDAN,4
JOSE F VELAZQUEZ-ORTIZ,2
Jose Grover Saldias,1
JOSE L LUGO-MERCADO,1
JOSE L RIVERO-VERGNE,1
JOSE M CARRERAS-PEREZ,1
Jose M Martinez,2
Jose M. Martinez; P.C.,1
JOSE P QUETGLAS-JORDAN,1
JOSE R LOPEZ,1
JOSE R REYES-HERNANDEZ,1
JOSE V DIAZ-TEJERA,1
Jose V Diaz;Pedro  Sintes Lebron,1
Josel & Feenane PC,1
Joseph  Abromovitz,1
JOSEPH  BONFIGLIO,1
Joseph  Callahan,3
JOSEPH  CALLAHAN;RAWLS & MCNELIS PC TRUST ACCT,1
JOSEPH  CARMELLINO,2
JOSEPH  CASSELL,1
JOSEPH  DAIRYMPLE,1
JOSEPH  DALRYMPLE,1
Joseph  Falcone,1
JOSEPH  FILICETTI,1
JOSEPH  GREENWALD,1
Joseph  Greschner,1
JOSEPH  GRUBE,1
Joseph  Heimbuch,4
Joseph  Hook,1
Joseph  Jung,1
JOSEPH  LAVIN,2
JOSEPH  MCFADDEN;MCLENNON  ASSOCIATES LTD,1
Joseph  Mizhir,1
Joseph  Monaco,1
JOSEPH  MOONEYHAM,1
Joseph  Ranni,1
Joseph  Rodriguez; Attorney,1
Joseph  Russo,2
Joseph  Sellers,2
JOSEPH  SELLERS,2
JOSEPH  SHULL,1
JOSEPH  SMITH,1
JOSEPH  SMITH LTD,1
JOSEPH  TARASKA,1
Joseph  Trapeni,2
JOSEPH  TRENK,1
JOSEPH  TRINGALI;SIMPSON THACHER & BARTLETT,1
Joseph  Wambach,4
Joseph A Blaszkow,1
Joseph A Cannatella; Jr.,1
JOSEPH A HOWELL LAW OFFICE,1
Joseph A Romano,13
Joseph A Romano;Law Offices of Howard D Olinsky,1
Joseph A Trevino and Associates,1
Joseph A Yazbeck,1
Joseph A. Larson Law Firm; PLLC,1
"Joseph A. Romano, Esq",1
Joseph B Silver,8
Joseph B Silver Esq.,1
Joseph C Fraulob,2
JOSEPH C FRAULOB,1
JOSEPH C FRAULOS,1
JOSEPH C MCCORQUODALE,1
Joseph Chaiken & Associates; P.C.,1
JOSEPH D BOWEN,1
Joseph D Bowen Attorney at Law PS,1
Joseph D Clark,2
JOSEPH D CLARK,15
Joseph D Clark;Kenneth  Hiller,1
Joseph D Lonardo,4
JOSEPH D MAGRI;TR ACCT OF MERKLE & MAGRI & MEYTHALER PA,1
JOSEPH D MEGRI;MERKLE & MAGRI PA,2
JOSEPH D YBARRA,2
Joseph D. Bowen Attorney at Law; P.S.,1
JOSEPH DANIEL  BROWN;LAW OFCS HARRY BINDER & C. BINDER PC,1
JOSEPH E ALLMAN,1
JOSEPH E MALONEY,1
JOSEPH E MALONEY IOLTA,1
JOSEPH E MORELLI,1
JOSEPH E NICHOLAS,1
JOSEPH E WOLFE;WOLFE WILLIAMS  RUTHERFORD & REYNOLDS,2
JOSEPH F BENNETT,1
Joseph F Gmuca,1
JOSEPH F SCHMITT,1
Joseph F. Gaar Jr. APLC,1
Joseph F. Gmuca; P.C.,1
Joseph Farzam Law Firm,1
Joseph G Billings,1
Joseph G Martinez,1
JOSEPH G McKELLAR,1
Joseph Greenwald & Laake PA,1
JOSEPH GREENWALD & LAAKE PA,1
Joseph Greenwald and Laake,1
Joseph H Cassell,1
JOSEPH H CASSELL,2
JOSEPH H CHIVERS,1
Joseph Ira Frydman - Frydman Law LLC,1
JOSEPH J CHESTER,3
JOSEPH J D'ERASMO,2
Joseph J Koplin,2
JOSEPH J LORUSSO,1
Joseph J Plockow,1
JOSEPH J TORRES,1
Joseph J Voccola & Associates,1
Joseph J. Berrigan PC,1
Joseph K Plumbar; Esq,1
JOSEPH L BENSON,1
Joseph L Koplin,1
JOSEPH L KOPLIN,1
JOSEPH L MARTIN,1
Joseph L Tart;Sanford  Thompson;Todd  Conormon,1
JOSEPH M  GHABOUR & ASSOC,1
Joseph M Blazosek,1
JOSEPH M BLAZOSEK,1
Joseph M Elio;Rosenthal & Heymann; LLC,1
JOSEPH M FINE,1
Joseph M Goldstein,1
JOSEPH M JACHETTI,1
Joseph M McMullen,1
Joseph M Pleasant,1
JOSEPH P BONFIGLIO,1
JOSEPH P CALLAHAM;RAWLS & MCNELIS PC TR ACCT,1
JOSEPH P CALLAHAN,2
JOSEPH P CALLAHAN OF RAWLS & MCNELIS;RAWLS & MCNELIS PC TR ACCT,1
Joseph P Callahan;Rawl &  McNelis PC Trt Account,1
JOSEPH P CALLAHAN;RAWL & MCNEILS,1
Joseph P Griffith,1
JOSEPH P HARRINGTON  PC,1
Joseph P Tunstall,2
JOSEPH P TUNSTALL,1
Joseph P. Sulzer; Attorney at law,1
JOSEPH R BABBITT JOHNSON OSBORNE,1
JOSEPH R BERGEN,1
Joseph R Prine Jr LLC,1
JOSEPH R TALARICO,1
Joseph R Wambach,11
JOSEPH R WAMBACH,2
Joseph R. Bongiorno & Associates; P.C.,1
Joseph Rogers OÂ’Donnell; P.C.,1
Joseph S Gillin,1
JOSEPH S NIERENBERG,1
Joseph S Piacun,1
Joseph S Walsh,1
JOSEPH T DALRYMPLE,2
JOSEPH T. JOSEPH JR; LLC,1
Joseph T. Mullen; Jr. & Associates,1
JOSEPH W LAWRENCE,1
Joseph W Shull,4
JOSEPH W SHULL,4
Joseph W Walker,1
JOSEPH Y BECK,2
Joseph Yuri  Beck,2
Joseph Zeppieri; MD; JD Attorney at Law,1
"Joseph, Greenwald & Laake, P.A.",2
"Joseph, Greenwald, & Laake, PA",1
Joseph; Greenwald & Laake; P.A.,1
JOSEPHE W ROHE,1
Josephine  Gerrard,1
Josephine  Gottesman,1
Josephine A Greco,2
JOSEPHINE A GRECO,3
Josephine M Gerrard,1
Josephine S Miller,1
Josh  Genser,1
JOSH  LAMBORN,1
JOSH  WILEY,1
Josh B Hurst,1
Josh D. Tucker; P.C.,2
Joshua  Borer,5
JOSHUA  BORER,5
JOSHUA  FOGAL,1
Joshua  Fraley,1
JOSHUA  KOCH;KOCH & SCHMIDT LLC IOLTA ACCT,1
Joshua  Levy,1
JOSHUA  PARKS;NORYCH LAW GROUP LLP,1
Joshua  Tallent;Natural Resource Defense Council,1
JOSHUA  WIDLANSKY,1
Joshua D Allison PLC,1
Joshua D Hadiaris;Smith Elliot  Smith & Garmey PA,1
Joshua D Shudlick,1
Joshua D. Gruenberf; APC,1
Joshua L Moore,1
JOSHUA L WEEMS,1
JOSHUA M AMBUSH,4
JOSHUA M AMBUSH LLC,3
Joshua S Devore,1
Joshua T McFarland,4
JOSHUA W LAABS,1
Joworisak & Associates,1
Joworisak & Associates; LLC,1
Joy  Bertrand,1
JOY  BERTRAND,1
JOY  BLUMKIN,1
Joy  Money;Project Resources Group,1
JOY A BLUMKIN,1
JOY E GREYER,1
JOY E HERR-CARDILLO FOR W.T.C.C.; INC,1
JOY ELLEN  HERR-CARDILLO,1
Joy Foy & Associates,2
JOYCE & ASSOCIATES,1
Joyce & Holbrook Law Firm,1
JOYCE F GLUCKSMAN & JULIE M. WEINER,1
Joyce Ziker Parkinson; PLLC,3
Joye Law Firm LLP,1
JOYNES & GAIDIES,1
Joynes and Gaidies,2
JOYNES AND GAIDIES,1
JP Law PC,3
JP Law; PC,2
JP Strom Jr PA,1
JR Nance Law Firm,1
JS Civil Law Group dba Salvatore Prescot,1
Juan  Albino,1
JUAN  ESPINOSA,1
JUAN  RAMON RODRIGUEZ,1
Juan B. Soto Law Offices,1
Juan C Gautier,1
JUAN C GAUTIER,1
Juan J Dominguez,1
JUAN J DOMINGUEZ,1
Juan LaFonta & Associates LLC,2
Juan M Cancio-Biaggi,6
JUAN R RODRIGUEZ,4
Juan R Rodriguez-Lopez,1
Jude C Iweanoge,1
Judge Law Firm; LLC,1
"Judicial Watch, Inc.",1
Judith  Berkan,1
JUDITH  BERKAN,1
Judith  Brownlow,3
JUDITH  BROWNLOW,1
JUDITH  COFIELD,1
Judith  Mathis,2
Judith A Guthrie,1
Judith A Lonnquist,2
JUDITH A LORING,1
Judith M Cofield PC,1
JUDITH M COFIELD; P.C. ESCROW ACCT,1
Judson Crump; PC,1
JUDY  CLEMENTS,1
JUDY A VILLELLA,2
Judy D Snyder,1
JUDY L FEINBERG,1
Judy M Kuipers,1
JULES & SIMPSON LLP,1
Julia  Barnes,1
julia  hosford barnes,1
Julia  Yoo,1
Julia Barnes,1
JULIA E MARKLEY;PERKINS COIE LLP,1
Julia H Barnes,1
JULIA H BARNES,1
Julia Hosford Barnes PC,2
"Julia Hosford Barnes, P.C.",1
JULIAN A SANCHEZ,1
Juliana E Coons,1
JULIANA E COONS,2
JULIANE  BALLIRO,9
JULIANE  BALLIRO;US DISTRICT COURT DISTRICT OF MA,7
JULIANNA  BALLIRO;US DISTRICT COURT DISTRICT OF MA,1
JULIANNE  BALLIRO;US DISTRICT COURT DISTRICT OF MA,1
Julie  Atkins,9
JULIE  ATKINS,23
JULIE  CARLE,1
JULIE  DEWOODY GREATHOUSE,1
Julie  Dona,1
Julie  Glover,4
Julie  Glover;Michael  Kelly,1
Julie  Hall,4
JULIE  POAGE;MARK D SCOTT,1
JULIE  SCHUETZ,1
Julie  Weis,3
JULIE  WEIS,1
Julie A Hall,3
Julie A Murray;Public Citizen Litigation Group,1
JULIE A SODERLUND,1
Julie L Glover,5
JULIE L GLOVER,1
Julie R Sommer,1
Julie S Greenberg,1
Julie S Jordan;Stephen G Schwarz,1
Julien  Schlesinger;SULIEN  SCHLESINGER,1
JULIEN F JURGENS,1
JULIO  CARRANZA,2
Julio E Gil-De-Lamadrid,1
Julius & Simpson,3
Julius & Simpson LLP,8
JULIUS & SIMPSON LLP,8
Julius & Simpson; LLP,10
JULIUS & SIMPSON; LLP,1
JUNE P BASHANT;TERRY  MAYO,1
Jung Disability and Injury Advocates,1
Jurewitz Law Group,3
Just Law International PC,1
Justan  Bounds,1
Justice California Law Group,2
JUSTICE INJURY LAWYERS LLP TRUST ACCOUNT,1
"Justice Law Collaborative, LLC",5
Justice Legal Group,1
Justin  Farahi,1
Justin  Goldstein,11
JUSTIN  GOLDSTEIN,3
Justin  Green;Kriendler &  Kriendler,1
Justin  Jones,1
JUSTIN  KING,1
Justin  Kosiba,1
JUSTIN C FREEMAN,1
Justin D Quinn,1
Justin J Kosiba,4
JUSTIN J KOSIBA,1
Justin M Alaburda,1
Justin M Goldstein,1
Justin M Prato,1
JUSTIN M PRATO,1
JUSTIN R MELAT,1
Justin T Huffman,1
JUSTIN ZIEGLER; P.L.,1
JUSTO  FERNANDEZ-GONZALEZ,1
K & L Gates LLP,1
K MACHELLE  GIELAROWSKI,1
K MICHELLE  GIELAROWSKI,1
K ROBERT  DAVIS,2
K Scott  Brazil,1
K. Jeff Luethke Attorney at Law,1
K. Jefferson  Jones,1
K. LUKE  WILLIAMSON,1
K. MACHELLE  GIELAROWSKI,1
K.D.  Hughes,1
K&L Gates LLP,2
K&M Attorneys at Law,2
KACKEL & HACKEL GENERAL ACCT;KATHY D HACKEL,1
Kaczmarek & Jojola,1
Kading; Kunstle & Goodhope LLP,1
Kafoury & McDougal,3
KAHN & GOLDBERG LLP,1
Kahn Dees Donovan & Kahn LLP,2
Kahn Gordon Timko & Rodriques PC,1
KAHN GORDON TIMKO & RODRIQUES; PC,1
Kahn Law Firm,1
KAHN SMITH AND COLLINS PA,1
Kahn Soares & Conway LLP,1
"Kahn, Dees, Donovan & Kahn, LLP",1
Kahn; Dees; Donovan & Kahn,1
Kahn; Dees; Donovan & Kahn; LLP,1
Kahn; Dees; Donovan; & Kahn LLP,1
Kairys Rudovsky Messing & Feinberg LLP,1
Kairys Rudovsky Messing & Feinberg; LLP,4
KAIRYS RUDOVSKY MESSING & STEINBERG LLP,1
Kairys Rudovsky Messing Feinberg & Lin,1
"Kairys Rudovsky Messing Feinberg & Lin, LLP",1
"Kairys, Rudovsky, Messing",1
"Kairys, Rudovsky, Messing, Feinberg & Lin LLP",2
Kairys; Rudovsky; Messing & Feinberg,1
Kairys; Rudovsky; Messing & LIN LLP,1
Kairys; Rudovsky; Messing; Feinberg,1
Kaiser Law,1
Kajioka & Assoc.,1
Kakalec Law,1
Kakalec Law PLLC,7
Kalamarides & Lambert,1
Kalbian Hagerty LLP,1
Kalbian Hagerty; LLP,1
Kalfus & Nachman,3
Kalfus & Nachman P.C.,1
Kalfus & Nachman PC,1
"Kalfus & Nachman, P.C.",1
Kalfus & Nachman; P.C.,2
KALFUS & NACHMAN; P.C.,1
Kalfus & Nachman; P.C.;McKenry Dancigers Dawson; P.C.,2
Kalfus & Nachman; PC,2
KALFUS AND  NACHMAN PC,1
Kalfus and Nachman PC,3
Kalijarvi Chuzi Newman & Fitch PC,1
KALIJARVI CHUZI NEWMAN & FITCH PC,1
"Kalijarvi, Chuzi, Newman & Fitch, P.C.",1
Kalijarvi; Chuzi & Newman,1
Kalijarvi; Chuzi & Newman; P.C.,2
Kalijarvi; Chuzi; Newman & Fitch; PC,1
Kalijarvi; Chuzi; Newman & Fitz,1
Kambur Law Firm; APLC,1
Kamensky Cohen,1
KAMEROW FIRM,1
KAMEROW LAW FIRM PLLC,1
Kamerow Law Firm; PLLC,1
Kampmeier & Knutsen,1
Kampmeier & Knutsen PLLC,4
KAMPMEIER & KNUTSEN PLLC;OREGON LAW FOUNDATION,1
"Kampmeier & Knutsen, PLLC",1
Kampmeier & Knutsen; PLLC,4
Kamyar R Shayan,1
KANDEL &  ASSOCIATES ESCROW,1
Kandel & Associates P.A.,1
Kandel & Associates PA,2
KANDEL & ASSOCIATES PA;NELSON R KANDEL,1
KANE & PAPA PC,1
KANE & TOBIASON; LLP,1
"Kane Dulin McQuinn Young, LLP",1
Kane Handel Attorney at Law,1
Kane Handel; Attorney at Law,1
Kang & Associates PLLC,3
Kanji & Katzen PLLC,1
Kanner & Pintaluga,1
KANNER & PINTALUGA P. A.,1
Kanner & Pintaluga; PA,1
KANNON  SHANMUGAM,1
KANSAS BAR FOUNDATION,1
Kansas City Accident Injury Attorneys,1
"Kansas Legal Services, Inc.",1
Kansas Legal Services; Inc.;Rachelle  Lynn,2
Kanter and Wishnow; LLC,2
Kanter; Bernstein; Kordon,1
Kaplan Kirsch & Rockwell LLP,2
"Kaplan Law Group, P.A.",2
Kaplan Law Office,2
Kaplan Trial Lawyers,1
Kappelman Law firm,1
Kappelman Law Firm,33
KAPPELMAN LAW FIRM,2
Kappleman Law,1
KARA  BONNET,1
Kara Hadican Samuels & Associates LLC,1
Karam  Assoicates,1
Karasik Law Group,1
Karell Trial Attorneys; LLC,1
Karen  Fox,1
KAREN  MANOS,1
KAREN  PENNINGTON,1
KAREN  SEELEY-HODGE,1
Karen  Stolzberg,1
KAREN  STOLZBERG,2
KAREN E HAMILTON,1
Karen G Robinson,1
Karen G. Hines  & Associates,1
Karen Hoffman,2
KAREN L LAWRENCE,1
Karen L. Lawrence Law Offices,1
KAREN L. LAWRENCE LAW OFFICES,1
Karen S Hendrickson,1
KARI  HONG,2
Kari  Osterhout,1
Karimian Law Group,1
Karin  Cagle,1
Karl  Dix,8
KARL  DIX,1
Karl  Osterhaut,2
Karl  Osterhoust,1
Karl  Osterhout,15
KARL  OSTERHOUT,1
Karl  Truman,1
Karl E Osterhaut,1
Karl E Osterhout,86
KARL E OSTERHOUT,10
Karl E. Osterhout,1
Karl E. Osterhout; Esq.,1
KARL H GOODMAN,2
Karl Osterhout,1
KARL OSTERHOUT,1
KARL R HILDABRAND,1
Karl Truman Law Office,2
KARLETTE  IRIZAGARRY,1
Karlin & Karlin APLC,1
Karlin & Karlin; APLC,1
KARLIN FLEISHER & FALKENBERG LLC,2
KARMAN RATLIFF STEBNER & ASSOCIATES,1
KARMEN  SLEZAK;PARKER PALLETT SLEZAK & RUSSELL LLC,1
Karnas Law Firm PLLC,3
KARNOPP  PETERSEN,1
KARNOPP PETERSON LLP,1
Karns & Karns; LLP,1
Karns & Kerrison,1
Karns Law Group,1
KARP FROSH WIGODSKY  & NORWIND PA,1
Karp Frosh Wigodsky & Norwind; P.A.,1
Karp Wigodsky Norwind & Gold PA,1
Karp Wigodsky Norwind Kudel & Gold PA,1
"Karp, Wigodsky, Norwind Kudel & Gold",1
"Karp, Wigodsky, Norwind, Kudel",1
Karp; Frosh; Wigodsky & Norwind PA,1
Karp; Wigodsky; Norwind; et al.; P.A.,1
Karp; Wigodsky; Norwind; Kudel & Gold,1
Karp; Wigodsky; Norwind; Kudel; Gold PA,1
Karpel; Link & Caporaletti,1
Karpel; Link and Caporaletti,1
Karr & Allison; P.C.,4
Karr & Allison; PC,1
Karr & Sherman,1
Karrie S Wichtman,1
Karyllan D Mack,3
Kasi  Wooton,1
KASPERS & ASSO LAW,1
Kass Law Firm PLC,3
KASS MITEK & KASS,1
Kassel McVey Attorneys at Law,1
Kassel McVey; Attorneys at Law,3
Kassi  Wooton,2
Kassi  Wooton;Whitney  Hatcher,1
Kassin and Carrow LLC,1
Kaston & Aberle; LLP,1
Katarzyna  Krzystyniak,1
Kate  Harrison,1
Kate  Metcalf,1
Kate M Swearengen,1
Kate McCarthy,1
KATERS and GRANITZ; LLC,1
Katherine  Eitenmiller,1
Katherine  Hall,1
KATHERINE  MCCLURE,1
KATHERINE  POOLE,1
Katherine Gulley,1
KATHERINE L BUTLER,2
Katherine L Butler;Marek Griffin & Knaupp IOLTA,1
Katherine L Eitenmiller,2
Katherine L Mason,3
KATHERINE L MASON,2
Katherine M Braun,1
KATHERINE O PALACIOS-PAREDES,1
Katherine O'Neal,1
KATHERINE R HENDLER;LILLARD WISE SZYGENDA PLLC,1
Katherine R Mazaheri,2
Katherine R Siegfried,2
Katherine Siegfried,2
Katheryn  Ireland,1
Kathleen  Glancy,1
KATHLEEN  GLANCY,1
Kathleen  Holt,2
KATHLEEN  HOLT,7
Kathleen  Overton,7
KATHLEEN  PAKENHAM,4
KATHLEEN  SALYER,1
KATHLEEN  SHANNON GLANCY,1
Kathleen A Smith,1
Kathleen E McLaufhlin,1
Kathleen E Overton,2
KATHLEEN E OVERTON,1
KATHLEEN E WELLS,1
Kathleen E. Horohoe; Esq.; P.C.,1
Kathleen H Meredith,1
KATHLEEN J RASTETTER,1
KATHLEEN MARIE  FLYNN,1
Kathleen Mezher & Associates,1
Kathleen S Glancy,1
KATHLEEN S GLANCY,11
KATHLEEN SHANNON  GLANCY,3
KATHLEEN SHANNON  GLANCY PA,1
Kathleen Shannon Glancey PA,1
Kathleen Shannon Glancy PA,2
KATHLEEN SHANNON GLANCY PA,1
"Kathleen Shannon Glancy, P.A.",2
Kathleen Shannon Glancy; P.A.,2
Kathleen Shannon Glancy; PA,2
KATHRIN S MAUTINO,1
Kathryn  Dicus,1
KATHRYN  FERGUSON,1
KATHRYN  HALL,1
Kathryn  Silva,18
KATHRYN  SILVA,2
Kathryn  Tassinari,2
KATHRYN  TASSINARI,14
Kathryn D Terry;Phillips  Murrah PC,1
KATHRYN M CAIMI,1
Kathryn Silva,4
KATHY  NEZ,1
Kathy  Potter,1
Kathy A Mancusi;Law Office of Donald L. Wilson,1
KATHY D HACKEL,1
Katie M McVoy,1
Katmissky & Jamsheed APLC IOLTA,1
KATMISSKY and JAMSHEED; APLC,1
Kator; Parks & Weiser,4
Kator; Parks & Weiser P.L.L.C.,1
Kator; Parks & Weiser; PLLC,1
Kator; Parks; Weiser & Harris; PLLC,1
Katrina  Patrick,1
KATRINA L WASHINGTON,1
Kats & Associates PC,1
Kats & Associates; P.C.,1
KATS; JAMISON & ASSOCIATES,1
Katten Muchin Rosenman LLP,1
KATZ  NOWINSKI,1
KATZ & KREINCES LLP,1
Katz Kantor Stonestreet & Buckner PLLC,4
Katz; Kantor; Stonestreet & Buckner,6
KATZ; MARSHALL & BANKS; LLP,1
Katzenstein & Lorance,1
Katzman & Sugden LLC,2
KATZMAN LAMPERT & MCCLUNE PLLC,16
Katzman Lampert & Stoll LLC,1
"Katzman, Lampert & Stoll, PLLC",1
Katzman; Lampert & McClune PLLC,1
Kauffman & Lynd,1
Kauffman Law Firm,1
Kaufman & Canoles PC,2
Kaufman & Canoles; P.C.,1
Kaufman & Stigger PLLC,2
Kaufman & Stigger; PLLC,1
KAUFMAN AND CANOLES,1
Kaufman Lieb Lebowitz & Frick LLP,1
KAUFMAN STIGGER & HUGHES PLLC;MARSHALL F KAUFMANN,1
Kaufman Vidal Hileman Ellingson PC,1
"Kaufman, Coren & Ress, P.C.",2
Kaufman; Coren & Ress; P.C.;Manko; Gold; Katcher & Fox; LLP,4
KAUPP & FEINBERG; LLP,1
KAY  EDGCOMB,1
KAY CASTO & CHANEY FLLC,1
KAY ROSE & PARTNERS LLP,1
Kaye & Bush LLC,1
KAYE J PERSON,1
Kaye J Persons,2
KAYE J PERSONS,4
KAYE SCHOLER LLP,1
Kaye; McLane; Bednarski & Litt; LLP,1
Kazda Law Firm,1
Kazem  Keywan,1
Kazmarek Mowrey Cloud Laseter LLP,22
KBAR Legal Services,1
KBAR Legal Services LLP,2
KC Accident Attorneys,1
KeAloha  Douma;Richard  Palmer,1
Keane & Bernheimer; PLLC,1
KEARNEY FREEMAN  FOGARTY & JOSHI,1
KEARNEY FREEMAN  FOGARTY AND JOSHI PLLC,1
KEARNS  & DUFFY,1
KEARNS & DUFFY,1
"Kearns Duffy & Vaccaro, PC",1
"Kearns, Duffy & Vaccaro PC",1
Kearns; Duffy & Vaccaro; PC,1
Kearns; Duffy; & Vaccaro P.C.,1
Keating Law Offices,1
Keating Wagner Polidori Free; P.C.,1
Keches Law Group,2
KECHES LAW GROUP,1
KECHES LAW GROUP PC,1
Keches Law Group; P.C.,1
Keefe; Keefe & Unsell; P.C.,3
Keefe; Keefe and Unsell; PC,1
Keefe; Keefe; & Unsell,2
Keegan & Keegan Ross & Rosner LLP,1
Keeler & Keeler,3
KEELER & KEELER,1
Keeler & Keeler Law Office,1
Keeler & Keeler LLC,1
Keeler & Keeler LLP,6
KEELER & KEELER LLP,2
"Keeler & Keeler, LLP",1
Keeler & Keeler; LLP,1
KEELER AND KEELER IOLTA,1
"Keeler and Keeler, LLP",1
Keene & Currall; A Professional Corp.,1
Kegler; Brown; Hill & Ritter,1
Keil & Keil PC,1
Keil & Keil; PLLC,1
Keilty Bonadio LLC,1
Keis & George; LLP.,1
Keis George LLP,8
KEIS GEORGE LLP,2
Keis George LLP Attoneys at Law,1
"KEIS GEORGE, LLP",1
Keis George; LLP,4
Keis/George Attorneys at Law,1
KEITH  BOUGHTON,1
KEITH  DOUGLASS;LAW OFFICES OF KEITH DOUGLASS & ASSO;LLP IOLTA,1
KEITH  GOULD,1
KEITH  HOWARD JOHNSON,2
Keith  Kihara,1
KEITH  RICKER;MANNING & KASS ELLROD RAMIREZ TRESTER;PARI K SCROGGIN,1
Keith  Spence,1
Keith C Syfert,1
Keith H Johnson,1
Keith H Rutman,2
Keith L Baker,1
KEITH M KNOWLTON,2
KEITH R OLIVER,1
Keith S Carlton,6
KEITH T BELT,1
KEITH T HIGGINS,1
Keith Walters & Assoc,1
KEITH WATTERS & ASSO CLIENT TRUST,1
Keith Watters & Associates,2
Keker Van Nest & Peters LLP,2
"KEKER, VAN NEST AND PETERS LLP",1
Keker; Van Nest & Peters LLP,1
KEKER; VAN NEST & PETERS LLP,1
Keker; Van Nest and Peters LLP,1
Kelaher; Connell & Connor; P.C.,2
KELEMEN MEZAROS SANDOR & TARSAI LAW FIRM;USDO  SYMBOL 8769,1
KELIE C SCHNEIDER,2
KELIE C SNEIDER,1
KELLEN W BRADLEY,1
Keller & Keller,141
KELLER & KELLER,1
Keller & Keller - Ind/IN,1
Keller & Keller - IND/IN,1
KELLER & KELLER IOLTA TRUST ACCT,1
Keller & Keller LLC,2
Keller & Keller LLP,44
KELLER & KELLER LLP,1
Keller & Keller LP,3
Keller & Keller of New Mexico,1
Keller & Keller of New Mexico LLC,2
"Keller & Keller, LLC",1
"Keller & Keller, LLP",2
Keller & Keller; LLC,1
Keller & Keller; LLP,1
KELLER & KELLER;RANDALL L JUERGENSEN,1
KELLER AND HACKMAN LLP,1
Keller and Keller,1
Keller and Keller LLC,3
"Keller and Keller, LLC",1
KELLER C FOSTER,1
KELLER KELLER & CARACUZZO P.A.,2
Keller Postman,104
Keller Postman LLC,105
"Keller Postman, LLC",10
Keller Rohrback L.L.P.,1
Keller; Keller; Caracuzzo PA;Keller; Keller; Caracuzzo; Cox,2
Keller; Lisgar & Williams; LLP,1
Keller; Melchiorre; Walsh PLLC,1
KELLEY AND LEGER LAW OFFICES,1
Kelley Drye & Warren LLP,4
Kelley Drye & Warren LLP IOLA,1
Kelley Uustal,2
Kelley Uustal; PLC,6
Kellie A Cretors,1
Kellie Peterson; Esq.; P.A.,2
Kellie T Barnes,1
Kellie T Barnes Attorney at Law,1
Kellogg; Hansen; Todd; Figel & Frederick,1
Kellum  Law Firm,1
Kellum Law Firm,10
KELLY  CHANCE,1
Kelly  Goldner,1
Kelly  Laga-Sciandra,1
Kelly  Lowry,1
Kelly & Herron PC IOLTA,1
Kelly & Lyons PLLC,2
"Kelly & Lyons, PLLC",7
Kelly E Massicotte,1
Kelly E Richardson,2
Kelly Hart & Hallman; LLP,1
KELLY L ANDERSON,1
Kelly L. Andersen,1
Kelly Law,1
Kelly M McAndrews,1
KELLY P SPENCER;PLLC/KY BAR FOUNDATION IOLTA,1
Kelly R McCabe,1
Kelly T Staley,2
Kelly White Donofrio LLP,1
KELNER & KELNER ESQS,1
Kelsey  Young,1
Kelsi  Messer,2
Kemet & Hunt,1
Kemet Hunt Law Group,3
"Kemet Hunt Law Group, Inc.",1
Kemp Smith Law,1
Kempton & Russell,1
Kempton & Russell; LLC,2
Ken  Ammann,1
KEN  COLLINS,1
KEN  FALK,1
Ken  Karlock,2
Ken  Roosa,1
Ken  Walton,1
Ken M Nimmons,1
Ken M. Frankel; PA,2
"Ken Miller & Associates, PLLC",2
Ken R Underwood,2
Ken Wagner Law PA,1
KENDALL A ALMERICO;KENDALL A ALMERICO PA,1
Kendall C Jones,1
Kendra E Bowman,1
Kendrick & Kendrick,1
KENDRICK & KENDRICK,1
Kendrick & Leonard PC,1
"Kendrick & Leonard, P.C.",1
KENEILWE  MORIBAME,1
Kennard Law PC;Michelle M Miller,1
KENNEDY BERKLEY YARNEVICH,1
KENNEDY BERKLEY YARNEVICH & WILLIAMSON,1
KENNEDY JOHNSON D'ELIA & GILLOOLY LLC,1
Kennedy Johnson Schwab & Roberge LLC,1
Kennedy Johnson Schwab & Roberge; LLC,2
KENNEDY JOHNSON SCHWAB ROBERGE,1
Kennedy Kennedy Robbins & Yarbro IOLTA,1
Kennedy Law Firm,1
KENNEDY LAW FIRM,1
Kennedy Law Team,1
Kennedy; Hernandez & Associates; PC,1
Kennedy; Johnson; Schwab & Roberge; LLC,1
KENNELLY & O'KEEFE;TATUM O LINDHO,1
Kenner & Schmitt PC,1
Kenner Schmitt Nygaard LLC,1
Kenneth  Barton,1
Kenneth  Battley;Watt; Tieder  Hoffar & Fitzgerald,3
KENNETH  COHEN,1
Kenneth  Gormly,1
Kenneth  Heuck,1
Kenneth  Hiller,10
KENNETH  HILLER,2
Kenneth  Hillor,1
Kenneth  Isserlis,1
KENNETH  ISSERLIS,2
Kenneth  Karlock,1
Kenneth  Keate,1
Kenneth  Mendelsohn,1
Kenneth A Miller,1
KENNETH A MILLER,1
Kenneth A Norsworthy,1
KENNETH A NORSWORTHY,1
Kenneth A Votre,1
KENNETH ANNIS & ASSOCIATES,1
Kenneth B Vaughn,1
KENNETH B WECKSTEIN,3
Kenneth B Wills Attorney at Law,1
Kenneth C Hensley,1
Kenneth C Jacobus,1
Kenneth C Weil,1
KENNETH CLAY  MCCOY,1
KENNETH D CROWDER,2
Kenneth D St Pe,2
Kenneth Egan Law,1
Kenneth F Laritz,2
KENNETH F LARITZ,1
KENNETH H NAIDE,1
Kenneth Halpern & Associates,1
Kenneth Hiller,1
Kenneth Hiller Esq Law Office,1
Kenneth Hiller; PLLC,1
KENNETH J ALLEN & ASSOC,1
Kenneth J Collins,1
KENNETH J COLLINS,1
KENNETH J FALK,1
Kenneth J Fleischer,1
KENNETH J IGNOZZI,1
Kenneth J Kieklak,1
KENNETH J MCKENNA TRUST ACCOUNT,1
KENNETH J SHAKESHAFT,6
KENNETH J STEINBERG,1
Kenneth J. Annis & Associates,1
KENNETH L O'DEEN;LAWRENCE J EMERY,1
KENNETH L PEDERSON TRUST ACCOUNT,1
KENNETH M CARPENTER,2
Kenneth M Johnson,1
KENNETH M JOHNSON PA,1
KENNETH M KRAMER,1
Kenneth M Sigelman & Associates,1
Kenneth M Trombly PC,1
Kenneth M. Sigelman & Associates,7
Kenneth M. Trombly P.C.,1
Kenneth M. Trombly; PC,1
Kenneth Miller & Assoc.,1
KENNETH N GORMLY,1
Kenneth P Hicks,1
Kenneth P Karlock,3
KENNETH P KARLOCK,2
KENNETH P MCKAY;MCKAY & ASSOCIATES PC,1
KENNETH R HAGGARD,1
Kenneth R Haggard Charles R Haggard,1
Kenneth R Hiller,13
KENNETH R HILLER,30
KENNETH R YOUNG,1
Kenneth R. Schuster & Associates PC,1
KENNETH S NUGENT,1
KENNETH S NUGENT PC;MATTHEW C RICHARDSON,1
Kenneth S Nugent; PC,1
Kenneth S Roosa,1
KENNETH S ROOSA,1
Kenneth S Thomas,1
Kenneth S. Nugent PC,1
"Kenneth S. Nugent, P.C.",3
Kenneth S. Nugent; P.C.,1
KENNETH T KERNER,1
Kenneth U Udoibok,2
Kenneth W Battley;Watt Tieder; Hoffar  & Fitzgerald,1
KENNETH W JONES,1
"Kenney & Medina, P.C.",1
KENNY & KENNY PLLC,1
"Kenny & Kenny, PLLC",1
Kent & Risley LLC,1
KENT HAZZARD LLP,1
KENT J HOLLAND,1
Kent Law PLC,5
Kent Law PLC IOLTA Acct,3
"KENT LAW, PLC",1
KENTUCKY BAR FOUNDATION INC,1
Kentucky Bar Foundation IOLTA,1
KENTUCKY BAR FOUNDATION IOLTA,1
Kentucky League of Cities,1
Kentucky State Treasurer,1
KEOGH CLIENT TRUST ACCT,1
Keramidas Law Firm,1
Keri  Powell,1
Kerin M Woods,1
KERIN M WOODS,3
KERN & WOOLEY LLP CLIENT TR SAV;PETER T KIRCHEN,1
Kern Law Firm,91
Kernan & Ledford PLC IOLTA,1
KERR  KARR,1
"Kerr Ferguson Law, PLLC",1
Kerr Robichaux & Carroll,23
KERR ROBICHAUX & CARROLL,4
"Kerr, Robichaux & Carroll",1
Kerr; Robichaux & Carroll,3
KERRIE A CAMPBELL LLC CLIENT TRUST ACT,1
Kerrigan; Estess; Rankin; Mcleod,1
KERRY  KARR,2
KERRY D STATON,1
Kerry Murphy Law LLC,1
KERSHAW CUTTER & RATINOFF LLP  CLIENT;TRUST ACCOUNT,1
Kerstein; Coren & Lichtenstein LLP,1
Kesavan,1
Kesling Law Firm,2
"Kessler Topaz Meltzer & Check, LLP",49
Kestell & Associates,3
KESTER CUNNINGHAM JOHN CLIENT ACCOUNT,1
Ketterer Browne & Anderson,2
Ketterman Rowland & Westlund,2
KEVIN  BENNETT,2
Kevin  Beswick,1
Kevin  Cox,1
KEVIN  DIEHL;RALSTON POPE & DIEHL LLC TR ACCT,1
Kevin  Higgins,1
Kevin  Kerr,9
KEVIN  KURGIS,2
KEVIN  LAFKY,1
Kevin  Morton,1
KEVIN  MORTON,1
Kevin  Murphy,1
KEVIN  ROSENFIELD,1
Kevin  Ruether;Reed  Zars,1
KEVIN  STAPLES,2
KEVIN  THERIOT,1
KEVIN  TRASKOS;MICHAEL  SECKAR,1
Kevin  Turowsky,1
KEVIN  WESTLAKE,1
Kevin A Rosenfield,1
Kevin C Ambler,2
Kevin Crayon,1
Kevin Crooks PLLC,2
Kevin D Purnell;Law Ofc of Bryan K Streeter PLLC,1
Kevin E Krahl,1
KEVIN E LUCEY,1
Kevin E White,1
Kevin Edward White & Associates,1
KEVIN F GILLIS,1
KEVIN F KURGIS,1
Kevin F Kurgis Co LPA,1
KEVIN F KURGIS;KEVIN F KURGIS CO LPA,1
Kevin J Collins,1
Kevin J Kelley,1
Kevin J. McNamara Law Offices; P.C.,3
Kevin J. Morris; PA,1
KEVIN L DIEHL;RALSTON POPE & DIEHL LLC,1
KEVIN L LOCKLIN,1
Kevin L Orloski,1
KEVIN L ORLOSKI,2
KEVIN L. STRING CO.; LPA,1
KEVIN M BECK,1
Kevin M Cox,1
Kevin M Crabtree,1
KEVIN M DANTZLER,2
KEVIN MCNEIL ATTORNEY FOR ERVIN DREW,1
Kevin Michael Garrison PC,1
Kevin N Cosgrove,1
KEVIN P BLACK,1
Kevin P Childers,1
Kevin P Tauzin,1
KEVIN PAUL CHILDERS PC,1
Kevin R Ellis PC,1
Kevin R Fennell,1
Kevin R Garden,1
Kevin R Hartman,1
KEVIN R HARTMAN,2
Kevin Renfro Law PLLC,1
Kevin S Carpenter,1
KEVIN T STOCKER,1
Kevin T Stocker Esq.,1
KEVIN VODAK  CAIR,1
Kevin W Stouwie;Stouwie  Mayo PLLC,1
KEYSHERIA  WOOD,1
KGS Law PLLC,1
Khalidi Law Firm PLLC,1
Khalifa Al Maftool Advocates,1
Khawam Ripka LLP,5
"Khawam Ripka, LLP",2
Khawam Ripka; L.L.P.,1
Kheyfits & Maloney LLP,1
"Khorshidi Law Firm, APC",1
Kidman Tinker PLLC,1
Kids in Need of Defense,2
Kids in Need of Defense (KIND),4
KIDS IN NEED OF DEFENSE INC,1
"Kids in Need of Defense, Inc.",1
Kidwell & Gallagher LTD,1
"Kidwell & Gallagher, Ltd.",1
KIEL & TRUEAX LLC,1
Kielian & Walther,2
KIELIAN & WALTHER,2
KIELIAN & WALTHER;M J WALTHER,1
KIELIAN & WALTHER;M JACQUELINE  WALTHER,1
Kilgore & Kilgore; PLLC,1
"Kilgore & Smith, LLC",1
Killian &  Davis P.C. COLTAF Client Trust,1
KILLIAN & BOYD PC IOLTA ACCT,1
Killian Davis Richter & Mayle PC,1
Killian Law Group,1
Killian Law Group LLC,1
Killian Law Group; LLC,1
Killian; Davis; Richter; Mayle PC,1
Killmer Lane & Newman LLP,1
"Killmer Lane, LLP",1
Kilmer Lane LLP,1
"Kilpatrick & Philley, Attorneys At Law",1
"Kilpatrick & Philley, PLLC",1
KILPATRICK STOCKTON; LLP,1
KILPATRICK TOWNSEND & STOCKTON,1
Kilpatrick Townsend & Stockton LLP,11
KILPATRICK TOWNSEND & STOCKTON LLP,1
Kilpatrick Townsend & Stockton; LLP,1
Kilpatrick; Adler & Bullentini,1
Kilsing Nestico & Redick,1
Kim  Thorne,1
KIM  WELCH,1
KIM & SHPALL LAW CORP.,1
Kim D Staskus,1
KIM P ROBINSON,1
KIMBERIE  MCCLOSKEY,1
Kimberly  Lesniak,26
KIMBERLY  TUCKER;SWANSON THOMAS & COON,1
Kimberly A Harrison,1
Kimberly C Kurek,1
KIMBERLY C KUREK,1
KIMBERLY D BISHOP,1
KIMBERLY J SYFRETT,1
Kimberly K Browne,1
KIMBERLY K TUCKER,1
"Kimberly L Copeland & Associates, LLC",1
Kimberly Lesniak,4
KIMES FINANCIAL SERVICES LLC TRT ACCOUNT,1
KIMES FINANCIAL SERVICES LLC TRUST ACCT;KYLE  ISRAEL,1
Kimes Financial Services LLC;Rose Law Group,1
Kimmel & Silverman PC,1
Kimmel; Carter; Roman; Peltz & O'Neill,1
Kinas Law Office LLC,1
KIND INC,1
Kinerk; Schmidt & Sethi,1
Kinerk; Schmidt & Sethi; PLLC,1
King & Burke,1
King & Spalding,1
King & Spalding LLP,6
KING & SPALDING LLP,1
KING & SPALDING LLP ESCROW;MARSHALL  BINFORD,1
King & Spalding LLP;Vinson & Elkins LLP,1
King and Spalding;Tri-State Generation & Transmisson;Troutman Sanders LLP;Vinson & Elkins LLP,4
King Law Firm,30
King Law Firm P.A.,1
King Law Offices; PLLC,1
Kinnard Law,1
Kinnard; Clayton & Beveridge,3
KINNARD; CLAYTON & BEVERIDGE,1
Kinnard; Clayton & Beveridge;Kinnard; Clayton; & Beveridge,2
Kinsey Law,1
KINSEY; TROXEL  WALBORSKY & BRADLEY PA,1
KIPP L MANWARING,1
Kira Treyvus,1
KIRK  KENNEDY,1
KIRK  MCCORMICK;WATT TIEDER HOFFAR & FITZGERALD TR ACCT,1
Kirk  Thompson,1
Kirk B Roose,5
KIRK B ROOSE,3
Kirk C Chamberlin,1
Kirk C. Thompson Law Office P.A.,1
Kirk C. Thompson Law Office PA,1
Kirk J McCormick,1
Kirk R. Kitzinger; Esq,1
Kirk Thompson,1
Kirkland & Ellis,1
Kirkland & Ellis LLP,3
KIRKLAND & ELLIS LLP,2
Kirkland & Ellis; LLP,3
Kirkpatrick Law Firm,1
KIRSCH & CLARK PLLC,1
Kirsch & Clark; PLLC,1
KIRSCH & CLARK; PLLC,1
KIRSTEN E SMALL,1
Kirsten E Wold,8
Kirton McConkie,2
Kirwin Norris P.A.,1
Kisling Legal Group,2
Kisling Nestico & Redick,2
KISLING NESTICO & REDICK,1
KISLING NESTICO & REDICK LLC,2
"Kisling, Nestico & Redick",1
"Kisling, Nestico & Redick, LLC",2
Kisling; Nestico & Redick,3
KISLING; NESTICO & REDICK,2
Kisling; Nestico & Redick; LLC,1
Kisling; Nestico Redick,1
Kisling; Nestico; & Redick,1
Kitchel Law; PLLC,1
Kitchen & Thornton-Green Esq,1
Kitchens; Benton; Kitchens & Black,2
Kittleman Thomas; PLLC,2
KIUCHI & NAKAMOTO,1
Kivitz and Liptz; LLC,1
Kiyonaga & Soltis; PC,1
Kizza & Johnson; PLLC,1
Kizzia Johnson PLLC,2
Kizzia Johnson; PLLC,1
Klafter Olsen & Lesser,1
Klam Law Firm PLLC,1
Klar; Izsak & Stenger,1
Klar; Izsak & Stenger LLC,1
KLEBANOFF ATTORNEYS,1
Klebanoff Attorneys; P. C.,1
Klebanoff Attorneys; P.C.,1
Klee & Woolf,2
Klee Woolf Goldman & Filpi; LLP,1
"Klee, Woolf, Goldman & Filpi, LLP",1
Klee; Woolf; Goldman & Filpi; LLP,1
KLEIN DENATALE  GOLDNER;RYAN D BRIGHT,1
Klein Law Office,1
Klein; DeNatale; Goldner; et al.; LLP,1
Klein; Rowell & Shall PLLC,1
Klein; Wagner & Morris,4
Klein; Wagner & Morris; LLP,2
KLEINMAN LESSELYONG & NOVAK,1
Kleinman; Lesselyojng; Beltz & Kleinman;,1
KLENDA  AUSTERMAN LLC,2
Kline & Specter,1
Kline & Specter PC,1
KLINE & SPECTER PC,5
Kline & Specter PC; IOLTA;Trust Fund,1
"Kline & Specter, P.C.",2
Kline & Specter;Kline & Specter; PC,3
Kline and Specter PC,1
Kline Law Office; PC,2
Kline McCorkle & Pilger,1
Klitsas & Vercher; P.C.,1
Klores Mitchell PC,1
Klores Perry Mitchell PC DC IOLTA,1
Kluever Law Group; LLC,1
KLUN LAW FIRM P.A.,1
KMW,1
KNA PEARL LAW LLC,1
KNAFO LAW OFFICES,2
KNAPP O'DELL & MACPHERSON PLLC TRTEE,2
Knauf Shaw LLP,1
Knickerbocker Heredia Jasso & Salinas,1
Knickerbocker Heredia Jasso & Salinas PC,1
KNICKERBOCKER HEREDIA JASSO & STEWART PC,1
Knickerbocker Heredia Salinas & Salinas,1
KNICKERBOCKER HEREDIA SALINAS SALINAS PC,2
"Knickerbocker, Heredia, Salinas & Salinas, P.C.",1
Knickerbocker; Heredia; Salinas,1
KNICKERBOCKER;HEREDIA;JASSO&STEW.;PC,1
KNIGHT & WHITTINGTON LLC,1
KNIGHT DAHOOD EVERETT SIEVERS & DAHOOD,1
Knight Dahood Everett Sievers & IOLTA,1
KNOBBE; MARTENS; OLSON & BEAR LLC,1
KNOTT & BERGER LLP TRUST ACCOUNT,1
Knott & Boyle; PLLC,2
Knowles Law Firm,1
Knudtson & Nutter LLP;Maureen E Nutter,1
KNUT S JOHNSON TRUST ACCT,1
Kober Law Firm LLC,1
Koby  Kirkland,1
KOBY  LANGLEY;THE LANGLEY LAW GROUP LLP IOLTA,1
Koby Benny,1
Koeppel Clark LLC,1
Koeth Rice & Leo,1
KOGLMEIER LAW GROUP PLC,1
KOHLHOFF & WELCH,1
Kohn Kohn Colapinto LLP Cl Tr Acct,1
Kohn Law Firm,2
Kohn Rath Danon Lynch & Scharf; LLP,1
Kohn Rath; LLP,1
Kolias Law Offices,1
Kolker Law Firm LLC,1
Koller Law LLC,2
"Koller Law, LLC",1
Koller Law; LLC,1
Kolodny Law Firm PLLC,1
Kolsby Gordon Robin & Shore PC,1
Komie and Associates,2
KONCILJA & KONCILJA PC,1
Konoski & Partners,6
Konoski & Partners P.C.,7
Konoski & Partners PC,5
"Konoski & Partners, P.C",1
"Konoski & Partners, P.C.",65
"KONOSKI & PARTNERS, P.C.",5
"KONOSKI & PARTNERS, P.C. d/b/a THE FEDERAL APPEALS FIRM",1
"Konoski & Partners, PC",11
"KONOSKI & PARTNERS, PC",1
Konoski & Partners; P.C.,22
KONOSKI & PARTNERS; P.C.,4
Konoski & Partners; PC,2
KONOSKI & PARTNERS; PC,2
Konoski and Partners PC (MINN),1
"Konoski and Partners, P.C.",1
KOOL;QUELLER FISHER DIENST SERRINS WASHOR &,1
KOONTZ & SMITH,1
Koonz McKenney Johnson DePaolis,1
Koonz; McKenney; Johnson,1
Koonz; McKenney; Johnson & DePaolis LLP,1
Koonz; McKenney; Johnson; DePaolis,1
Koplin Law LLC,4
Kopstein & Assocates LLC,1
"Kopstein & Associates, LLC",2
"Korsunskiy Legal Group, P.C.",1
Korsunskiy Legal Group; P.C.,1
Korunsky Legal Group PC,1
Koshkaryan Law Group PC,1
Koshkaryan Law Group; P.C.,2
Koskoff; Koskoff & Beider,1
Koskoff; Koskoff & Bieder,1
Koskoff; Koskoff & Bieder; PC,1
Kottler & Kottler,1
KOTTLER & KOTTLER,1
Kotzker Shamy PL,1
Kousoulas & Associates PC,1
"Kozak & Davis, P.C.",1
KP Law,1
KP Law; LLC,1
KP LAWS LLC,1
Krabbe Law Offices LLC,2
Kraft Davies PLLC,1
KRAFT PALMER DAVIES,1
Kraftson Caudle,2
Kraftson Caudle LLC,1
Kraig and Kraig,1
Kraig L Rushing,2
"Krall Law Offices, PLLC",1
KRALOVEC JAMBOIS & SCHWARTZ,1
Kralovec Jambois & Schwartz Law Firm,2
Kralovec; Jambois & Schwartz,2
Kram & Wooster,1
Kramer Levin Robbins Russell; LLP,1
Kramer Rayson LLP,1
Kramon & Graham PA,1
Krankemann Petersen IOLTA,1
"Krasnow, Keller & Boris PC",1
Krass Law Firm,2
Krause & Kinsman; LLC,2
Krause Law Firm; PLLC,1
Krause Law PLLC,1
Krause Law; PLLC,2
Krause; Earwood and Ward; P.C.,1
Krebs Farley PLLC,1
Kreger & Thacker,1
Kreger Thacker LLP,2
Kreiger Thacker,1
KREINDLER & KREINDLER IOLA ACCOUNT;MEGAN W BENETT,1
Kreindler & Kreindler LLP,15
KREINDLER & KREINDLER LLP,6
KREINDLER & KREINDLER LLP IOLA,1
KREINDLER & KREINDLER LLP IOLA ACCT,1
KREINDLER & KREINDLER LLP IOLTA ACT,1
"Kreindler & Kreindler, LLP",1
Kreiner & Peters,1
KREINER & PETERS  CO LPA,1
Kreiner & Peters Co L.P.A,1
Kreiner & Peters Co LPA,1
Kreiner & Peters Co.; LPA,1
Kreiner & Peters Co.; LPA rep ANSR/Pekin,1
Kreiner & Peters Co.;LPA,1
Kreiner & Peters Company,1
Kreiner & Peters LPA,1
"Kreiner & Peters, Co. LPA",1
Kreizer Law,1
Krentzel & Guzman LLP,1
KRIEZELMAN BURTON AND ASSOCIATES LLC,1
Kriezelman Burton and Associates; LLC,1
KRIGSFELD & ASSOCIATES,1
KRIS  MULLINS,1
Krissman & Silver LLP,1
KRISSMAN and SILVER; LLP,1
Krista C Geddes Law Offices,1
Krista M Bartholomew,1
KRISTAL L HIGINBOTHOM,1
KRISTEN  PEARSON,1
Kristen  Van Fossan,3
Kristen Monsell,1
Kristen N Van Fossan,1
KRISTI CULBERTSON LITTLE MENDELSON,1
Kristin  Culberston;Littler  Mendelson,1
Kristine Leydag,1
Kristof Law Offices,1
kristopher  Kleiner,1
Kristy  Sanchez,1
Kroll; Rubin & Tracy,4
Kroontje Law Office PLLC;Law Offices of Harry J. Binder and,2
Krooth & Altman LLP,1
KRUKOWSKI & COSTELLO SC,1
Krutch Lindell Bingham Jones; PS,2
Kryder Law Group LLC,1
Krzywicki & Associates,1
KS Bar Foundation,5
Kubacki Law PLLC,1
Kuehn; Beasley & Young; P.C.,3
Kuehn; Beasley; & Young,1
Kuhrt; Fernia & Kuhrt; LLC,1
Kujawski & Associates,2
KUJAWSKI & DELLICARPINI AS ATTORNEYS;KUJAWSKI & DELLICARPINI ESQ,1
Kujawski & Kujawski,1
KUJAWSKI & KUJAWSKI PLLC IOLA A/C,1
Kuldip  Dhariwal,1
Kunkel Law Firm,1
KUNTZ & LAUGHLIN,1
KUNTZ LAUGHLIN AND HORN,1
Kurt  Hamrock,1
KURT  OFFNER,1
KURT A. GOERING; PC,1
KURT C BENDIXSEN PC LAWYER TRUST ACCT,1
KURT E BRATTEN;O'CONNELL & ARONOWITZ,1
Kurt F Hausler,1
KURTZ LAW OFFICE LTD,1
Kurzban Kurzban Tetzeli & Pratt; P.A.,1
Kurzban Kurzban Weinger & Tetzeli; P.A.,1
KURZBAN KURZBAN WEINGER & TETZELL PA,1
Kurzban Kurzban Weinger Tetzeli & Pratt,1
Kurzban; Kurzban; Tetzeli & Pratt; P.A.;Law Office of Tom Mosley,1
Kushner & Kushner,3
Kushner and Kushner Attorneys,1
Kutack Rock LLP,1
Kutak Rock LLP,6
Kutner Rubinoff & Moss,1
Kuvara  Law Firm,1
Kuvara Law Firm,1
KUVARA LAW FIRM,1
Kuveikis Law; P.C.,2
Kuykendall Group LLC,1
Kuzyk Law LLP,1
Kwitoski & Associates PLLC,8
Kwok Daniel LTD LLP,1
KY BAR FOUNDATION IOLTA,1
KYL  SAUNDERS,1
Kyle  Madison,1
Kyle  Saunders,20
KYLE  SAUNDERS,53
Kyle  Sciolaro,1
Kyle  Wallor,1
Kyle J Saunders,11
KYLE J SAUNDERS,17
KYLE S FISCHER,1
Kyle Sciolaro,1
"Kyle Sciolaro, LLC",20
Kyle Sciolaro; LLC,1
"Kyle Scioloaro, LLC",1
Kyle Stucki & Associates LLC,1
Kyra K Plier & Associates,1
L BISHOP AUSTIN ATTORNEY AT LAW,1
L JACK  GIBNEY,2
L P Strom JR PA,1
L Phillip  Canova,1
L R FRIED,2
L. Justin Lowe PC,1
L. Michael  Maddox,1
L. Richard  Fried,1
L. STEPHEN  HESS;SALSBURY CLEMENTS BEKMAN MARDER & ADKINS,1
La  DElfa,1
La Sorsa & Beneventano,1
LA Superlawyers Inc.,1
LA SuperLawyers Inc.,1
LaBarre Law Offices,1
LaBARRE LAW OFFICES P.C.,1
Labor Union FNV Netherlands,1
Laborde Earles Injury Lawyers,4
Laborde Earles Law Firm,1
Labrum Law,1
Labrum Law PLLC,1
LACEY  HOUGHTON,1
Lacey Kane PS,1
Lachman & Gorton,15
Lachman Gorton Law Firm,1
"Lachman, Gorton Law Firm",2
LaCroix; Levy & Barnett LLC,1
LACROIX; LEVY & BARNETT; LLC,1
LaCroix; Levy; & Barnett LLC,1
LACY KANE PS POOLED CLIENT TR ACCT;SCOTT M KANE,1
Lacy Law Firm,1
Lacy Law Offices,1
Lacy Price & Wagner PC,1
Lacy; Price & Wagner; P.C.,2
Ladah Law Firm Pllc,1
LADAS & LADAS PC,1
Ladenburg Law; PLLC,1
LADENBURG MCKASY DURKIN INC P.S.,1
Ladendorf Law,1
LADONA  SORENSON,1
Lady Lawyers,1
LAFAVE WEIN & FRAMENT PLLC,1
Lafky & Lafky,1
LaGamba Law Firm,1
Laird Hammons Laird; PLLC,1
Laird Law PLLC,8
Laird Law; PLLC,1
LAIZURE & THETFORD PLLC,1
Laizure Law PLLC,1
Laizure Law; PLLC,2
Laizure Law; PLLC Trust Account,1
Lake Tindall; LLP,1
Lakin & Wille LLP,1
Lakin & Wille; LLC,1
Lakin & Wille; LLP,1
Lakin and Willie,1
"Lakin Law Firm, LLC",1
Lallo & Feldman Co LPA,1
LaMalva Geoffroy & Oeland,2
Lamb & Kawakami LLP,1
Lambert & Lambert PLLC,1
Lambert Coffin,4
LAMBERT COFFIN TRUST,1
Lambert Dunn & Associates,1
Lambrou Law Firm PC,1
Lamis J Deek,1
LANA C GLENN,1
Lanak & Hanna,1
Lance  Schuster,1
Lance Brown and Associates; LLC,2
Lance Hauer,1
Lance J Curtis,1
Lance Jay Luchnick Law,1
LANCE L JOSEPH,1
Lance S Rosen,1
Land Parker & Welch IOLTA,1
Land; Parker & Welch PA,1
Landau Law LLP,1
Landberg Law Office,1
Landerholm; P.S.,1
Landero Law Office,2
Landon & Associates; LLC,1
LANDSKRONER GRIECO MADDEN; LLC,1
Landsman & Ronald,1
Landsman & Ronald LLC,1
Landye Bennett Blumstein LLP,1
Landye Bennett Blumstein LLP; IOLTA,1
Lane & Ducheine,1
Lane Muse Arman and Pullen,1
Lane Powell PC,1
Langacker Law,1
LANGDON & EMISON TRUST ACCT,1
LANGE LAW FIRM,1
Langer & Langer,1
Langer & Langer Attorneys,1
Langione; Catterson & LoFrumento; LLP,1
LANGLEY & BANACK INC,1
Langley & Banack; Inc.,1
Langley & Bromberg LLC,2
Langone and Fasullo; PLLC,1
Langrock Sperry & Wool LLP,1
Langrock; Sperry & Wool LLP,2
Langton & Alter,87
LANGTON & ALTER,1
"Langton & Alter, ESQS",28
Langton and Alter,9
Lanier Fountain & Ceruzzi,1
Lanier Law Group,1
LANIER LAW GROUP,1
Lanier Law Group PA,1
Lanier Law Group; PA,1
Lanier; Fountain & Ceruzzi,1
Lannom & Williams PLLC,9
Lanser & Kubitscheck,1
Lanser & Kubitschek,1
LANSNER & KUBIRSCHEK,1
Lansner & Kubitschek,1
Lapapa Law Group,2
Lapekas Law PA,1
Lapekas Law; P.A.,1
Lapeze & Johns P.L.L.C.,2
Lapeze & Johns PLLC,8
LAPEZE & JOHNS PLLC,2
"Lapeze & Johns, P.L.L.C.",1
"Lapeze & Johns, PLLC",1
LAPEZE & JOHNS; PLLC,1
Lapidus Law Firm PLLC,1
Lapidus Law Firm; PLLC,1
LAPLANTE S GOLDMAN,1
LaPlante Sowa Goldman,1
LAPMK CLIENTS FUND,1
Lara Law Firm PLLC,3
Lareybi & Associates,1
Larkin & Fern,2
Larkin & Fern PLLC,3
"LaRose & Bosco, Ltd",1
Larrick  Stapleton,1
Larrick B. Stapleton; P.C.,1
Larrimore & Farnish LLP,1
LARRY  ANDERSON,1
LARRY  JENT,1
LARRY  KING,1
Larry  Maton,1
LARRY  PLANK,1
Larry  Price,1
Larry  Prosen,1
LARRY  RABINEAU,1
LARRY  SCHOR,1
Larry  Sturgill,1
LARRY  TOWNSLEY,1
LARRY  WATTS,1
LARRY  WITTENBERG,1
Larry C Williams,1
Larry D Cohen,1
Larry D Helvey;Robert T Rosenstiel,2
Larry D Helvey;Winstein; Kavensky & Cunningham LLC,1
Larry D Parks,1
Larry D Plank,1
LARRY D PLANK ATTORNEY AT LAW,1
Larry D. Cohen; LLC,1
Larry E Conley,1
Larry E Newman,1
Larry H Parker,1
LARRY H PARKER,3
LARRY H PARKER LAW OFFICES,1
Larry Helvey Law Firm,1
LARRY I MOORE,1
LARRY J FELDMAN LLC,1
LARRY J PITTS,1
LARRY J STEIN,2
Larry J Wagner,1
LARRY JENT,1
Larry K. White; LLC Trust Account,2
LARRY L MATON,1
Larry M Spears,1
LARRY N SOKOL ATTORNEY AT LAW CLIENT;TRUST ACCOUNT,1
LARRY O FORD;MEYER FORD & GLASSER,1
LARRY O FORD;MEYER FORD & GLASSER TR ACCT,1
Larry O Ford;Michael  Miskowiec,1
Larry Pleasants Professional Corporation,1
Larry Press; Inc.,1
LARRY R GLAZER;NICOLETTE  GLAZIER,1
LARRY T RICHARD,1
Larsen & Slover,1
Larsen Law Firm; P.C.,1
Larson Griffee & Pickett PLLC,2
Larson Kuper Wenninghoff & Carney,1
Larson Law Firm,1
Larson Law Firm. P.C.,1
Larson O'Brien LLP,1
Larson O'Brien LLP;Lewis Rice LLC,1
Larson Obrien LLP,1
Laskin Balma Attorneys at Law,2
Lasky Cooper Law,1
Lasky Law Group,6
LASKY LAW GROUP,1
LASKY LAW GROUP;LORI  GILES,1
Latham & Watkins LLP,12
LATHAM & WATKINS LLP,1
Latham & Watkins;Lawyers Comm for Civil Rights Under Law;William J. Brennan Jr Center for Justice,3
Lathan & Watkins LLP,1
Lathrop & Gage LLP,13
Lathrop Gage LLP,2
Lathrop GPM LLP,1
Latino Justice PRLDEF,2
LatinoJustice PRLDEF,1
LATITUDE  SUBROGATION SERVICES,1
Latitude Subrogation Service,1
Latitude Subrogation Services,11
LATITUDE SUBROGATION SERVICES,2
Latitude Subrogation Services LLC,5
"Latitude Subrogation Services, LLC",2
Latitude Subrogation Services; LLC,2
Latitude Subrogation Services; LLC;The Schmidt Law Group; PC,2
Latorre Law Firm,2
LATOS LATOS & ASSOCIATES PC,1
Latour & Associates; P.A.,1
Latour & Associates; PA,1
Latour and Associates; P.A.,3
Latour and Associates; PA,2
LaToya  Berry,1
Latti & Anderson LLP,1
LATTI & ANDERSON LLP,1
Lattitude Subrogation Services LLC,1
LAU LANE PIEPER CONLEY & MCCREADIE PA,1
Laub & Laub Law Firm,1
LAURA  BROWN;WILLIAMS & BROWN LLP,1
Laura  Colella,1
LAURA  FINE MORO PC,1
Laura  Funk,1
Laura  Holland,1
Laura  Kambur,1
LAURA  LICHTER,1
LAURA  MALDONADO-RODRIGUEZ,1
Laura  Tovinsky,1
Laura  Vedder,2
Laura B Waller,2
LAURA C DAVIS,1
Laura C Holland,1
Laura E Krank,1
Laura J Conyers-Mullins,1
Laura Krank Law Office of Rohlfing,1
LAURA L LICHTER,1
Laura M Sasaki,1
LAURA R CROWLEY,1
Laura Rose  Crowley,1
LAUREATE EDUCATION INC;RICHARD  HUSSEINI & BAKER BOTTS,1
Laurel Ackerman,1
Lauren  Tovinsky,2
Lauren  Weber,1
LAUREN J ZWIRLEIN,1
Lauren M Ellerman,1
LAURENCE  SCHOR,1
LAURENCE EDWARD  ZIEPER,1
LAURENCE P POSNER,1
LAURIE  HIGGENBOTHAM,1
Laurie  Higginbotham,6
Laurie  Higginbotham;Michael  Archuleta,3
LAURIE  HIGGINBOTHAM;MICHAEL  ARCHULETA,1
Laurie  Mapes,1
LAURIE  NIEGO,1
Laurie  Perozzo,2
Laurie A Amell,1
Laurie B Mapes,5
Laurie L Janus,1
LAURIE M HIGGINBOTHAM;MESIROW FINANCIAL STRUCTURED;MICHAEL ARCHULETS &;SETTLEMENTS,1
Lavelle Law,1
Lavelle Law Group,1
Lavelle Law Ltd,1
Lavin & Associates; P.C.,1
Law  Offices of Ralph S. Coppola,1
LAW FIRM OF  SHEARMAN-DENENEA LLC,1
Law Firm of Adele Faust,1
Law Firm of Alan Spivak,4
LAW FIRM OF ALLEN L ROTHENBERG;NEIL M SHUKOVSKY,1
Law Firm of Daniel M Soloway,2
Law Firm of Daniela Labinoti,1
LAW FIRM OF DANIELA LABINOTI,1
Law Firm of Daniela Labinoti PC,1
Law Firm of Davidoff & Associates,1
Law Firm of Dempsey & Dempsey,1
LAW FIRM OF DOMINGO GARCIA,1
Law Firm of Ejike N. Uzor,1
LAW FIRM OF FUSTON PETWAY & FRENCH LLP,1
Law Firm of Javier Villarreal PLLC,1
Law Firm of Joanne DeLong,1
Law Firm of Joseph H. Low IV,1
Law Firm of Ken Ray Underwood,1
Law Firm of Laub & Laub;THOMAS GEORGE ASSOCIATES; LTD.,2
LAW FIRM OF LEO AND ONEIL,1
LAW FIRM OF LORI TUCKER & DAVID KLIBANER,2
Law Firm of Marie A Mattox,1
Law Firm of N Albert Bacharach Jr,1
Law Firm of Nonna Shikh,2
Law Firm of Oscar A Garza,1
Law Firm of Oscar A. Garza,1
Law Firm of Oscar Gauna,1
LAW FIRM OF PATINO AND ASSOCIATES,1
Law Firm of Ray and Associates,1
Law Firm of Richard M Lester;Nelson  Cutter,1
LAW FIRM OF ROBERT J FRANK & ASSOCITES,1
LAW FIRM OF ROBERTO L. SANCHEZ,1
Law Firm of Stephen M Reck & Scott D Camassar LLC,1
Law Firm of Stuart D. Markowitz; P.C.,1
Law Firm of Walter Gabriel; LLC,1
Law Firm of Weltman Weinberg & Reis,1
Law Firm of William G. Sayegh; P.C.,1
Law of Bill D. Hicks; P.C.,1
LAW OF DOMINGO GARCIA LLP,1
LAW OF HARRY BINDER & CHARLES E BINDER,1
Law of James K Walsh;Wilbur Lane Law Firm,2
Law of Offices Ezequiel Reyna; Jr.;,1
Law of Offices of Lawrence D. Rohlfing,1
Law Ofc David Inpyo Lee & Assoc,1
Law Ofc David Inpyo Lee Assoc,1
Law Ofc David Inpyo Lee Assoc.,1
Law Ofc Domingo Garcia LLP,1
Law Ofc Fred Lichtmacher,1
Law Ofc HJ Bender & CE Binder PC,1
Law Ofc Mark Schiffrin PA,1
Law Ofc Martin S Chu & Asso,1
Law Ofc Michael A DeMayo LLP,1
LAW OFC OF ANDREW P MOTEL; LLC,1
Law Ofc of David L. Nelson,1
LAW OFC OF E HONIG ATTY CLIENT TR ACCT,1
LAW OFC OF FRANK J CHRISTY JR,1
Law Ofc of G Karl Bernard & Associates,1
LAW OFC OF JOHN R WESTERMAN CHTD TR ACCT,1
Law Ofc of Kern; Noda; Devine & Segal,1
Law Ofc of Lawrence L. Wesker,2
LAW OFC OF MICHAEL MILLER,2
Law Ofc of PalmerOliver,1
Law Ofc of Paul A. Samakow,1
Law Ofc of Phillip A Austin,1
LAW OFC OF RAUL MEDINA PC,1
Law Ofc of Richard Binko,1
LAW OFC OF ROBERT DAVIS,1
LAW OFC OF ROBT DAVIS,1
Law Ofc of Stephen R Paul,1
Law Ofc of Steven E Collins PLLC,1
Law OFC of Tiongson-Manalang,1
Law Ofc Raymond Feldman Tr Acct;Panish Shea & Boyle LLP Client TR Acct,2
Law Ofc Stuart D. Markowitz PC,1
LAW OFC WAYSON WONG PC CLIENT TR ACCT,1
Law Ofcs Frederic Weinberg & Assoc. PC,1
Law Ofcs Harry J Binder & Charles E Bind,1
Law Ofcs of Andrew Kasmer; P.C.,1
Law Ofcs of Barry A Schultz PC,1
LAW OFCS OF HARRY & CHARLES BINDER,2
LAW OFCS OF HARRY & CHARLES BINDER PC,1
Law Ofcs of Harry J Binder & Charles,1
LAW OFCS OF J. MICHAEL KOCH & ASSOCIATES,1
LAW OFCS OF JAN K APO CLIENT TR,1
Law Ofcs of Jonathan J Sobel,1
Law Ofcs of Larry H Parker,1
Law Ofcs of Lawrence D Rohlfing Inc CPC,1
LAW OFCS OF SCOTT A CANNON IOLTA ACCT;TONY  GLORIOSO,1
Law Ofcs Steven R Dolson,1
Law Off  Harry Binder & Charles Binder,1
Law Off Charles Binder & Harry Binder,1
Law Off Charles E Binder&Harry J Binder,4
Law Off Harry Binder & Charles Binder,2
Law Off Harry Binder & Charles Binder PC,2
Law Off Harry J Binder & Charles Binder,1
Law Off of Binder & Binder LLP,2
Law Off of Charles Binder & Harry Binder,2
Law Off of Dennis McManus,1
LAW OFF OF GREGORY A OLIPHANT PC,1
Law Off of H Binder & C Binder,1
Law off of H. Binder and C. Binder,1
Law Off of Harry Binder & Charles Binder,5
LAW OFF OF HARRY BINDER AND C E BINDER,1
Law Off of Javier Villarreal PLLC,9
Law Off of Jeffrey C Anderson,1
Law Off of Joseph A Romano,1
LAW OFF OF KENNETH A NORSWORTHY LLC,1
Law Off Of Kenneth R Schuster & Assoc,1
LAW OFF OF R JEFF BUSCH;ROBERT J BUSCH,1
Law Off of Robert Davis Jr PLLC,1
Law Off of Ronald W Parnell PC,1
Law Off of Santiago; Rodnunsky; Jones,1
Law Off Randall Craig LOAY,1
Law Off. of Harry Binder & Charl. Binder,1
Law Offces of Binder & Binder,1
Law Offic eof David A. Branch and Assoc.,1
LAW OFFICE  HEIDI IMHOF;RAFAEL  GONZALEZ,1
Law Office Ann Trzynka,2
Law Office Charles & Harry Binder,22
Law Office Charles & Harry Binder; LLP,1
Law Office Charles and Harry Binder,1
Law Office Charles Binder & Harry Binder,4
Law Office Charles Binder Harry Binder,1
Law Office Charles E Binder and Harry J Binder,1
Law Office Charles E. Binder,1
LAW OFFICE CLERKIN; SINCLAIR & MAHFOUZ,1
Law Office fo Lewis B. Insler,1
Law Office Guillermo G. Del Barrio; Jr.,3
Law Office Joe Ray Rodriguez; P.C.,1
Law Office Joseph A Romano;Law Office Joseph Romano,1
Law Office Joseph Romano,1
Law Office Katherine Siegfried,1
Law Office Lawrence Rohlfing,1
Law Office Luis U Leon & Hector A Sura,2
Law Office Martin Taller; APC,1
Law office of  Katherine Siegfried,1
Law Office of Adam Morrell,2
Law Office of Adam White,1
Law Office of Adrian Chapa III; PLLC,1
Law Office of Adrienne Freya Jarvis,2
Law Office of Adrienne Jarvis,1
Law Office of Ahmad Assed,1
Law Office of Alan B Snitzer,1
Law Office of Alan D. Levine,1
Law Office of Alan M. Laskin,1
Law Office of Alan M. Sanders; LLC,1
Law Office of Alana McMains,1
LAW OFFICE OF ALBIN MOSER,3
Law Office of Alex Martinez,2
Law Office of Alexandra T. Manbeck,1
Law Office of Alfonso L Melendez,1
Law Office of Alice Brown,1
"Law Office of Alice W. Ballard, P.C.",1
Law Office of Aliss Sammarco Magenheim;Law Offices of Alissa Magenheim,1
Law Office of Allen Cooper LLC,1
LAW OFFICE OF ALLEN COOPER LLC IOLTA,1
Law Office of Amy Jane Agnew PC,2
Law Office of Amy Kratz,1
Law Office of Amy Martel,1
Law Office of Amy Tipton,1
Law Office of Ana L. Molleda,3
Law Office of Andre Gharibian,1
Law Office of Andrea Flynn Mogensen; PA,2
Law Office of Andrew C Laufer  PLLC,1
Law Office of Andrew C. Laufer; PLLC,1
Law Office of Andrew E. Teitelman,1
"Law Office of Andrew J. Buzzi, Jr. LLC",1
Law Office of Andrew M. Allamian,2
Law Office of Andrew N. Sindler,1
Law Office of Andrew Park; P.C.,1
Law Office of Andrew Sindler,1
Law Office of Andrew T. Koenig,5
Law Office of Andria Catalano Redcrow,1
Law Office of Andy Nguyen,1
Law Office of Andy Van Le & Associates,1
LAW OFFICE OF ANGELA B LODER,1
Law Office of Angela K. Zugman,1
Law Office of Ann Trzynka,23
Law Office of Ann Trzynka LLC,14
"Law Office of Ann Trzynka, LLC",3
Law Office of Ann Trzynka; LLC,1
Law Office of Annette Rutkowski,1
Law Office of Annette Rutkowski LLC,4
Law Office of Anthony A. Flecker,1
Law Office of Anthony Gurvis,1
LAW OFFICE OF ARTA WILDEBOER,2
Law Office of Ashley S Rose,1
Law Office of Attorney Kevin Roach,3
Law Office of Attorney Kevin Roach S.C.,1
LAW OFFICE OF AYNE B. MAJUL,1
Law Office of Ball & Yorke,1
Law Office of Barbara Arnold,2
Law Office of Barbara M. Rizzo,5
Law Office of Barbara Marie Rizzo,2
Law Office of Barry A Schultz,1
LAW OFFICE OF BARRY A SCHULTZ,4
Law Office of Barry A Schultz PC,3
Law Office of Barry A. Schultz,4
Law Office of Barry A. Schultz; P.C.,2
Law Office of Barry Lane,1
Law Office of Barry Pasternack,2
LAW OFFICE OF BEN ABBOTT PC,1
Law Office of Ben Crittenden,1
Law Office of Ben Crittenden PC,1
Law Office of Ben F. Barcus,1
Law Office of Ben Miranda,2
Law Office of Benjamin Hahm,1
LAW OFFICE OF BENJAMIN I WHIPPLE,1
Law Office of Bennett M. Cohen,1
Law Office of Bess M Brewer,1
Law Office of Beverly G Giscombe,1
Law Office of Binder & Binder,5
Law Office of Binder & Binder LLP,3
LAW OFFICE OF BINDER & BINDER LLP,1
Law Office of Binder & Binder; LLP,1
Law Office of Binder & Binder; PC,1
Law Office of Binder and Binder,6
Law Office of Binder and Binder LLP,1
Law Office of Binder and Binder; LLC,1
Law Office of Blake Kremer,1
Law Office of Bobby Garcia,2
LAW OFFICE OF BOBBY GARCIA PC,1
Law Office of Brandon Sua,1
Law Office of Brendan Conley,1
Law Office of Brendan Conley LLC,1
Law Office of Brent J. Newell,5
Law office of Brent M. Ferrel; LLC,1
Law Office of Brent R Cole,1
LAW OFFICE OF BRIAN BRANDT,2
Law Office of Brian K. Branch,1
Law Office of Brian Larsen,1
Law Office of Brian Rayhill,1
Law Office of Brian Toppila,1
Law Office of Bruce A. Lieberman,1
Law Office of Bruce M. Smith; P.A.,1
Law Office of Burg & Brock,1
Law Office of C. Binder & H. Binder,6
Law Office of Carrington Williams,1
Law Office of Carteia V. Basnight,1
Law Office of Casey D. Gish,1
Law Office of Catalina Gracia,1
Law Office of Charles & Harry Binder,3
Law Office of Charles & Harry Binder LLP,2
Law Office of Charles and Harry Binder,1
Law Office of Charles Bender,1
Law Office of Charles Binder,1
Law Office of Charles Binder & Harry J.,1
Law Office of Charles Binder and Harry,1
Law Office of Charles E & Harry J Binder,1
Law Office of Charles E Binder,1
Law Office of Charles E Binder and Harry J Binder,1
"Law Office of Charles E Binder and Harry J Binder, LLP",1
Law Office of Charles E Binder PC,1
Law Office of Charles E. Binder,25
Law office of Charles E. Binder & Harry,1
Law Office of Charles E. Binder & Harry,3
"Law Office of Charles E. Binder & Harry Binder, LLP",2
"Law Office of Charles E. Binder & Harry J. Binder, LLC",1
Law Office of Charles E. Binder and Harry Binder LLP,1
Law Office of Charles E. Binder and Harry J. Binder LLP,1
"Law Office of Charles E. Binder and Harry, LLP",11
Law Office of Charles E. Binder; LLP,1
Law Office of Charles E. Binder;Law Offices of Charles E. Binder,1
"Law Office of Charles F. Hall, IV",1
Law Office of Charles F. Hall; IV,1
Law Office of Charles L. Meyer,1
Law Office of Charles W Coe,1
Law Office of Charles W Lane IV PLLC,1
Law Office of Charles W. Arline; P.A.,1
Law Office of Charlton R. DeVault; Jr.,1
Law Office of Chermol & Fishman; LLC,1
Law Office of Chermol and Fishman. LLC,1
Law Office of Cheryl Kitton,2
LAW OFFICE OF CHRIST S STACEY IOLTA,1
Law Office of Christine A. Rodriguez,1
Law Office of Christopher  Bowes,1
Law Office of Christopher Bowes,6
Law Office of Christopher Brannigan,1
LAW OFFICE OF CHRISTOPHER C CAYCE,1
Law Office of Christopher Fleming,1
Law Office of Christopher H Rivlere,1
Law Office of Christopher H. Fitzgerald,1
Law Office of Christopher J Bowes,1
Law Office of Christopher J. Bowes,2
"Law Office of Christopher J. Bowes, Esq.",2
Law Office of Christopher James Bowes,41
"Law Office of Christopher James Bowes, Esq",1
"Law Office of Christopher James Bowes, Esq.",4
Law Office of Christopher Japp,1
"Law Office of Christopher Rush, P.A.",1
Law Office of Chukwudi Egbuonu,1
Law Office of Chung S Poon,1
Law Office of Claudia C. Bohorquez,1
"Law Office of Clifford Bush, III, LLC",3
Law Office of Cole D Sorenson PLLC,1
Law Office of Collier & Collier; P.C.,1
LAW OFFICE OF COLONNA AND DOYLE,1
Law Office of Cooley and Associates; PLC,1
Law Office of Cornelius D Kasey,1
LAW OFFICE OF CRAIG A. ALTMAN; PC,1
LAW OFFICE OF CRAIG A. BROWN; PLLC,1
Law Office of Craig F. Castle,1
Law Office of Craig Goldenfarb P.A.,2
Law Office of Craig Z Small,2
Law Office of Crystal D. Barnett,1
Law Office of Cy Weiner PLC,1
LAW OFFICE OF CY WEINER PLC,1
"Law Office of Cy Weiner, PLC",2
LAW OFFICE OF CY WEINER;WEINER & ASSOCIATES PLLC,1
Law Office of D. Rohlfing,1
LAW OFFICE OF DALE KASOFSKY PC,1
Law Office of Dale S Kasofsky,1
Law Office of Damon J. LaPorte; PC,1
Law Office of Dan M. Davis,1
Law Office of Dan N. Fiorito; III,1
Law Office of Daniel A Gibalevich,1
LAW OFFICE OF DANIEL BERGER,1
Law Office of Daniel F. Jimenez,2
Law Office of Daniel M O'Leary,1
Law Office of Daniel M. Soloway,1
Law Office of Daniel Parmele,1
Law Office of Daniel S. Simon,1
LAW OFFICE OF DANIEL SANTOS; P.C.,1
Law Office of Daniel Snyder,1
Law Office of Daniel W. Cotter; P.C.,1
Law Office of Daniel Yohalem,1
LAW OFFICE OF DANIELA LABINOTI;REBECCA L FISHER,1
Law Office of Daniels & Ivers,1
Law Office of Darlene Rohr,1
LAW OFFICE OF DARRIN W. MERCIER,1
Law Office of David A Branch and Assoc.,1
Law Office of David A. Branch,1
Law Office of David A. Branch  & Assoc,1
Law Office of David A. Branch & Assoc.,1
Law Office of David A. Miller,1
Law Office of David B. Bell,1
Law Office of David C Ryder,1
Law Office of David Drexler,1
Law Office of David Gladish,1
Law Office of David Guiterrez,1
Law Office of David Henderson,3
Law Office of David J Holdsworth,1
Law Office of David J. Habib,1
LAW OFFICE OF DAVID J. WORKMAN,1
Law Office of David Krausz; P.C.,1
Law Office of David Kuznicki,3
LAW OFFICE OF DAVID KUZNICKI,1
Law Office of David Kuznicki ESQ,1
Law Office of David M. Sturman,1
Law Office of David P. Crandall,1
Law Office of David Stoller; P.A.,1
Law Office of David W. Barlow,1
Law Office of Dayoon Jeong LLC,1
Law Office of Dean Royer,1
Law Office of Debra Hart,4
Law Office of Deidre Powell,1
Law Office of Denton Lessman,1
Law Office of Diana Fuentes Aguilar,1
Law office of Doc Anthony Anderson III,1
Law Office of Doc Anthony Anderson III,1
Law Office of Domingo Garcia,2
LAW OFFICE OF DOMINGO GARCIA LLP,1
Law Office of Donna Thornton-Green,3
Law Office of Doug Newborn,1
LAW OFFICE OF DOUGLAS R STEVENS,1
LAW OFFICE OF DUANE R. GRAEFF TR ACCT,1
Law Office of Duffin & Dibb; P.C.,1
Law Office of E. Marvin Romero,1
Law Office of Edmund V. Smith,1
Law office of Eduardo M. Guzman,1
Law Office of Edward J. Blum,2
Law Office of Edward J. Ehlers,2
Law Office of Edward W. Lloyd & Assoc.,1
"Law Office of Eitan Kassel Yanich, PLLC",6
Law Office of Eitan Kassel Yanich; PLLC,24
Law Office of Eleanor L. Miller,1
Law Office of Elizabeth Smith; P.C.,1
Law Office of Ellie Silverman; P.C.;Law Offices of Gregg A. Pinto,1
Law Office of Elliot H. Fuld; Esq.,1
Law Office of Ellis R. Faught; III; P.A.;Law Office of Ellis R. Faught; Jr.; P.A,1
Law Office Of Emily Mapp Brannon,1
Law Office of Emmett B Irwin PC,1
"Law Office of Enrique Escarraz, III",7
Law Office of Enrique Escarraz; III,5
Law Office of Enrique Lopez,4
LAW OFFICE OF EOWEN S ROSENTRATER PLCC,1
Law Office of Eric C. Awerkamp,3
Law Office of Eric J Land LLC,1
Law Office of Eric Post; PLLC,1
Law Office of Ezequiel Reyna Jr; P.C.,1
Law Office of Ezequiel Reyna Jr.; P.C.,1
Law Office of Ezequiel Reyna; Jr.,1
Law Office of Farmer & Klopfer,1
Law Office of Fernando Pomares; P.A.,1
Law Office of Fidel L. Pena,1
Law Office of Fidel L. Pena III,2
Law Office of Floyd Chapman PLLC,1
Law Office of Francisco J. Rodriguez,1
LAW OFFICE OF FRANCISCO RODRIGUEZ,1
LAW OFFICE OF FRANK J DRISCOLL JR PLLC,1
"Law Office of Frank J. Niesen, Jr.",1
Law Office of Frank S. Clowney III,2
Law Office of Frederic G. Lemberg,1
Law Office of Frederick J. Brynn; PC,1
Law Office of Fredrick J Brynn PC,1
Law Office of Fredrick Mandell,1
Law Office of G. Gary Hanna,1
Law Office of Gabriel D Fernandez,1
LAW OFFICE OF GABRIEL D. FERNANDEZ,1
Law Office of Gary Bruce,1
Law Office of Gary Lee Printy,1
Law Office of Gary M Gilbert & Assoc,27
Law Office of Gary M. Gilbert & Assoc,1
Law Office of Gary M. Gilbert Assoc.,1
Law Office of Gay Carroll-Haring,1
Law Office of Gene J. Goldsman,1
Law Office of Geoffrey B. Kearney,1
Law Office of Geoffrey D. Allen,1
Law Office of George Andre Fields,1
Law Office of George D Reyes,2
Law Office of George J Nelson,1
Law Office of Gerald A. Schwartz,1
Law Office of Gerardo Arriaga,5
Law Office of Geri N Kahn,1
Law Office of Geri N Khan,1
Law Office of Geri N. Kahn,3
Law Office of Gilbert D. Sigala,1
Law Office of Gina M. Corena; PLLC,1
Law Office of Gonzalez & Assoc; LLC,1
Law Office of Greg M. Hobbie,1
Law Office of Gregory A. Yates,1
Law Office of Gregory E. Johnsen,1
Law Office of Gregory Lucett,1
Law Office of Gregory Lucett;Liddy Law Firm;Rosen & Associates,3
Law Office of Gregory M. Kash,3
Law Office of Gregory Marshall; P.S.,1
"Law Office of Gregory P. Mouton, Jr, LLC",1
Law Office of Gregory Parvin,1
Law Office of Griffin; Reynolds & Assoc,1
LAW OFFICE OF GRUNDFAST & HIGHAM LLP,1
Law Office of Gunter Mihaescu,1
LAW OFFICE OF H BINDER AND C BINDER PC,1
Law Office of H Sammy Rihan,1
Law Office of H. Binder & C. Binder,15
LAW OFFICE OF HARNICK & HARNICK,1
Law Office of Harold Skovronsky,4
Law Office of Harold Toscano,1
Law office of Harry & Charles Binder PC,1
LAW OFFICE OF HARRY J BINDER,3
Law Office of Harry J. Binder & Charles E. Binder,1
Law Office of Heather Freeman,2
Law Office of Heather Freeman PC,1
Law Office of Heather Freeman PLLC,3
"Law Office of Heather Freeman, PLLC",14
Law Office of Heather Freeman; LLC,1
Law Office of Heather Freeman; PLLC,22
Law Office of Hector E. Pineiro; P.C.,2
Law Office of Hector J. Tamayo,2
"Law Office of Henry C. Epp, Esq.",1
Law Office of Horacio Barraza,2
Law Office of Hugh Morris,1
Law Office of Hung Q. Nguyen,1
LAW OFFICE OF ILONA BRUSIL,1
Law Office of Ilya E. Lerma; Esq. LLC,1
Law Office of Irene Ruzin,1
Law Office of Isaac D. Zorea,1
Law Office of Ivan M. Katz,2
Law Office of Ivan Michael Katz,3
LAW OFFICE OF J MICHAEL KOCH & ASSOC,1
Law Office of J Patrick Rieder Trust,1
Law Office of J Scott Escujuri,1
Law Office of J. Chrisp,1
Law Office of J. Morgan Passman,1
Law Office of J. Pat Ferraris,1
Law Office of Jack Silver,1
LAW OFFICE OF JAIME ALVARDO,1
Law Office of James A. Lawrence,1
Law Office of James AH Bell PC,1
Law Office of James Allaire,1
Law Office of James B. Lewis,3
Law Office of James E Parrot,1
Law Office of James E. Mahfood,1
Law Office of James E. Swingley,1
Law Office of James J. Filicia,1
Law Office of James L. Kestell,1
Law Office of James Lesar,1
Law Office of James M. Wadleigh; PLLC,2
LAW OFFICE OF JAMES P LYLE P.C.,1
Law Office of James P Lyle PC,1
Law Office of James P. Shea,16
Law Office of James R. Vaughan; P.C.,3
Law Office of James R. Vaughn,1
Law Office of James Swingley,1
Law Office of James Wadleigh,1
Law Office of Jamie R. Hall,1
Law Office of Jan Meyer,1
Law Office of Jan Meyer & Assoc; PC,1
Law Office of Jan Meyer & Assoc.,2
Law Office of Jan Meyer & Associates,2
LAW OFFICE OF JAN MEYER & ASSOCIATES,1
Law Office of Jan Meyer and Associates,1
Law office of Jan Meyer Assciates;Law office of Jan Meyer Associates,1
Law Office of Jan Meyer Assoc,1
Law Office of Jan Meyer Assoc PC,1
Law office of Jan Meyer Associates,1
Law Office of Jan Meyer Associates,1
Law Office of Jan Meyer Associates PC,1
Law Office Of Jan Meyer Associates; P.C.,1
Law Office of Jan Meyer Associates;Law Offices of Jan Meyer Associates,1
Law Office of Janice Williams-Jones,1
LAW OFFICE OF JARED T WALKER PC,1
Law Office of Jared T. Walker,2
Law Office of Jared T. Walker; P.C.,3
Law Office of Jared T. Walker; PC,1
Law Office of Jason Perry,1
Law Office of Jason Stevens,1
Law Office of Jason Waechter,1
LAW OFFICE OF JAVIER N. MALDONADO,1
Law Office of Javier Villarreal,1
Law Office of Jay S. Hanson,1
Law Office of Jeanette A Kelley,1
Law Office of Jeanette A. Kelley,18
"Law Office of Jeff Tom, P.C.",1
Law Office of Jefferson Jelly,1
LAW OFFICE OF JEFFERY J LIPPS,1
Law Office of Jeffrey C. Anderson,4
Law Office of Jeffrey Dahl,1
Law Office of Jeffrey Delott,1
Law Office of Jeffrey L. Light,4
Law Office of Jeffrey L. Light IOLTA,1
Law Office of Jeffrey Light,1
Law Office of Jeffrey R. Hovik,1
Law Office of Jeffrey S. Strom,1
Law Office of Jennifer L. Foster PLLC,1
"LAW OFFICE OF JENNIFER L. FOSTER, PLLC",1
Law Office of Jennifer L. Foster; PLLC,1
LAW OFFICE OF JERRY J TREVINO,1
Law Office of Jerry Reardon,1
Law Office of Jill Ganon-Nagle,1
Law Office of Jim Ammerman II,2
Law Office of Jim Black & Associates,1
Law Office Of Jim Black & Associates,1
Law Office of Jim Zadeh PC,2
Law Office of Joe C. Nwankwo,2
Law Office Of Joe C. Nwankwo,1
"Law Office of Joe Dusek, LLC",1
Law Office of Joe Richard Flores,1
Law Office of Joel M. Chan,2
Law Office of Joel W Black,1
Law Office of Joel W. Black,1
Law Office of John B. McCarthy Jr.,2
Law office of John B. Wells,1
Law Office of John B. Wells,1
Law Office of John Bishof,1
Law Office of John C. Manoog III,1
Law Office of John C. Ye,1
Law Office of John D Sileo LLC,3
Law Office of John Drooyan,1
Law Office of John H Currie,1
Law Office of John H. Currie,1
Law Office of John Kennedy,1
Law Office of John M. Watkins,1
Law Office of John P Matheson,1
Law Office of John R Solis,3
Law Office of John R Walicki; Inc.,1
Law Office of John R. Dean,1
Law Office of John R. Solis,1
Law Office of John Robert Unruh,1
Law Office of John Sileo; LLC,1
LAW OFFICE OF JOHN SOLIS IOLTA ACCT,1
Law Office of John T. Zogby,1
Law Office of John Trop,2
Law Office of John W. Craynock,1
Law Office of Jonathan B. Ambaye,1
Law Office of Jonathan Heeps,3
Law Office of Jonathan Sureck,1
Law Office of Jones Osteen and Jones,1
Law Office of Jonny Russell,1
Law Office of Jordan P. Brewster,1
Law Office of Jorge Luis Rivas Jr,1
Law Office Of Jose R. Fernandez; P.A.,2
LAW OFFICE OF JOSEPH A MIKLASZ; LLC,1
Law Office of Joseph A Romano,3
Law Office of Joseph A. Romano,5
Law Office of Joseph A. Romano; Esq.,1
Law Office of Joseph A. Romano; P.C.,1
Law office of Joseph M. McMullen,1
LAW OFFICE OF JOSEPH MONAHAN,1
Law Office of Joseph PH Ahuna Jr,1
LAW OFFICE OF JOSEPH VAN ACKEREN,1
LAW OFFICE OF JOSEPH WEST,1
Law Office of Joshua D. Gruenberg,1
"Law Office of Joshua Pepper, PLLC",1
Law Office of Joshua Pepper; PLLC,1
LAW OFFICE OF JR RAMIREZ; PLLC,1
LAW OFFICE OF JUAN ABRAHAM PAZ,2
LAW OFFICE OF JUAN R ZAMORA,2
Law Office of Julia Mack; P.C.,1
LAW OFFICE OF JULIE A GAFKAY PLC,1
Law office of Justo M Justo,1
Law Office of K. Vogeltanz LLC,1
Law Office of Karen L. Lawrence,1
Law Office of Karen L. Winters,1
Law Office of Karl E. Osterhout; LLC,4
Law Office of Katherine R Siegfried,1
Law Office of Katherine R. Siegfried,1
Law Office of Katherine Rose Siegfried,1
Law Office of Katherine Siegfried,19
Law Office of Katherine Siegfried; Esq.,1
Law Office of Kathryn Amirpashaie; PLC,1
Law Office of Keith L Magness LLC,1
Law Office of Keith L. Magness,2
Law Office of Kellie T Barnes,1
Law Office of Kellie T. Barnes,2
Law Office Of Kenneth A. Norsworthy LLC,1
Law Office of Kenneth E Berger;McGowan Hood & Felder LLC,1
Law Office of Kenneth Egan,1
Law Office of Kenneth Hiller,16
Law Office of Kenneth Hiller PLLC,1
"Law Office of Kenneth Hiller, PLLC",12
Law Office of Kenneth Hiller; PLLC,3
Law Office of Kenneth Hiller; PPLC,1
Law Office of Kenneth Klein,1
Law Office of Kenneth L. Snyder APC,1
Law Office of Kenneth R. Hiller,3
Law Office of Kevin D. Thompson,1
Law Office of Kevin G. Little,2
LAW OFFICE OF KEVIN G. LITTLE,1
Law Office of Kevin Roach,1
Law Office of Kevin S. Conlogue,1
Law Office of Kevin S. Vogeltanz,1
Law Office of Kevin S. Vogeltanz LLC,2
Law Office of Kirk Rankin & Associates,1
Law Office of L Ciro Sapetto,1
Law Office of Lance Jay Luchnick,1
LAW OFFICE OF LARRY A ZIER,1
Law Office of Larry H Parker Inc,1
Law Office of Larry H. Parker; Inc,1
Law Office of Larry H. Parker; Inc.,3
Law Office of Larry L. Linder; LLC,1
Law Office of Larry Roach,1
Law Office of Laurie Perozzo PLLC,1
Law Office of Lawrence and Lawrence,1
Law office of Lawrence D Rohlfing,2
Law Office of Lawrence D Rohlfing,7
LAW OFFICE OF LAWRENCE D ROHLFING,1
Law office of Lawrence D Rolhfing,1
Law Office of Lawrence D. Rohlfing,53
LAW OFFICE OF LAWRENCE D. ROHLFING,1
"Law Office of Lawrence D. Rohlfing, Inc.",1
Law Office of Lawrence D. Rohlfing; Inc.,2
Law office of Lawrence D. Rolfing,1
LAW OFFICE OF LAWRENCE M. MONAT,1
Law Office of Lawrence Rohlfing,3
Law Office of Lawrence T. Niermeyer,1
Law Office of Levy & Levy PA,1
Law Office of Lewis B Insler,6
"Law Office of Lewis B, Insler",1
law Office of Lewis B. Insler,1
Law office of Lewis B. Insler,1
Law Office of Lewis B. Insler,11
Law Office of Lewis-Crawford,3
Law Office of Linda Cardenas-Subias,1
Law Office of Lisa A Taylor,2
Law Office of Lisa A. Elizondo,1
Law Office of Lisa A. Taylor,1
LAW OFFICE OF LLOYD ROBLES PC,1
Law Office of Lorre Sylvan Smith,1
"Law Office of Louis F. Robbio, PLLC",3
Law Office of Louis P. Chiozza,1
Law Office of Louis P. Chiozza; Jr.,2
Law Office of Lowell J. Kuvin,1
Law Office of Lucero & Howard LLC,1
Law Office of Luis U. Leon,1
"Law Office of Lydia Charles, LLC",1
Law Office of Mabel N. Orue,1
"Law Office of Marc Boutwell, PLLC",1
Law Office of Marc C. DeSalvo; P.C.,1
Law Office of Marc Mezibov; Inc.,1
LAW OFFICE OF MARIA SPERANDO,1
Law Office of Maridith E. Ramsey PLLC,1
Law Office of Mark B Morse,1
Law Office of Mark C. Dewland,1
Law Office of Mark E. Barbour,1
Law Office of Mark E. Porter,1
Law Office of Mark J. Keller,1
LAW OFFICE OF MARK S GILCREST,1
"Law Office of Martie Garcia Vela, P.C.",1
Law Office of Martin G Castillo,2
Law Office of Martin Taller,1
Law Office of Martin Taller; APC,12
"Law Office of Maryjean Ellis, LLC",1
Law Office of Mason Yost,1
Law Office of Matt Liebenhaut; PLLC,1
Law Office of Matt Uhrig,1
LAW OFFICE OF MATT UHRIG,1
Law Office of Matt Uhrig LLC,1
Law Office of Matthew Brekhus,1
Law Office of Matthew P. Tyson;Matthew P Tyson,2
Law Office of Matthew Pare,1
Law Office of Matthew Philbrook,1
Law Office of Matthew Williams,1
"Law Office of Maury B. Watts, III",1
Law Office of Maury B. Watts; III,1
Law Office of Mazza and Welch,1
Law Office of McCarthy & Beavers,1
Law Office of McCombs and Abel,4
Law Office of Meredith Holley,1
Law Office of Meryl Anne Spat,1
Law Office of Michael A. Malyuk,4
Law Office of Michael A. Medder,1
Law Office of Michael and Burch LLP,1
Law office of Michael Archuleta,3
LAW OFFICE OF MICHAEL AVERY SR PC,1
Law office of Michael C. George,1
Law Office of Michael C. Ginart Jr.,1
Law Office of Michael D. McLachlan,1
Law Office of Michael DJ Eisenberg,1
Law Office of Michael E. Larkin,2
Law Office of Michael G. McKneely,1
LAW OFFICE OF MICHAEL GOPIN PC,3
LAW OFFICE OF MICHAEL GOPIN;RICHARDO  RIOS,1
Law Office of Michael J. Gopin,1
LAW OFFICE OF MICHAEL J. GOPIN,1
Law office of Michael J. Gopin PLLC,1
Law Office of Michael J. Gopin;PC,1
LAW OFFICE OF MICHAEL KAMBOURIS,1
Law Office of Michael L. Avery; Sr.; PC,1
Law Office of Michael Maurer;Law Offices of T.H. Ainsworth; III,1
Law Office of Michael P. Weisberg,1
LAW OFFICE OF MICHAEL R GREEN,1
Law Office of Michael R. Green; PLLC,1
Law Office of Michael S. Fields Inc,1
Law Office of Michael S. Lamonsoff,1
Law Office of Michael Shemtoub,1
Law Office of Michael W Patrick,1
Law Office of Michael West,2
LAW OFFICE OF MICHEAL C. GEORGE,1
LAW OFFICE OF MICHELE E CHESS,1
Law Office of Michelle Burrows; PC,1
Law Office of Michelle R. Burrows,1
Law Office of Michelle S. Michelson,1
Law Office of Mifflin & Associates,1
Law Office of Miguel A Elias,1
Law Office of Mitchell A. Carp,1
LAW OFFICE OF MITCHELL J RICH,1
Law Office of Mitchell S. Wong,1
Law Office of Mohaimina Haque; PLLC,1
Law Office of Morris Bart; LLC,1
Law Office of Morris E. Fischer; LLC,1
"Law Office of N. Albert Bacharach Jr., P.A.",1
Law Office of N. Albert Bacharach; Jr.,1
Law Office of Nadir O. Ahmed,1
Law Office of Nancy J. Meserow,8
Law Office Of Nancy J. Meserow,1
Law Office of Nancy K. McCombs,2
Law Office of Nancy Philips,1
Law Office of Nancy Phillips,2
Law Office of Nancy W. Phillips,1
Law Office of Nathan W. Jeppsen,1
Law Office of Neal H. Sobol; A Law Corp,1
"Law Office of Neil S. Hyman, LLC",1
Law Office of Neil S. Hyman; LLC,1
LAW OFFICE OF NGUYEN CONG BINH,1
Law Office of Nicholas Martino; Jr.,1
"Law Office of Nicole Meyers, APC",1
LAW OFFICE OF NICOLINI PARADISE,1
Law Office of Norman M. Finkelstein; APC,1
LAW OFFICE OF NUGENT & NUGENT,1
Law Office of O'Keefe & Gale,1
Law Office of Odalys Nodarse-Buscemi,1
Law Office of Ogle; Elrod & Baril; PLLC,1
LAW OFFICE OF OSCAR A. GARZA,2
Law Office of Oti Nwosu,1
Law Office of Pardue & Coskrey,1
Law Office of Pat Cresta-Savage,1
Law Office of Patrice L Simonelli,1
Law Office of Patricia A. Hernandez,1
Law Office of Patricia L. McCabe,1
Law Office of Patrick Scott; PLLC,1
LAW OFFICE OF PATRICK TRACY,1
LAW OFFICE OF PAUL A. SACK; P.A.,1
Law Office of Paul A. Samakow,4
Law Office of Paul E. Clancy; Jr,1
Law Office of Paul Mankin,3
"Law Office of Paul Mankin, APC",1
Law Office of Paul Maxon PC,1
"Law Office of Paul O'Dwyer,  P.C.",1
"Law Office of Paul O'Dwyer, P.C.",1
Law Office of Paul R. Bennett,2
Law Office of Paul S. Cantor,2
Law Office of Paul Schofield; LLC,1
Law Office of Paul W. Bryan; PLLC,1
Law Office of Peggy J. Reali,1
Law Office of Pejman Maadani; PLLC,1
Law Office of Peter Broida,1
Law Office of Peter C. Perez,1
Law Office of Peter E Zimnis,1
Law Office of Peter G Angelos PC,1
Law Office of Peter H. Edwards,5
Law Office of Peter T. Nicholl,1
Law Office of Peter Wilborn,2
Law Office of Philip A Dales III,1
Law Office of Philip M. Goo; PLLC;Treasurer State of Connecticut,3
"Law Office of Phillip M. Murphy, II",1
Law Office of Phuc Dinh,1
Law Office of Porter; Nordby; Howe,1
Law Office of Raja Shahid,2
Law Office of Ralph Ertz,4
LAW OFFICE OF RALPH ERTZ,1
LAW OFFICE OF RANDALL C RECHS,1
Law Office of Randall C. Rechs,1
Law Office of Randall R. Milazzo; PC,2
Law Office of Randall S Fudge,1
Law Office of Randall S Fudge PC,1
"Law Office of Raphael J. Santini, P.A.",1
Law Office of Raul A Guajardo,1
Law Office of Raymond Buendia,1
LAW OFFICE OF RAYMOND SARRAF;SubroClaims Inc.,2
Law Office of Regina Walker,4
Law office of Renee L. Campbell,1
Law Office of Reynaldo M Merino,1
Law Office of Ricardo E Calderon,1
Law Office of Ricardo M. Adobbati,1
Law Office of Richard A Culbertson,1
LAW OFFICE OF RICHARD A HRICIK PA,1
Law Office of Richard A. Culberson,1
Law office of Richard A. Culbertson,1
Law Office of Richard A. Culbertson,79
Law Office of Richard A. Culbrtson,1
Law Office of Richard B Grabow LLC,3
Law Office of Richard B. Grabow LLC,1
LAW OFFICE OF RICHARD D GRONNA CLIENT'S;TR ACCT IOLTA,1
Law Office of Richard E. Johnson,2
Law Office of Richard Guerrero,1
Law Office of Richard Hay,1
Law Office of Richard Hoffman,1
Law Office of Richard Huizenga,1
Law Office of Richard J. Hackerman; P.A.,2
Law Office of Richard J. Karam,1
Law Office of Richard Johnson,1
Law Office of Richard Klein,3
Law Office of Richard L. Zayas,1
LAW OFFICE OF RICHARD M. HAWKINS,1
Law Office of Richard R Klein and Assoc,1
Law Office of Richard R Klein and Assocs,2
Law Office of Richard R. Klein & Associates,1
"Law Office of Richard R. Klein, Esq.",1
"Law Office of Richard R. Klein, LLC",2
Law Office of Richard R. Lane,1
Law Office of Ricky D Green PLLC,1
Law Office of Riley L. Fenner,1
LAW OFFICE OF ROBB ORTMAN,1
Law Office of Robert A Raskas,1
Law Office of Robert B. Sarvian,1
Law Office of Robert B. Stanewich,1
Law Office of Robert C Buckley,1
Law Office of Robert C Buckley; Esq,1
LAW OFFICE OF ROBERT C WILLIAMS;LAW OFFICE OF ROBERT C WILSON;ROBERT C WILSON GENERAL TRUST ACCT;TAMMI N JACKSON,1
"Law Office of Robert C. Buckley, Esq.",2
Law Office of Robert C. Buckley; Esq.,2
Law Office of Robert Castro,1
LAW OFFICE OF ROBERT D STONE LLC,1
LAW OFFICE OF ROBERT DAVIS; JR.,1
Law Office of Robert J. Smith,1
Law Office of Robert King PLLC,1
"Law Office of Robert King, PLLC",1
Law Office of Robert L Goldstein,1
LAW OFFICE OF ROBERT L. LEWIS,1
"Law Office of Robert M. Turkewitz, LLC",1
Law Office of Robert Marinelli,1
Law Office of Robert R. Castro LLC,1
LAW OFFICE OF ROBERT RUBENSTEIN,1
"Law Office of Robert Shannon Morgan, PLLC",1
Law Office of Robert Spretnak,1
Law Office of Robert Ukeiley,4
LAW OFFICE OF ROBERT UKEILEY,1
Law Office of Robert W. Jackson; APC,1
Law Office of Robert Wallenstein,1
LAW OFFICE OF ROBERTO C MONTIEL,1
Law Office of Robyn S. Hosmer,1
Law Office of Roger Moore,1
Law Office of Rohlfing & Kalagian,1
Law Office of Rohlfing & Kalagian; LLP,1
Law Office of Rohlfing and Kalagian,2
Law Office of Rohlfing and Kalagian; LLP,3
Law Office of Rolando D. Cantu,1
Law Office of Ronald A. Yarris,1
Law Office of Ronald D Honig,4
Law Office of Ronald D. Honig,10
LAW OFFICE OF RONALD D. HONIG,1
Law Office of Ronald J. Honig,2
Law Office of Ronald L. Altherr,1
Law Office Of Ronald Sholes,1
Law Office of Ronald Yarris,1
Law Office of Ronnie L Williams,1
Law Office of Ronnie Williams,1
Law office of Rosemary Flores-Andrade,1
Law Office of Rosemary Flores-Andrade,2
Law Office of Ross & Hill; PLLC,1
Law Office of Roy Epstein;Law Offices of Rhoda Yabes Alvarez,2
LAW OFFICE OF ROY W ANDERSON JR,1
Law Office of Roy W Anderson Jr; LLC,1
Law Office of Russel R. Bowling,1
Law Office of Russell J Jordan,1
Law Office of Ruth Ann Azeredo LLC,3
Law Office of Ruth Ann Azeredo; LLC,1
Law Office of Ryan  T Hughes LLC,1
LAW OFFICE OF RYAN S. GOLDSTEIN PLLC,1
LAW OFFICE OF SALVATORE P.J. VITO; P.C.,1
Law Office of Samer Habas & Assoc,1
Law Office of Samer Habas & Assoc.,1
Law Office of Sandra D. Parker,1
Law Office of Sandra M. Radna; P.C.,1
Law Office of Sara Kropf PLLC,1
Law Office of Sarah Crosby,3
Law Office of Scott Eaton; P.C.,1
Law Office of Scott Holmes,1
Law Office of Scott Seskin,1
Law Office of Sean M. Burke,1
"Law Office of Sean M. Wilson, LLC",1
Law Office of Sean W. O’Connell,1
LAW OFFICE OF SERGIO LOZANO PLLC,1
Law Office of Seth Thompson,1
Law Office of Settano & Hill,1
Law Office of Sharmine Persaud,1
Law Office of Shea Fugate,2
Law Office of Shellana Welch; LLC,1
Law Office of Shelle L Zeise,1
Law Office of Shiloh K. Hoggard PLLC,1
Law Office of Sim; Parvathaneni & Brown,1
LAW OFFICE OF SPEROS P. MANIATES,2
Law Office of Stefon A. Jones,1
Law Office of Stephen D. Wicks,1
Law Office of Stephen E Gertler,1
LAW OFFICE OF STEPHEN FELICE,1
LAW OFFICE OF STEPHEN H OSBORNE LTD,1
Law Office of Stephen J Carriero LLC,1
LAW OFFICE OF STEPHEN J. FELICE,1
Law Office of Stephen L. Raymond; Esq.,1
Law Office of Stephen M. Jackel,1
"Law Office of Stephen P. Maguire, Inc.",1
Law Office of Stephen P. Maguire; Inc.,1
Law Office of Stephen Stallings; Esq.,1
Law Office of Sterling DeRamus,1
Law Office of Steve Lihosit,1
Law Office of Steven A. Kluxen,1
Law Office of Steven Barkin,1
LAW OFFICE OF STEVEN DUDITCH,1
Law Office of Steven E Amster,1
Law Office of Steven E. Amster,2
Law Office of Steven H. Schultz,1
Law Office of Steven I. Fried,1
Law Office of Steven J. Jacobson,1
Law Office of Steven J. Plotkin,2
Law Office of Steven L. Victor,1
Law Office of Steven M Robey,5
LAW OFFICE OF STEVEN M ROBEY,2
Law Office of Steven M. Chabre,1
LAW OFFICE OF STEVEN M. ROBEY,2
LAW OFFICE OF STEVEN R DOLSON,1
LAW OFFICE OF STEVEN ROBEY,1
Law Office of Steven V. Harthorn,1
Law Office of Suizi Lin;Stephen H. Cornet; APC,1
Law Office of Sutton Slover PC,1
Law Office of Sylvia L. Esparza,2
Law Office of Tamara Ansari,1
Law Office of Tammy Carter,1
Law Office of Temesgen Teka,1
"Law Office of Teresa Abbott, P.C.",1
Law Office of Teresa M. Meagher,1
Law Office of Terrence Jones,1
Law Office of Thaddeus Hamilton; P.A.,1
Law Office of Thaddeus P. Martin,1
LAW OFFICE OF THOMAS A GISH,1
Law Office of Thomas A. Geelhoed,1
Law Office of Thomas E Pyles,1
Law Office of Thomas F Colonna,1
Law Office of Thomas G. Jarrard; PLLC,1
Law Office of Thomas J Henry,2
LAW OFFICE OF THOMAS J UEBERSCHAER,1
Law Office of Thomas J. Massey,1
Law Office of Thomas Yona;Thomas  Tona,1
Law Office of Tiffany S. Craig,1
Law office of Tim Kingston,1
Law Office of Tim L Bowden,1
Law office of Timothy A. Scott,1
Law Office of Timothy J. Keck,1
Law Office of Timothy J. Phillips,1
Law Office of Timothy R. White,2
Law Office of Tiongson-Manalang,1
Law Office of Tom Farrell,1
Law Office of Travis O. Foreman,1
Law Office of Treyvus & Konoski; P.C.,1
Law Office of Tyrone Walls,1
LAW OFFICE OF VALDEZ & MONARREZ; PLLC,1
Law OFfice of Valerie Barsom,1
Law Office of Vernon L Bailey,1
Law Office of Vickie Fang,2
LAW OFFICE OF VICTORIA WICKMAN,1
Law Office of Vincent Barrientos,1
Law Office of Vincent J Merisch LLC,1
Law Office of Vladimir & Associates,1
LAW OFFICE OF W DOUGLAS EASTON,1
Law Office of W. Bryant Green; III; P.C.,1
Law Office of W. Calvin Smith,1
Law Office of W. Daniel Grist; PLLC,1
Law Office of Walter A. Oleniewski,1
LAW OFFICE OF WALTER OLENIEWSKI IOLTA,1
Law Office of Wayne R Shahan,1
"Law Office of Welton K. Wisham, Esq.",1
Law Office of Wie; LLC,1
LAW OFFICE OF WILLIAM A GALLINA,1
Law Office of William A. Gallina; PLLC,1
Law Office of William C. Hudson; Jr.,1
LAW OFFICE OF WILLIAM D BONILLA JR; PC,1
Law Office of William D Cook PC,1
Law Office of William E. King,1
Law Office of William Fouche,3
Law Office of William L. Gavras,1
Law Office of William R. Mapes; Jr.,1
Law Office of William S. Gann,2
Law Office of Wolf & Pravato,2
Law Office of Wolf and Pravato,1
Law Office of Yasmine Djawadian APC,1
Law Office of Yates & Schiller,1
Law Office of Yates & Schiller PA,1
"Law Office of Yates & Schiller, P.A.",1
Law Office of Yates & Schiller; P.A.,1
Law Office of Zef Mihilli,1
LAW OFFICE OFFICE GREGORY C TISHKOFF,1
Law Office or Robert A Raskas,1
"Law Office Robert C. Buckley, Esq",1
LAW OFFICE RUSH & GLASSMAN TR ACCT;ROBERT A RUSH,1
Law Office sof Douglas R. Stevens,1
Law Officed Francesco Benavides,1
Law Officer of Binder and Binder,1
Law Officers of Lawrence & Martinez,2
Law Offices  of Lawrence D. Rohlfing,1
Law Offices  of Rachel Vicari,1
Law Offices - Harry J. Binder,1
LAW OFFICES ARNE J NELSON,1
Law Offices Binder & Binder,1
LAW OFFICES BINDER & BINDER LLP,1
Law Offices Charles & Harry Binder,1
Law Offices Charles E. Binder,1
"Law Offices Charles E. Binder and Harry J. Binder, LLP",1
Law Offices Clark & Johnson,1
Law Offices Delluomo & Crow; P.A.,1
Law Offices Edward A. Stump; LLC MCGI,1
Law Offices Eugene S. Thompson,1
Law Offices H. Binder & C. Binder,3
Law Offices Harry J. Binder,2
Law Offices James M. O'Dea,1
Law Offices John C Kaplansky,1
Law Offices Kenneth Hiller PLLC,1
Law Offices Kenneth Hiller; PLLC,1
Law Offices Kenneth R. Hiller,13
Law Offices Kevin M. Elwell,2
Law Offices L.D. Rohlfing,2
Law Offices Lawrence Rohlfing,1
Law Offices Martin Taller; APC,1
Law Offices Mitchell L. Paul,1
Law Offices Mumane & O'Neill,1
Law Offices o Kenneth Hiller,1
Law Offices of  Alexander M. Gurevich,1
Law Offices of  Francesco Paco Benavides,1
Law Offices of  Indiano & Williams; PSC,1
Law Offices of  Mark Schiffrin PA,2
LAW OFFICES OF  O'KEEFE & GALE,1
Law Offices of A Lavar Taylor,1
Law Offices of A. Sam Akintimoye,1
LAW OFFICES OF AARON & QUIRK LLP,1
"Law Offices of Adam J. Roth, P.C.",1
Law Offices of Adam Morel; LLC,1
LAW OFFICES OF ADDISON-DARDEN PC,2
Law Offices of Adrian Thomas,1
Law Offices of Akudinobi and Ikonte,2
Law Offices of Alan Goldfarb; PA,1
LAW OFFICES OF ALAN GOLDFARB; PA,1
Law Offices of Alan Levar,1
Law Offices of Alan M. Ghaleb,2
Law Offices of Alexander M. Gurevich,1
"Law Offices of Alexander T. Taubes, PLLC",3
Law Offices of Alexander; Webb & Kinman,1
Law Offices of Alexandra T Manbeck,1
Law Offices of Alexandra T. Manbeck,5
Law Offices of Alexis Izquierdo,1
Law Offices of Ali Taheripour,1
Law Offices of Amador L. Corona,1
Law Offices of Amy Gilbrough,1
Law Offices of Amy P. Lee,1
Law Offices of Anatta Levinsky PC,1
Law Offices of Andree Jacques,1
Law Offices of Andrew Allamian,2
Law Offices of Andrew C. Dodgen,1
LAW OFFICES OF ANDREW J SPINNELL LLC,1
"Law Offices of Andrew Kim, APC",1
Law Offices of Andrew Koenig,4
Law Offices of Andrew L. Packard;Law Offices of Brent J. Newell,1
Law Offices of Andrew N Sindler LLC,1
Law Offices of Andrew N. Sindler,2
"Law Offices of Andrew N. Sindler, LLC",2
Law Offices of Andrew N. Sindler; LLC,2
LAW OFFICES OF ANDREW RUBENSTEIN; IOLTA,1
Law Offices of Andrew Sindler,8
LAW OFFICES OF ANDREW SINDLER,1
Law Offices of Andrew Sindler LLC,1
Law Offices of Andrew T Koeng,1
Law Offices of Andrew T. Koenig,7
LAW OFFICES OF ANDREW TAYLOR,1
Law Offices of Andrews and Gupta,1
Law Offices of Andy Van Le,1
LAW OFFICES OF ANDY VAN LE,1
Law Offices of Angel Carrazco; Jr.,2
Law Offices of Anidjar & Levine; P.A.,1
Law Offices of Annette L Rutkowski LLC,1
Law Offices of Ansel & Miller,1
Law Offices of Anthony J. Leonard; LLC,1
Law Offices of Anthony W. Hawks,1
LAW OFFICES OF ANTONI H FROEHLING,1
Law Offices of Aragona & Aragona,2
LAW OFFICES OF AREG KAZARYAN,1
Law Offices of Arman E. Ravery,1
Law Offices of Arnold Lopez; PLLC,1
Law Offices of Arnold R. Lopez; PLLC,1
Law Offices of Arnold S. Levine,2
Law Offices of Arthur G. Vega,1
Law Offices of Arthur H. Barens;Shawn Perez; Esq,1
Law Offices of Arthur Lin,2
LAW OFFICES OF ARTURO DOPAZO PA,1
Law Offices of Aundrea L. Roberts; LLC,1
LAW OFFICES OF BADER STILLMAN PL,1
Law Offices of Baker & Oring; LLP,1
Law Offices of Baker and Oring LLP,1
Law Offices of Barbara Arnold,1
Law Offices of Barray A Schultz,1
Law Offices of Barry A Schultz,44
LAW OFFICES OF BARRY A SCHULTZ,1
Law Offices of Barry A Schultz PA,1
Law Offices of Barry A Schultz PC,40
LAW OFFICES OF BARRY A SCHULTZ PC,5
Law Offices of Barry A Schultz; P.C.,2
Law Offices of Barry A Schultz; PC,1
Law Offices of Barry A Schulz PC,1
Law Offices of Barry A Schutz,1
Law Offices of Barry A. Schultz,18
Law Offices of Barry A. Schultz P.C.,3
Law Offices of Barry A. Schultz PC,3
Law Offices of Barry A. Schultz; P.C.,21
Law Offices of Barry A. Schultz; PC,4
Law Offices of Barry and Kreuger,2
LAW OFFICES OF BARRY G DOYLE PC,1
Law Offices of Barry Pasternack,1
Law Offices of Barry Schultz,4
Law Offices of Barry Schultz PC,1
Law Offices of Ben C. Martin,1
Law Offices of Bennie D. Rush; PC,1
LAW OFFICES OF BENTOFF & SPERO CO.; LPA,1
Law Offices of Berglund and Johnson,1
Law Offices of Berhan Dargie,1
LAW OFFICES OF BERMAN AND SIMMONS,1
Law Offices of Bertrand Russell JR,1
Law Offices of Bill T. Walker,1
Law offices of Binder & Binder,2
Law Offices of Binder & Binder,46
LAW OFFICES OF BINDER & BINDER,6
Law Offices of Binder & Binder LLP,4
Law Offices of Binder & Binder PC,2
LAW OFFICES OF BINDER & BINDER PC,1
"Law Offices of Binder & Binder, P.C.",3
Law Offices of Binder & Binder; P.C.,3
Law Offices of Binder & Binder; PC,2
Law Offices of Binder and Binder,51
LAW OFFICES OF BINDER AND BINDER,3
"Law Offices of Binder and Binder, LLP",5
"Law Offices of Binder and Binder, P.C.",2
Law Offices of Binder and Binder; LLP,1
Law Offices of Binder and Binder; P.C.,2
Law Offices of Binder and Binder; PC,2
Law Offices of Bisnar & Chase,1
Law Offices of Blackburn & Green;Sharon  Cusic,1
Law Offices of Bobby A. Zirkin,1
Law Offices of Bou & Bou,2
Law Offices of Brett E. Blumstein,1
Law Offices of Brian J Ferber Inc,1
Law Offices of Brian J. Breiter; LLP,1
Law Offices of Brian L Larsen,2
Law Offices of Briggs & Briggs,1
LAW OFFICES OF BRIGGS & BRIGGS,4
Law Offices of Briggs and Briggs,1
Law Offices of Bruce Ahnfeldt,1
Law Offices of Bruce G. Fagel & Assoc.,1
Law Offices of Bruce M Bunch,1
Law Offices of Bruce T. Armstrong; Chtd.,1
Law Offices of Bryan Barenbaum,1
Law Offices of Burg & Brock,1
Law Offices of Burg & Brock; APLC,1
Law Offices of Burg and Brock,1
LAW OFFICES OF BURTON J HASS,1
Law Offices of Burton Mark Senkfor,1
Law Offices of C. Binder & H. Binder,1
Law Offices of C. Bradley Hallen,1
Law Offices of C. Ray Carlson,1
Law Offices of Calbom & Schwab,1
Law Offices of Callie G. Steele,4
Law Offices of Callistus C. Anyaeto,1
Law Offices of Camilla C. McKinney; PLLC,1
LAW OFFICES OF CAMPBELL & CLARK,1
Law Offices of Carl R. Danna,1
Law Offices of Carlin & Buchsbaum; LLP,1
Law Offices of Carlson & Johnson,1
Law Offices of Carpenter; Chartered,1
Law Offices of Casey D. Conklin PLC,1
"Law Offices of Casey D. Conklin, PLC",1
Law Offices of Cataldi and Assoc,1
Law Offices of Cavin & Marks,1
Law Offices of Chad M. Golightly,1
Law offices of Chambers Noronha & Kubota,1
Law Offices of Chambers Noronha & Kubota,1
Law Offices of Charles & Harry Binder,1
Law Offices of Charles Binder,1
Law Offices of Charles Binder LLP,1
Law Offices of Charles C. Destefano,1
Law Offices of Charles E Binder,4
Law Offices of Charles E Binder & Harry,1
Law Offices of Charles E Binder and Harry J Binder,2
Law Offices of Charles E Binder and Harry J Binder LLP,3
Law Offices of Charles E. Binder,11
Law Offices of Charles E. Binder & Harry,1
Law Offices of Charles E. Binder & Harry J. Binder LLP,1
"Law Offices of Charles E. Binder & Harry J. Binder, LLP",1
Law Offices of Charles E. Binder and Harry J. Binder,3
"Law Offices of Charles E. Binder and Harry J. Binder, LLP",19
Law Offices of Charles E. Binder Esqs.,6
Law Offices of Charles R. Hamm; PLLC,1
Law Offices of Charles S. Roseman,2
Law Offices of Charles W. Gittins; P.C.,2
Law Offices of Chermol & Fishman,2
"Law Offices of Chermol & Fishman, LLC",1
Law Offices of Chermol & Fishman; LLC,4
Law Offices of Chigaco-Kent,1
"Law Offices of Chris Garcia, P.C.",2
Law Offices of Chrisine Boghosian Hill,1
Law Offices of Christina Tribbia,1
Law Offices of Christine Boghosian Hill,1
Law Offices of Christopher James Bowes,1
Law Offices of Claire H. Kim & Ass.,1
Law Offices of Clarke & Fellows,1
Law Offices of Clem Lyons; P.C.,1
Law Offices of Clinton Middleton,1
Law Offices of Coats & Todd,2
Law Offices of Comstock & Bush,1
Law Offices of Conrad Bayelle and Assocs;Protas; Spivok & Collins; LLC,2
Law Offices of Constance A. Bynum,1
Law Offices of Cousin & Cousin,1
LAW OFFICES OF CRAIG A ALTMAN PC,1
Law Offices of Craig A. Altman; P.C.,1
Law Offices of Craig Altman,1
LAW OFFICES OF CRAIG M ROTHENBERG,2
Law Offices of Craig P. Kenny & Assoc,2
Law Offices of Craig P. Kenny & Associates,1
Law Offices of Cynthia J Woolley PLLC,2
LAW OFFICES OF DALE A HILMEN,1
Law Offices of Dale E. Anstine; P.C.,1
Law Offices of Dale K Galipo,1
Law Offices of Dale K. Galipo,1
Law Offices of Damone & Schroeder,1
Law Offices Of Dan Bacal,1
Law offices of Daniel A. Gibalevich,1
Law Offices of Daniel Gibalevich,1
Law Offices of Daniel Kim,3
Law Offices of Daniel L Feder,1
Law Offices of Daniel M. O'Leary,1
Law Offices of Daniel Parmele,4
"Law Offices of Daniel Parmele, P.C.",1
LAW OFFICES OF DANIEL SANTOS,2
Law Offices of Daniel V. Behesnilian,1
Law Offices of Daniel W. Isaacs; PLLC,1
Law Offices of Darlene Rohr,1
Law Offices of Darren O'Quinn,1
Law Offices of Darren O'Quinn; PLLC,1
Law Offices of David A. Sims,1
Law Offices of David Damick,1
Law Offices of David DuMond,1
Law Offices of David F. Makkabi,1
Law Offices of David Fischer,2
Law Offices of David Fuchs,1
Law Offices of David Henderson,18
Law Offices Of David Henderson,1
Law Offices of David Hoffman APC,1
Law Offices of David Kesler,1
Law Offices of David L. Margulies,1
LAW OFFICES OF DAVID LANDRY,1
LAW OFFICES OF DAVID M WARSO CHTD,1
Law Offices of David M. Houliston,1
Law Offices of David N Damick,2
LAW OFFICES OF DAVID N DAMICK TURST ACCT,1
Law Offices of David N. Damick,4
"Law Offices of David N. Damick, LC",1
Law Offices of David P Sheldon; PLLC,1
Law Offices of David P. Sheldon,3
LAW OFFICES OF DAVID P. SHELDON PLLC,1
"Law Offices of David P. Sheldon, P.L.L.C.",1
Law Offices of David P. Stewart,1
Law Offices of David R Jordan PC,1
LAW OFFICES OF DAVID S VOGEL PLLC,1
Law Offices of David Schneider; APC,1
Law Offices of David Sheldon,1
Law Offices of David Vasquez,1
Law Offices of David W Holub,1
LAW OFFICES OF DAWN AGUILAR,1
LAW OFFICES OF DEBRA A THOMAS,1
Law Offices of Debra A. Thomas; P.C.,1
Law Offices of Delluomo & Crow,1
Law Offices of Diana Santa Maria; P.A.,1
Law Offices of Domingo Garcia,1
Law Offices of Dominic K. Afzali,1
Law Offices of Don Tittle PLLC,1
Law Offices of Donald C Anderson,1
Law Offices of Donald C. Anderson,3
Law Offices of Donald H. Howe; LLC,1
Law Offices of Donald M. Temple,1
Law Offices of Donna Roth,1
Law Offices of Donna Thornton-Green,4
Law Offices of Donnie R. Cox,1
Law Offices of Doug Smith,1
Law Offices of Douglas L Applegate,1
Law Offices of Douglas R Stevens,1
LAW OFFICES OF DOUGLAS R STEVENS,1
Law Offices of Douglas R. Stevens,2
Law Offices of Douglas Stevens,1
LAW OFFICES OF DUNCAN DAVID LEE,1
"Law Offices of Dussault & Gomes, P.C.",1
"Law Offices of Dussault & Gomes, PC",1
Law Offices of E. David Hoskins LLC,2
Law Offices of Edvard Shprukman,1
Law Offices of Edward A Stump,2
Law Offices of Edward A. Smith,1
Law Offices of Edward C. Kramer; P.C.,1
Law Offices of Edward J. Blum,1
Law Offices of Edward J. O'Brien,1
Law Offices of Edward Lee,1
Law Offices of Edward W Lloyd,3
LAW OFFICES OF EDWARD WEISZ,1
Law Offices of Edward Y. Lee,1
Law Offices of Eitan Kassel Yanich PLLC,1
LAW OFFICES OF EITAN KASSEL YANICH PLLC,5
Law Offices of Elena E. Tsiprin,2
Law Offices of Elliot N. Kanter,1
Law Offices of Elliot Zarabi,1
Law Offices of Elmer Robert Keach III PC,1
LAW OFFICES OF EMEKA A NJOKU PC,1
Law Offices of Emmanuel E Edem & Assoc,2
Law Offices of Emmett L. Goodman; Jr.,1
LAW OFFICES OF ERAN LAGSTEIN,1
Law Offices of Eric Feldman PA,1
Law Offices of Eric J Land LLC,1
Law Offices of Erika Bailey Drake,3
Law Offices of Erika E Anderson,1
Law Offices of Erin Steffin,3
Law Offices of Erin Steffin;Law Offices of Jeanne Ann Steffin;Rheingold; Valet; Rheingold; McCartney &,1
LAW OFFICES OF ESPOSITOS ANNUNZIATA,1
Law Offices of Esteban Escobedo,1
LAW OFFICES OF EUGENE K HOLLANDER,1
Law Offices of Eva Garcia-Mendoza,1
Law Offices of Eva I. Guerra,1
Law Offices of Ezequiel Reyna Jr,1
LAW OFFICES OF EZEQUIEL REYNA JR PC,1
Law Offices of Ezequiel Reyna; Jr.,2
Law Offices of Ezequiel Reyna; Jr.; P.C.,1
Law Offices of F Craig Wilkerson Jr,1
LAW OFFICES OF F. MICHAEL FRIEDMAN,1
Law Offices of Falanga & Chalker,1
Law Offices of Fanny Grines,1
Law Offices of Felix Kozak PC,1
"Law Offices of Fesner Petion, P.A.",1
Law Offices of Fiorella Rivas Demaria PC,1
LAW OFFICES OF FLINT & SOYARS,1
Law Offices of Flores; Tawney & Acosta,1
Law Offices of Francesco Benavides,80
LAW OFFICES OF FRANCESCO P. BENAVIDES,2
Law Offices of Frank Adamo,1
Law Offices of Frank D'Amico; Jr.,1
Law Offices of Frank De Santis,1
Law Offices of Frank J. D'Amico; Jr.,1
LAW OFFICES OF FRANK J. NIESEN; JR,1
Law Offices of Frank Y. Ariel;Wilber & Associates,2
LAW OFFICES OF FRANKLIN W. SCHOICHET,1
Law Offices of Fred B. Goldberg; P.C.,2
Law Offices of Fred. G. Glantz,1
Law Offices of Frederick W Altschuler,1
Law Offices of G. Samuel Cleaver,2
Law Offices of Garret Lungin,1
LAW OFFICES OF GARY APPLEBY,1
Law Offices of Gary D. Nunn,1
Law Offices of Gary Dawson,1
Law Offices of Gary L. Segal,1
Law Offices of Gary M. Gilbert,2
Law Offices of Gary M. Gilbert & Assoc.,2
Law Offices of Gary M. Schneider,1
Law Offices of Gary O Bruce;MICHAEL B LADSON,1
Law Offices of Gary Penar,2
Law Offices of Gary S. Park; P.C.,2
Law Offices of Gedney M. Howe; III; P.A.,1
Law Offices of Gene J. Goldsman,1
Law Offices of George A. Burke,1
LAW OFFICES OF GEORGE M MELEKA,1
Law Offices of George Salinas PLLC,1
LAW OFFICES OF GERALD D. (CHIP) HAVEMANN,1
Law Offices of Gil Negrete,3
LAW OFFICES OF GIL NEGRETE,3
Law Offices of Glen D. Mangum,1
Law Offices of Glenn W. Cunningham,1
Law Offices of Goldberg and Loren PA,1
Law Offices of Goldman & Ehrlich; Chtd,1
Law Offices of Gomez & Gomez,1
LAW OFFICES OF GORMAN & GAVRAS PC,1
Law Offices of Grayling E Brannon PA,1
Law Offices of Greg Marks,1
Law Offices of Greg Memovich; PLLC,1
LAW OFFICES OF GREGORY AND SWAPP,1
Law Offices of Gregory Byberg,1
Law Offices of Gregory C Tishkoff,1
LAW OFFICES OF GREGORY DUTCH,1
Law Offices of Gregory E Givens; PC,1
LAW OFFICES OF GREGORY GLUKHOVSKY,2
Law Offices of Gregory J. Lucett,1
LAW OFFICES OF GREGORY J. SCHADONE LTD,1
Law Offices of Gregory L Lattimer,1
Law Offices of Gregory L. Lattimer PLLC,1
Law Offices of Gregory Lucett,1
Law Offices of Gregory P. Mouton,2
Law Offices of H & C Binder,1
Law Offices of H Binder & C Binder,2
LAW OFFICES OF H BINDER & C BINDER PC,6
Law Offices of H Binder and C Binder,3
LAW OFFICES OF H BINDER AND C BINDER PC,1
Law Offices of H. Binder & C Binder,2
Law Offices of H. Binder & C. Binder,23
Law OFfices of H. Binder & C. Binder,1
Law Offices of H. Binder & C. Binder PC,1
Law Offices of H. Binder & C. Binder; PC,1
Law Offices of H. Binder and C. Binder,25
Law offices of Hadley & Fraulob,1
Law Offices of Hall Adams; LLC,1
Law Offices of Hanson & Hanson,1
Law Offices of Harold D. Carr; P.S.,1
Law Offices of Harold D. Carr; PS,1
Law Offices of Harold L Cleveland LLC,1
Law Offices of Harold Skovronsky,2
LAW OFFICES OF HAROLD SKOVRONSKY,1
Law Offices of Harold W. Conick,2
Law Offices of Harper & Gong;Slocum Law Firm,1
Law Offices of Harper and Gong,1
Law Offices of Harry & Charles Binder,1
LAW OFFICES OF HARRY & CHARLES BINDER PC,2
Law Offices of Harry & Charles E Binder,1
Law Offices of Harry and Charles Binder,3
LAW OFFICES OF HARRY BINDER,1
LAW OFFICES OF HARRY BINDER AND C BINDER,1
LAW OFFICES OF HARRY BINDER; P.C.,1
LAW OFFICES OF HARRY J BINDER,1
LAW OFFICES OF HARRY J BINDER &,1
Law Offices of Harry J Binder & Charles,1
LAW OFFICES OF HARRY J BINDER & CHARLES,2
Law Offices of Harry J Binder; et al.,1
Law Offices of Harry J. Binder,5
"Law Offices of Harry J. Binder and Charles E Binder, P.C.",7
Law Offices of Harry J. Binder and;Salus Law PLLC,1
Law Offices of Harry J. Binder Esqs.,1
Law Offices of Helen Zane,1
LAW OFFICES OF HENRY T. COURTNEY,1
Law Offices of Herbert I Ellis PC,1
Law Offices of Herbert Lawrence LLC,1
Law Offices of Hilda Sibrian,3
Law Offices of Horacio Barraza; APC,1
Law Offices of Howard Alan Kitay,1
Law Offices of Howard B Kim,1
Law Offices of Howard D. Olinsky,1
Law Offices of Howard J. Levin; LLC,3
Law Offices of Ian C. Malatesta,1
Law Offices of Ian L Mattoch,1
LAW OFFICES OF IAN L MATTOCH CTA,1
Law Offices of Ian L. Mattoch,2
LAW OFFICES OF ILONA ALTMAN,1
LAW OFFICES OF ILONA BRUSIL,1
Law Offices of Ira N. Katz,1
Law Offices of Irene Ruzin,27
LAW OFFICES OF IRENE RUZIN,1
Law Offices of Isaac D Zorea,1
Law Offices of Ivan M Diamond,2
Law Offices of Ivan M Katz,3
Law Offices of Ivan M. Katz,3
Law Offices of Izu I. Ahaghotu,1
Law Offices of J. Chrisp,1
Law Offices of J. Jeffrey Herman,1
LAW OFFICES OF J. SCOTT HALVERSON,1
Law Offices of Jacob Emrani P.C.,1
LAW OFFICES OF JAIME ALVARADO,1
Law Offices of James B. Gillespie; Jr.,4
LAW OFFICES OF JAMES D RUSH,1
Law Offices of James F. Perna,1
Law Offices of James Glober PA,1
Law Offices of James M O'Dea,1
Law Offices Of James M O'Dea,1
Law Offices of James M. Dolenga,1
LAW OFFICES OF JAMES MATTONE PLLC,1
LAW OFFICES OF JAMES MORRIS TRUST ACCT,1
Law Offices of James P. Shea,8
LAW OFFICES OF JAMES P. SHEA,1
Law Offices of James Scott Farrin,1
Law Offices of James Scott Farrin P.C.,1
LAW OFFICES OF JAN K APO TRUST ACCT,1
Law Offices of Jan Meyer,6
Law Offices of Jan Meyer & Asociates PC,1
Law Offices of Jan Meyer & Assoc,1
Law Offices of Jan Meyer & Assoc P C,1
Law Offices of Jan Meyer & Assoc PC,1
Law Offices of Jan Meyer & Assoc.,2
Law Offices of Jan Meyer & Assoc. P.C.,1
Law Offices of Jan Meyer & Assoc.; PC,1
LAW OFFICES OF JAN MEYER & ASSOC.; PC,1
Law Offices of Jan Meyer & Associates,10
Law Offices of Jan Meyer & Associates PC,7
LAW OFFICES OF JAN MEYER & ASSOCIATES PC,1
LAW OFFICES OF JAN MEYER AND ASSOC,1
Law Offices of Jan Meyer and Associates,1
Law Offices of Jan Meyer Asso.,1
Law Offices of Jan Meyer Assoc,1
Law Offices of Jan Meyer Associates,3
Law Offices Of Jan Meyer Associates,1
Law Offices of Jan Meyers & Asso. P.C.,1
Law Offices of Jane Cervantes,3
Law Offices of Jane W. Cervantes,7
Law Offices of Jared T. Walker; P.C.,1
Law Offices of Jared T. Walker; PC,1
Law Offices of Jason Paul Halbern,1
LAW OFFICES OF JASON R HERRICK,1
Law Offices of Jason Skala; LLC,1
LAW OFFICES OF JASON TURCHIN,1
Law Offices of Javier Morales-Ramos,1
LAW OFFICES OF JAVIER VILLARREAL PLLC,1
"Law Offices of Javier Villarreal, PLLC",1
LAW OFFICES OF JAY A BANSAL,1
Law Offices of Jay J Murray PC,1
Law Offices of Jay W. Smith,1
LAW OFFICES OF JEANNE ANDERSON PLLC,1
LAW OFFICES OF JEFF CRABTREE,1
Law Offices of Jeffery C. Anderson,1
LAW OFFICES OF JEFFERY C. ANDERSON,1
Law Offices of Jeffrey Anderson,1
Law Offices of Jeffrey C Anderson,8
LAW OFFICES OF JEFFREY C ANDERSON,6
LAW OFFICES OF JEFFREY C ANDERSON IOLTA,1
Law Offices of Jeffrey C. Andersen,1
Law Offices of Jeffrey C. Anderson,20
LAW OFFICES OF JEFFREY C. ANDERSON,4
LAW OFFICES OF JEFFREY C. ANDERSON IOLTA,1
Law Offices of Jeffrey Delott,5
Law Offices of Jeffrey R. Frank,2
Law Offices of Jeffrey S Glassman; LLC,1
Law Offices of Jeffrey S. Glassman; LLC,1
LAW OFFICES OF JEFFREY THOMAS BELL,1
Law Offices of Jeffrey W Parks,1
Law Offices of Jennifer B Siverts,1
law Offices Of Jeremy W McKey,1
Law Offices of Jerome A Vinkler LTD,1
Law Offices of Jerry L. Steering,1
Law Offices of Jesus M. Dovalina,1
Law Offices of Jianwei Huang,1
Law Offices of Jimmy Ewenike,8
Law Offices of Jimmy M. Santos; PLLC,1
Law Offices of Jimmy O. Ewenike,1
Law Offices of Jimmy Taus,1
LAW OFFICES OF JOE BORNSTEIN,1
Law Offices of Joel Atlas Skirble; PLLC,1
Law Offices of Joel L. Herz,1
Law Offices of Joel P. Bennett; P.C.,1
Law Offices of Joel Sansone,2
LAW OFFICES OF JOEL W BLACK LLC,1
Law Offices of Joel W. Black,2
Law Offices of Joel W. Black LLC,1
Law Offices of Joel W. Black LLC;Law Offoces Of Joel W Black LLC,1
Law Offices of John A. Biard,1
Law Offices of John Astuno; Jr.,1
Law Offices of John Burton,1
Law Offices of John C Ye,1
Law Offices of John C Ye APLC,1
Law Offices of John C Ye PLC,1
Law Offices of John C. Goodman,1
Law Offices of John C. Ye,1
"Law Offices of John C. Ye, APLC",1
Law Offices of John Ciafone,1
Law Offices of John Currie;McFadden Law Group; PC;,1
Law Offices of John Day; PC,1
Law Offices of John Drew Warlick; P.A.,1
Law Offices of John Drew Warlick; PA,1
Law Offices of John E Nordblom,1
"Law Offices of John Guadagno, P.C.",1
Law Offices of John H Molloy,1
LAW OFFICES OF JOHN KAIOL PA,1
Law Offices of John M Curtin,1
Law Offices of John M. Leiter; PA,1
Law Offices of John Odom,1
Law Offices of John P. Grill,1
Law Offices of John S. Hinman,1
Law Offices of John Trop,8
Law Offices of John V. Hogan,5
Law Offices of Jon Norinsberg,1
LAW OFFICES OF JONATHAN BRAND,1
Law Offices of Jonathan D. Mandell,1
Law Offices of Jonathan Spodnick,1
LAW OFFICES OF JONGWON YI,1
Law Offices of Jongwon; Yi; LLC,1
Law Offices of Jose A. Dapena; P.A.,1
Law Offices of Jose Perez,1
Law Offices of Joseph A Romano,11
Law Offices of Joseph A Romano PC,4
Law Offices of Joseph A. Romano,10
Law Offices of Joseph A. Romano; P.C.,3
Law Offices of Joseph A. Romano; PC,2
LAW OFFICES OF JOSEPH H. KANIMIAN,4
Law Offices of Joseph L Bornstein,2
Law Offices of Joseph M McMullen,5
Law Offices of Joseph M. McMullen,2
Law Offices of Joseph Monahan PLLC,1
Law Offices Of Joshua B. Kons,2
Law Offices of Joshua B. Kons; LLC,1
Law Offices of Joshua P. Maurer PLLC,1
Law Offices of Judy Snyder,1
Law Offices of Jugo & Murphy,2
Law Offices of Julia Mack; P.C.,1
Law Offices of Julian Sanders,1
Law Offices of Justin G Morgan PA,1
Law Offices of Justin Kirk Tabayoyon,1
Law Offices of Justo M Justo,1
Law Offices of Karen L. Lawrence,2
Law Offices of Karin H. Wick,1
Law Offices of Katherine Siegfried,1
Law Offices of Kathleen Caldwell; PLLC,1
Law Offices of Kathryn P. Cooney,1
Law Offices of Katz & Liss; P.C.,1
LAW OFFICES OF KEITH DOUGLASS & ASSO;LLP IOLTA,1
Law Offices of kenneth Hiller,1
Law Offices of Kenneth Hiller,111
Law Offices of Kenneth Hiller PLLC,22
Law Offices of Kenneth Hiller PPLC,3
"Law Offices of Kenneth hiller, PLLC",1
"Law Offices of Kenneth Hiller, PLLC",196
Law offices of Kenneth Hiller; PLLC,1
Law Offices of Kenneth Hiller; PLLC,363
LAW OFFICES OF KENNETH HILLER; PLLC,1
Law Offices of Kenneth Hiller; PPLC,6
Law Offices of Kenneth Hiller;PLLC,1
Law Offices of Kenneth I. Gross,2
Law Offices of Kenneth J. Steinberg,1
Law Offices of Kenneth R. Hiller,4
Law Offices of Kenneth R. Hiller PLLC,2
"Law Offices of Kenneth R. Hiller, PLLC",1
"Law Offices of Kenneth R.Hiller, PLLC",1
Law Offices of Kenneth S. O'Neill,1
"Law Offices of Kennth Hiller, PLLC",1
Law Offices of Kevin D. Taguchi,2
Law Offices of Kevin Mark Smith PA,1
Law Offices of Kim Newbrough,1
Law Offices of Kim Newbrough; P.C.,1
Law Offices of Kip Evan Steinberg,1
LAW OFFICES OF KOKOLAKIS & ASSOCIATES PC,1
Law Offices of Kurt A Goering PC,1
Law Offices of Kwangsoo Kim,1
Law Offices of L. Andre Lam,1
Law Offices of L. Eugene Hallsted,1
Law Offices of Larry H Parker,1
LAW OFFICES OF LARRY H PARKER,1
Law Offices of Larry H. Parker PC,1
Law Offices of Larry H. Parker; P.C.,1
Law Offices of Larry J. Stein,1
Law Offices of Larry J. Stein; L.L.C.,1
Law Offices of Larry Minsky,1
Law Offices of Lawerence D. Rohlfing,1
Law Offices of Lawrence A. Strid,1
Law Offices of Lawrence D Rohlfing,30
LAW OFFICES OF LAWRENCE D ROHLFING,3
Law Offices of Lawrence D Rohlfing Inc,1
Law Offices of Lawrence D Rohlfing Inc CPC,1
"Law Offices of Lawrence D Rohlfing, Inc.",1
"Law Offices of Lawrence D Rohlfing, Inc., CPC",8
Law offices of Lawrence D Rolfing,1
Law Offices of Lawrence D.  Rohlfing,2
Law offices of Lawrence D. Rohlfing,8
Law Offices of Lawrence D. Rohlfing,403
Law Offices Of Lawrence D. Rohlfing,1
LAW OFFICES OF LAWRENCE D. ROHLFING,11
Law Offices of Lawrence D. Rohlfing Inc,3
Law Offices of Lawrence D. Rohlfing Inc.,5
Law Offices of Lawrence D. Rohlfing Inc. CPC,1
"Law Offices of Lawrence D. Rohlfing, Inc.",2
"Law Offices of Lawrence D. Rohlfing, Inc., CPC",10
Law Offices of Lawrence D. Rohlfing; Inc,2
Law Offices of Lawrence D. Rolhfing,1
Law Offices of Lawrence E Zieper; PA,1
Law Offices of Lawrence Katz,1
Law Offices of Lawrence M. Ruiz,1
Law Offices of Lawrence Rohlfing,26
LAW OFFICES OF LAWRENCE ROHLFING,1
Law Offices of Lawrence Rohlfing OSBO,2
"Law Offices of Lawrence Rohlfing, Inc.",1
Law Offices of Lawrence W Luttrell,1
Law offices of Lawrence. D. Rohlfing,1
"Law Offices of Lee and Associates, P.C.",1
Law Offices of Lee Boothby,2
Law Offices of Leigh E. Johnson; APC,1
Law Offices of Leonard S Becker,1
Law Offices of Levin & Levin,1
Law Offices of Levy & Levy; P.A.,1
Law Offices of Lewis B Insler,1
Law Offices of Lewis Bart Insler,2
Law Offices of Lewis W. Duong,2
Law Offices of Lila Roizman,1
Law Offices of Lillian Kim; PC;Lillian  Kim,1
Law Offices of Linda E. Lee,1
Law Offices of Linda M. Battram,1
Law Offices of Lindy Korn,1
Law Offices of Lippman & Weisel,1
Law Offices of Lipschutz & Friedman,1
LAW OFFICES OF LISS & SHAPERO,2
LAW OFFICES OF LLOYD A MALECH,1
LAW OFFICES OF LOIS M VITTI PLLC,1
LAW OFFICES OF LOLA J. COOK,1
Law Offices of Louis G. Hunter,1
LAW OFFICES OF LYLE C CAVIN,1
LAW OFFICES OF LYLE C CAVIN JR,1
LAW OFFICES OF MABEL N ORUE,1
Law Offices of MacMorris & Carbone,1
Law Offices of Magalski Schoenike & Mill,1
Law Offices of Maloney & Campola LLP,1
Law Offices of Marc Biederman & Assoc,1
LAW OFFICES OF MARC DANN IOLTA TR ACCT;MARC  DANN,1
LAW OFFICES OF MARC J GIRSH LLC,1
Law Offices of Marc S Albert,1
Law Offices of Marcos & Associates; PC,2
Law Offices of Mardy M. Sproule,1
"Law Offices of Marie A Mattox, P.A.",1
Law Offices of Marie Louise Hagen; PLLC,1
Law Offices of Mario A Castillo Jr,1
LAW OFFICES OF MARIO DAVILA PLLC,1
Law Offices of Mark A Correro PC,1
Law Offices of Mark A. Cox; PLLC,1
Law Offices of Mark Aprahamian,1
Law Offices of Mark C. Leventen,1
Law Offices of Mark Edwin Fant,1
Law Offices of Mark G McMahon,1
Law Offices of Mark J. Keller,1
Law Offices of Mark P. Jones; LLC.,1
law offices of mark s nelson,1
Law Offices of Mark S. Zaid; P.C.,1
Law Offices of Marshall & Inwood,1
Law Offices of Martin A. Taller; APC,1
Law Offices of Martin Taller,19
LAW OFFICES OF MARTIN TALLER,1
Law Offices of Martin Taller APc,1
Law Offices of Martin Taller APC,8
LAW OFFICES OF MARTIN TALLER APC,3
"Law Offices of Martin Taller, APC",1
Law Offices of Martin Taller; APC,106
LAW OFFICES OF MARTIN TALLER; APC,2
LAW OFFICES OF MARTIN TALLER;TROY  MONGE,1
LAW OFFICES OF MARTIN TALLER;TROY D MONGE,1
Law Offices of Martinian and Assoc.; Inc;Sherman and Sherman; APC,1
Law Offices of Marvin H. Greenberg,1
LAW OFFICES OF MARY M DRYOVAGE,1
Law Offices of Maryann P. Gallagher,1
LAW OFFICES OF MATHEIN & ROSTOKER PC,1
"Law Offices of Matt & Allen, L.L.C.",1
Law Offices of Matt Liebenhault,1
Law Offices of Matthew C. McKay P.C.,1
Law Offices of Matthew S Porges,1
Law Offices of Maureen E. McFadden,1
Law Offices of Maurizio A. Mangini,1
Law Offices of Mauro Fiore; Jr. APC,1
Law Offices of Max G. Arnold,1
LAW OFFICES OF MAYNARD & HOGAN,2
Law Offices of Mazza & Welch,1
LAW OFFICES OF MCCARTHY & BEAVERS,1
Law Offices of McCombs and Abel,1
Law Offices of McCready; Garcia & Leet,1
Law Offices of McCready; Garcia and Leet,1
"Law Offices of Meryl A. Spat, Esq",1
Law Offices of Meyers & Burnett,4
Law Offices of Michael B. Brehne,2
Law Offices of Michael C George PA,1
Law Offices of Michael Cordova,2
Law Offices of Michael E. Adams,1
Law Offices of Michael Francis Smith,1
Law Offices of Michael Gopin,1
law offices of Michael Gopin; PLLC,1
Law Offices Of Michael Hailu & Associate,1
Law Offices of Michael J. Gopin,1
Law Offices of Michael J. Gopin; PLLC,2
LAW OFFICES OF MICHAEL J. GOPIN; PLLC,2
Law Offices of Michael J. McDonough,2
Law Offices of Michael J. Trevelline,1
Law Offices of Michael L. Tusken,1
Law Offices of Michael Lawson Neff; P.C.,1
LAW OFFICES OF MICHAEL M. GOLDBERG,1
Law Offices of Michael Miller PC,2
LAW OFFICES OF MICHAEL MILLER PC,2
Law Offices of Michael Miller; P.C.,1
Law Offices of Michael Miller; PC,1
LAW OFFICES OF MICHAEL ORAN,1
Law Offices of Michael R. Lombardi,1
Law Offices of Michael R. Munsey; P.C.,1
LAW OFFICES OF MICHAEL ROSIER;MICHAHEL  ROSIER,1
Law Offices of Michael S. Lamonsoff,1
Law Offices of Michael S. Lee; P.C.,1
Law Offices of Michael Seamands,1
LAW OFFICES OF MICHAEL SORGEN,1
Law Offices of Michael T. Martin,1
Law Offices of Michael T. Smith,1
Law Offices of Michael T. Smith & Assoc,1
Law Offices of Michael W. Berey; P.A.,1
Law Offices of Michael; Tran & Goldberg,1
Law Offices of Michael; Tran; Goldberg;,1
Law Offices of Michels & Watkins,1
Law Offices of Mickler & Mickler; LLP,1
Law Offices of Mitchell A. Carp,1
Law Offices of Mitchell Lee Goldfield,1
LAW OFFICES OF MITCHELL LEE GOLDFIELD,1
LAW OFFICES OF MORSE & ASSOC.; PC,1
LAW OFFICES OF MORSE & ASSOCIATES,1
Law Offices of Nancy J. Meserow,1
Law Offices of Nancy K. McComb,1
Law Offices of Neal Brickman; P.C.,1
Law Offices of Neal Sanders,1
LAW OFFICES OF NEIL KALRA PC,1
Law Offices of Neil Moldovan; P.C.,1
LAW OFFICES OF NEVIN & ABSALOM,1
Law Offices of Nguyen H Nguyen,1
Law Offices of Nicholas A. Balland,1
Law Offices of Nicholas Rose; PLLC,1
Law Offices of Norman Polovoy LLC,1
Law Offices of O'Keefe & Gale,2
LAW OFFICES OF O'KEEFE AND GALE,1
Law Offices of Olivia Sanders,12
Law Offices of Omid Nosrati,5
Law Offices of Pamela D Hargrove,1
LAW OFFICES OF PAMELA LYNN COLON LLC,2
Law Offices of Pappas & Bell; LLC,1
Law Offices of Park & Associates,3
Law Offices of Pasquarella; Kunnel; Pomo,1
Law Offices of Patricia L. McCabe,6
Law Offices of Patricia McCabe,2
Law Offices of Patrick Fourchy,1
Law Offices of Paul A Samakow,1
LAW OFFICES OF PAUL A. SACK; P.A.,1
Law Offices of Paul M Smith II,2
Law Offices of Paul Samakow,1
Law Offices of Paulinus E. Eichie,1
Law Offices of Paulson Coletti,1
Law Offices of Pejman Behkar APC,1
Law Offices of Peter F. Fedak; P.A.;William R Scanlin,1
Law Offices of Peter L. Thompson,1
Law Offices of Peter R. Nasmyth Jr.,1
Law Offices of Peter T. Nicholl,1
Law Offices of Peter W. Till,1
LAW OFFICES OF PHILIP J. KAPLAN,1
Law Offices of Phillip L. Morris,1
Law Offices of Phyllis J. Towzey,1
"Law Offices of Potter, Padilla & Pfau",1
Law Offices of Preston Easley,3
Law Offices of Preston Easley APC;Pettit Kohn Ingrassia Lutz & Dolin,2
"Law Offices of Preston Easley, APC",1
Law Offices of Pribanic & Pribanic,1
LAW OFFICES OF R. BRUCE FICKLEY PC,1
Law Offices of R. Kent Livesay,1
Law Offices of Rachael A.S. Moshman,1
Law Offices of Rachel Vicari,1
Law Offices of Ramin R. Younessi,4
Law Offices of Randal T Mason,1
Law Offices of Randall C. Rechs,1
Law Offices of Randall J. Paulson,1
Law Offices of Randall L. Kleinman,1
Law Offices of Rayford E. Reeds,1
Law Offices of Raymond A Raskin,2
Law Offices of Reilly & Skerston,1
LAW OFFICES OF RENE CASTELLANOS,1
Law Offices of Rene' E. Sabathier,1
Law Offices of Rheuban & Gresen,1
Law Offices of Richard A. Castillo,1
Law Offices of Richard A. Jones,1
LAW OFFICES OF RICHARD A. JONES,1
Law Offices of Richard D Arconti,1
Law Offices of Richard E. Prebich;,2
Law Offices of Richard M Lester,1
Law Offices of Richard W. Craigo,1
LAW OFFICES OF RICK FINE,1
LAW OFFICES OF RICK FINE ESQ,1
Law Offices of Rick G Bannon PA,1
Law Offices of Rico Tessandore,2
Law Offices of Rives & Rives,1
LAW OFFICES OF ROB LEVINE & ASSC,1
Law Offices of Robert A Bartlett,1
Law offices of Robert A. Raskas,1
Law Offices of Robert A. Raskas,1
Law Offices of Robert Behar PA,1
Law Offices of Robert C. Moest,2
LAW OFFICES OF ROBERT CHAN,1
Law Offices of Robert Dodson,1
Law Offices of Robert E Warren,1
LAW OFFICES OF ROBERT E WARREN PA,1
Law Offices of Robert Elmer Keach BLAC,1
"Law Offices of Robert I. Segal, P.A.",1
Law Offices of Robert J. Gonzalez,1
Law Offices of Robert J. Smith,1
Law Offices of Robert J. Smith;Randall  Goldberg,1
"Law Offices of Robert L. Parks, P.L.",1
Law Offices of Robert M. Gregg,1
Law Offices of Robert M. Moss; Inc.,1
Law Offices of Robert P. Sarvian,1
LAW OFFICES OF ROBERT RASKAS,1
LAW OFFICES OF ROBERT RUBENSTEIN PA,2
Law Offices of Robert S. Altagen APC,1
Law Offices of Robert Vaage,1
Law Offices of Roberto Hernandez,1
Law Offices of Robyn S Hosmer,1
Law Offices of Robyn S. Hosmer,3
Law Offices of Roderick C. White,1
Law Offices of Roger Ghai PC,1
Law Offices of Rohlfing & Kalagain; LLP,4
Law Offices of Rohlfing & Kalagian,4
Law Offices of Rohlfing & Kalagian LLP,1
Law Offices of Rohlfing & Kalagian; LLP,42
Law Offices of Rohlfing and Kalagian,7
Law Offices of Rohlfing and Kalagian LLP,4
LAW OFFICES OF ROHN & CAMERON; LLC,1
Law Offices of Ronald B Laba APC,1
Law Offices of Ronald D. Honig,1
Law Offices of Ronald H. Chew APLC,1
Law Offices of Ronald P. Ackerman,1
LAW OFFICES OF RONALD SCALETTA,1
LAW OFFICES OF RONALD W PARNELL,1
Law Offices of Ronald W Parnell PC,1
"Law Offices of Ronald W. Parnell, P.C.",1
Law Offices of Roy D. Curnow,2
LAW OFFICES OF RUPP JOHNSTON & LLOYD,1
LAW OFFICES OF RUSSEL J. JORDAN,1
Law Offices of Russell F. Behjatnia,2
Law Offices of Ryan A. Lahuti; P.C.,1
LAW OFFICES OF S JEROME LEVY & ASSO,1
Law Offices of S. Sean Bral,1
LAW OFFICES OF SALOMONE & MORELLI IOLTA,2
Law Offices of Samer Habbas,1
LAW OFFICES OF SAMER HABBAS,1
"Law offices of Samer Habbas & Associates, PC",1
Law Offices of Sammer Habbas,1
Law Offices of Samuel Dagan,1
Law Offices of Samuel Fishman; P.C.,1
Law Offices of Samuel I. Kane; P.A.,1
Law Offices of Samuel I. Mok,1
Law Offices of Samuel Jakes Jr. LLC,1
Law Offices of Samuel Jakes Jr.;  LLC,1
Law Offices of Samuel P Moeller PLLC,1
Law Offices of Samuel P. Moeller; PLLC,1
"Law Offices of Sandra M. Radna, P.C.",1
LAW OFFICES OF SCOTT A. WOLINETZ,1
Law Offices of Scott C Lannie,1
LAW OFFICES OF SCOTT C LANNIE PC,1
Law Offices of Scott D. Hughes,1
Law Offices of Scott E. Schutzman,3
LAW OFFICES OF SCOTT KOGEN & ASSOC; PA,1
Law Offices of Scott N. Bergman LLC,1
LAW OFFICES OF SCOTT N. BERGMAN; LLC,1
Law Offices of Scott R Kamrath,1
Law Offices of Scott S. Harris,1
Law Offices of Scott Schermerhorn,1
Law Offices of Scott Warmuth,1
Law Offices of Sean M. Burke,1
Law Offices of Sedin Begakis & Bish,2
Law Offices of Serge E. Arslanian,1
Law Offices of Sergei N. Gladkov,3
Law Offices of Seth D. Zukoff; P.C.,1
Law Offices of Shah & Shah PLLC,1
Law Offices of Shane Smith PC,1
Law Offices of Sharon M. Barrett & Asso,1
Law Offices of Sharon M. Barrett & Assoc,2
Law Offices of Sharon M. Barrett & Associates,2
Law Offices of Shawn E. Caine,4
LAW OFFICES OF SHELDON A OSTROFF,2
Law Offices of Sheryl L. Burke,1
Law Offices of Shumsky & Backman,1
LAW OFFICES OF SHUN C CHEN,1
Law Offices of Siamak Vaziri; A.P.C.,1
Law Offices of Sima G Aghai,1
Law Offices of Sima G. Aghai,4
LAW OFFICES OF SIMA G. AGHAI,2
"Law Offices of Soheila S. Azizi and Associates, APC",1
Law Offices Of Solov & Teitell APC,1
LAW OFFICES OF SPEROS P. MANIATES,2
Law Offices of Stacey Tolchin,2
Law Offices of Stacy Tolchin,5
LAW OFFICES OF STACY TOLCHIN,1
Law Offices of Stacy Tolchin;Weisz Immigration Law Group,1
LAW OFFICES OF STANLEY KAHN,1
Law Offices of Starre & Cohn,1
Law Offices of Stawicki & Maples,1
LAW OFFICES OF STAWICKI & MAPLES,1
LAW OFFICES OF STEIN AND ROSENBERG,1
LAW OFFICES OF STEINBERG AND SPENCER,2
Law Offices of Stephan C. Volker,1
Law Offices of Stephanie Lake,2
Law Offices of Stephanie Lake; P.C.,1
Law Offices of Stephen E Gertler,1
Law Offices of Stephen E. Gertler,1
Law Offices of Stephen Gertler,1
Law Offices of Stephen R Paul,1
Law Offices of Stephen R. Paul,3
Law Offices of Stephen Sanders PLLC,1
Law Offices of Stephen W. Beane,1
Law Offices of Steve Gimblin,1
Law Offices of Steven Boyd & John Elmore,1
Law Offices of Steven Dolson,1
LAW OFFICES OF STEVEN DUDITCH,1
Law Offices of Steven Ibarra,1
Law Offices of Steven J Jacobson; P.A.,1
Law Offices of Steven J Malman & Associates,1
LAW OFFICES OF STEVEN J. JACOBSON PA,1
Law Offices of Steven J. Jacobson; P.A.,1
Law Offices of Steven J. Malman,1
Law Offices of Steven Kastner,1
LAW OFFICES OF STEVEN L WEINER,1
Law Offices of Steven L. Weiner,1
Law Offices of Steven M Robey PS,1
Law Offices of Steven M. Weiss Bush,1
Law Offices of Steven M. Williams,1
Law Offices of Steven R. Dolson,3
Law Offices of Steven T Parkman,1
Law Offices of Steven T. Parkman,1
Law Offices of Stewart Katz,1
Law Offices of Stuart Barasch,6
Law Offices of Stuart D Markowitz PC,1
LAW OFFICES OF STUART D MARKOWITZ PC,1
Law Offices of Stuart D Markowitz; PC,1
"Law Offices of Stuart D. Markowitz, P.C.",1
Law Offices of Stuart D. Markowitz; P.C.,2
Law Offices of Stuart D. Markowitz; PC,1
LAW OFFICES OF STUART H. GOLDENBERG,1
Law Offices of Stuart J Markowitz PC,1
Law Offices of Stuart N. Kaplan; P.A.,1
Law Offices of Stuart T. Barasch; Esq.,1
Law Offices of Sue-Del McCulloch,1
Law Offices of Sue-Del McCulloch; LLC,1
LAW OFFICES OF SUSAN R WASSERMAN,1
Law Offices of Susan R. Wasserman,10
LAW OFFICES OF SUSAN R. WASSERMAN,1
Law Offices of Suzanne M Carter,1
Law Offices of Tanusha Thuraisingam,2
"Law Offices of Tanusha Thuraisingam, PLLC",1
Law Offices of Taryn E. Curry,2
Law Offices of Ted B. Wacker,2
Law Offices of Terence A. Redmond,1
LAW OFFICES OF TERRY CARNES,1
LAW OFFICES OF THEODORE LEE,1
Law Offices of Thomas Ainsworth,1
Law Offices of Thomas Ainsworth III,1
Law Offices of Thomas D. Jones; P.C.,2
Law Offices of Thomas E. Pyles; PA,1
Law Offices of Thomas J. Henry,1
Law Offices of Thomas J. Henry; PLLC,1
Law Offices of Thomas J. Popovich PC,1
Law Offices of Thomas Kavanagh,1
Law Offices of Thomas M. Grasso; LLC,1
Law Offices of Thomas McCarthy Sr PC,1
Law Offices of Thomas S. Francis,1
Law Offices of Thornton-Green,1
Law Offices of Timothy A. Scott; APC,1
Law Offices of Timothy J Driscoll,1
LAW OFFICES OF TIMOTHY J SANTELLI PC,1
Law Offices of Timothy M. Burke,1
Law Offices of Timothy R White,1
Law Offices of Timothy R. White,1
"Law Offices of Timothy R. White, PC",1
Law Offices of Timothy S Clark,1
LAW OFFICES OF TODD A PETERSON,1
Law Offices of Todd A Wallman LLC,1
Law Offices of Todd F. Haines,3
Law Offices of Todd Haines,2
LAW OFFICES OF TOM MCGRATH,1
Law Offices of Tommy A. Ruedaflores,1
Law Offices of Tony Seaton,1
"Law Offices of Troy D Monge, APC",2
Law Offices of Troy D. Monge,3
"Law Offices of Troy D. Monge, APC",9
Law Offices of Tung T. Pham,1
Law Offices of Vel Belushin; P.C.,1
LAW OFFICES OF VENETIA K. CARPENTER-ASUI,1
Law Offices of Victor Alexandroff,1
LAW OFFICES OF VICTOR C. THUESEN,1
Law Offices of Victor Wu,1
Law Offices of Vladimir P. Devens LLC,1
Law Offices of Vladimir R Devens,1
Law Offices of W. Austin Allen; II,1
Law Offices of W. Bryant Green,3
Law Offices of W. Scott Sonntag; P.A.,1
Law Offices of Wade E Byrd PA,1
"Law Offices of Wade E. Byrd, P.A.",1
Law Offices of Wade E. Byrd; P.A.,1
Law Offices of Walter J Wabby,1
Law Offices of Wayne Joyner PC,2
Law Offices of Weiss and Kopit LLC,1
Law Offices of William C. Hudson Jr.,2
Law Offices of William C. Ruggiero,1
LAW OFFICES OF WILLIAM H. BERRY,1
Law Offices of William J. Fox; P.C.,1
Law Offices of William K. Brewer,1
Law Offices of William Mattar,1
Law Offices of William S Gann,1
Law Offices of William T. Kennedy,1
Law Offices of William V. Croswell,1
"Law Offices of Willie D. Gilbert, II",1
Law Offices of Woolston & Tarter,1
Law Offices of Yates & Schiller PA,1
"LAW OFFICES OF YATES & SCHILLER, P.A.",1
Law Offices of Z. Dean Hakkak,1
Law Offices of Zappettini & Bradley,2
LAW OFFICES OF ZAPPETTINI & BRADLEY;THOMAS GEORGE ASSOCIATES; LTD.,2
Law Offices of Zemsky & Salomon; P.C.,1
Law Offices Slatkin & Lupo,1
Law Offices Tisinger Vance; P.C.,1
Law offiices of Kenneth Hiller,1
Law Offs of Harry J Binder & Charles,1
Law Ofice of Craig Eiland,1
Law Ofices of Bou & Bou,1
Law Ofices of Friedberg & Bunge,1
Law Ofifces of C. Binder and H. Binder,1
Law Works; LLC,1
Law-Idaho PLLC,1
Law4Ag; LLC,1
LAWCOL COR PREMIUM TR ACCT;THEODORE W BARUDIN,1
LAWCOL CORPORATION PREMINUM TRUST;RICHARD P TRAULSEN,1
Lawe Offices of Kenneth Hiller,1
Lawfty Law,1
Lawfty Law; LLP,1
Lawrence  Berger,4
LAWRENCE  DAVID ROHLFING,1
Lawrence  Greenbaum,1
Lawrence  Hyman,1
Lawrence  Kelly,1
Lawrence  Levy,1
Lawrence  Rohlfing,2
LAWRENCE  ROHLFING,1
LAWRENCE  WITTENBERG,1
Lawrence  Wobbrock,1
Lawrence & Gerges; LLC,1
Lawrence & Russell PLLC;Paul William  Danielsen,4
Lawrence A Anderson,1
LAWRENCE A THROWER,1
LAWRENCE B SHALLCROSS,1
LAWRENCE D HASSELER,7
Lawrence D Rohlfing,17
LAWRENCE D ROHLFING,16
Lawrence D Rosenberg,1
Lawrence D. Rohlfing,5
Lawrence D. Rohlfing Law Offices,10
LAWRENCE DAVID  ROHLFING,1
Lawrence E Rushton,1
LAWRENCE H HEFTMAN,1
LAWRENCE H. HYMAN AND ASSOCIATES,1
Lawrence J Disparti,1
Lawrence J Greger,1
Lawrence J Regan,1
LAWRENCE J SOUZA,1
Lawrence J Weinstein,4
LAWRENCE J WEINSTEIN,4
LAWRENCE K KATZ,1
LAWRENCE K LAND PC,1
Lawrence Kahn Law Group; P.S.,2
LAWRENCE M PROSEN,1
Lawrence Rohlfing - Attorney at Law,1
Lawrence V Carra,1
LAWRENCE W FITTING PA,1
LAWRENCE W FITTING TRUST ACCOUNT,1
LAWRENCE Y GEE,1
LawrenceQueen,1
LAWSON & WEITZEN LLP,1
Lawson Legal Service; LLC,1
Lawter & Associates; PLLC,1
Lawter and Associates,1
LAWTON & CATES LLC,1
Lawton & Cates SC,3
Lawton & Cates; S.C.,3
Lawton & Cates; SC,1
LAWYER'S COMMITTEE FOR CIVIL RIGHTS;LAWYERS' COMMITTEE FOR CIVIL RIGHTS;ROBIN  GOLDFADEN,1
LAWYERS TR FUND FOR CATES LAW FIRM LLC,1
Layfield & Wallace; APC,1
LAYFIELD & WALLACE;MICHAEL BRAUN,2
Layser & Freiwald PC,1
LBC Law Group,1
Le & Le PLLC,1
Le Brocq & Horner; PLLC,1
Lea & Nivinskus,1
Lea Ellen  Fowler,1
Leach E McGreevy,1
Leader Law Firm,2
Leader Law; PLC,1
LEAH  BROKER,2
LEAH  GISSY,1
Leah Drexler-Dreis Esq.,3
Leahy & Hoste LLC,2
Leav & Steinberg; LLP,4
LEAVITT YAMANE & SOLDNER,1
Leavitt Yamane and Soldner,1
Leavitt; Yamane & Soldner,3
LEAVITT; YAMANE & SOLDNER,1
LEAVY SCHULTZ DAVIS & FEARING PS IOLTA,2
Lebau & Neuworth; LLC,2
Lebau and Neuworth LLC,1
Lebau and Neuworth; LLC,1
Lebowitz & Mzhen,1
Lebowitz & Mzhen LLC,1
Lebron Law Group PLLC,2
LECLAIR RYAN NEW  JERSEY IOLTA;LILI  BENEDA,1
LeClairRyan Attorney Trust Account,1
Ledereer & Nojima; LLP,1
Lederer & Nojima LLP,1
Ledger Law Firm,2
LEE  BOOTHBY,1
LEE  GREENSTEIN,1
Lee & Fairman,1
Lee & Fairman LLP,1
LEE & KAUFMAN LLP;MATTHEW A SLATER,1
LEE C ARTER,1
Lee H. Tockman and Associates; LLC,1
Lee Hoffoss Injury Lawyers; LLC,1
Lee J Rohn,1
Lee P Reno,1
LEE S ATKINSON,1
Lee; Eadon  Isgett Popwell & Readon,1
Lee; Myers & O'Connell; LLP,1
LEEAN M GREENWALD,3
Leen Chase & Dufour,1
Leen; Chase & Dufour,1
LEEPER & LEEPER,1
Leesfield & Partners,2
LEESFIELD & PARTNERS PA TRUST ACCT,1
LEFKOWICZ & GOTTFRIED LLP,1
Lefkowicz & Gottfried; LLP,2
LEFKOWITZ HOGAN & CASSELL LLP,1
LEFORCE & MCCOMBS TRUST II,1
Legacy Shield Law Firm PC,1
Legal Aid Justice Center,18
LEGAL AID OF NORTH CAROLINA; INC,1
Legal Aid of Southeastern PA,1
LEGAL AID SOC OF MID TN & THE CUMBERLAND,1
LEGAL AID SOCIETY,1
Legal Aid Society of San Diego,1
Legal Council for Health Justice,1
Legal Counsel; Inc,1
LEGAL FOUNDATION OF WASHINGTON,1
Legal Lion Emp Law Firm PLLC,2
Legal Lion Employment Law Firm,1
Legal Lion Employment Law Firm; P.L.L.C.,1
Legal Lion Employment Law Firm; PLLC,1
Legal Meets Practical; LLC,1
Legal Ninja LLC,1
LEGAL NINJA LLC,1
Legal Services Center of Harvard Law,1
Leger & Shaw,1
Leger Ketchum & Cohoon PLLC,1
LEGER LAW & STRATEGY LLC,2
Lehman Pastino,1
LeHoillier & Associates PC,1
Lehr Law; APC,1
"Lehrkind Law Office, P.C.",3
Leibowitz & Band LLC,1
LEIBOWITZ & WANG,1
Leibowitz Law Group,1
Leidner and Leidner APC,1
"Leigh Law Group, P.C.",1
Leighton H Rockafellow,1
Leighton Law; P.A.,2
Lein Law Office,1
Leizer Z Goldsmith,1
Leland & Wasserman,2
Leland C Lenahan III Attorney at Law,1
Leland S Beck,1
Lena  Beal-Cavness,1
Lenahan & Dempsey,1
Lenahan & Dempsey PC,1
LENAHAN & DEMPSEY PC,1
LENAHAN AND DEMPSEY PC IOLTA,1
Lenhardt Law Firm LLC,1
Lennon Miller PLC,1
Leno & Hamner; PC,1
LEO  ARNOLD,2
Leo  Shalit,1
LEO F SHARPE,1
Leo J Terrell,1
LEO M FLYNN,1
Leoanard  Poe,1
Leon  Schydlower,1
LEON  SCHYDLOWER,1
Leon A King; II,1
Leon E Campbell,1
Leon Law Firm PC,1
Leon Law PLLC,2
Leon M Boyajan,1
Leon M BoyaJan,1
LEON M BOYAJAN,3
LEONARD  GROSSMAN,1
LEONARD  GROSSMAN;MARTIN & JONES,1
Leonard  Morales,1
LEONARD  MORALES,1
LEONARD  PEDERSON;SCHULZE & PEDERSON; CHTD.,1
LEONARD  SILVERMAN,1
LEONARD  STAYTON,1
Leonard C Spector,1
Leonard H Brashear,1
LEONARD H BRASHEAR,2
Leonard Legal Group; LLC,1
LEONARD M ROOS;MARTIN  SIMONE;SIMONE & ROOS CLIENT TRUST ACCT,1
Leonard R Berman,1
LEONARD V SLYKE,1
Leonardo  Viota-Sesin,1
Leonardo J De La Cruz,1
Leopold-Kuvin,1
LEOPOLD~KUVIN; P.A.,2
Lepizzera & Laprocina,1
LEPLEY LAW FIRM;PATRICK H LEPLEY,1
Lepley; Engelman & Yaw; LLC,1
Lepore Luizzi; LLC,1
Lerner & Rowe,1
Lerner & Rowe Injury Attorneys,1
LERNER & ROWE PC IOLTA TRT ACC'T,1
Lerner & Rowe; P.C.,1
Lerner and Rowe,1
Lerner and Rowe; P.C.,1
Lerner Law Firm,1
"Lerner, Steinberg & Associates",1
Lerner; David; et al.; LLP,1
Lerner; Lerner & Assoc,1
Lerner; Moore; Silva; Cunningham & Rubel,1
LEROY M WHEELER,1
Les  Oakes,1
Leslie  Deak,5
LESLIE  DEAK,2
Leslie  Zork,1
Leslie J Levine,1
LESLIE K NEUHAUS,1
LESLIE L GLADSTONE,1
"Lessem, Newstat and Tooson, LLP",1
Lester & Hyldahl PLLC,1
Leticia A. Gonzalez Attorneys At Law,1
Levanthal Sutton & Gornstein,7
"Levanthal, Sutton and Gornstein",1
LEVENBAUM  TRACHTENBERG,1
Levenbaum & Trachtenberg Law Firm,1
Levenbaum Trachtenberg PLC,1
Levenbaum Trachtenberg; PLC,1
Levenbaume Trachtenberg PLC,1
"Levenson & Zieman, PC",2
Levental; Sutton & Gornstein,1
LEVENTHAL & KLEIN; LLP,1
Leventhal & Puga; P.C.,1
Leventhal Puga Braley,1
Leventhal Sutton & Gornstein,20
LEVENTHAL SUTTON & GORNSTEIN,6
LEVENTHAL SUTTON & GORNSTEIN;THOMAS D SUTTON,1
Leventhal Sutton & Gorstein,1
"Leventhal, Sutton & Gornstein",1
LEVENTHAL; SUTTON & GORNSTEIN,1
Leventis & Ransom,1
Lever & Stolzenberg; LLP,1
Levi  Barber,1
Levi Merrithew Horst PC,2
Levidow; Levidow and Oberman PC,2
Levin & Blit PLLC,1
Levin & Perconti,1
LEVIN & PERCONTI,1
Levin & Perconti LLC,1
Levin & Perconti LLP,2
"Levin & Zeiger, LLP",1
Levin Papantonio Rafferty,22
Levin Papantonio Rafferty Proctor,1
Levin Papantonio Thomas Mitchell,1
Levin Papantonio Thomas Mitchell et al,2
Levin Papantonio Thomas Mitchell PA,1
Levin Riback Law Group PC,1
"Levin, Papantonio, Proctor, Buchanan, O'Brien, Barr and Mougey, P.A.",1
Levin; Papantonio; Thomas; etc,1
Levin; Papantonio; Thomas; Mitchell,1
Levine & Slavit PLLC,1
Levine and Wiss; PLLC,1
Levine And Wiss; PLLC,1
Levine Benjamin,1
Levine Law LLC,1
LEVINE LEE LLP,1
LEVINE NAIR & LEVIN PC,1
LEVINE-PIRO LAW,1
Levine; Sullivan; Koch & Schultz; LLP,1
LEVINESS TOLZMAN & HAMILTON PA,2
LeViness; Tolzman & Hamilton,1
LeViness; Tolzman & Hamilton; P.A.,1
LeViness; Tolzman & Hamilton; PA,2
Levinson Axelrod PA,2
"Levinson Axelrod, P.A.",1
Levinson Axelrod; P.A.,2
LEVINSON AXELROD; P.C.,1
Levinson Law Group,1
LEVINSON LAW GROUP,1
Levitt & Kaizer,1
LEVITT & KAIZER;RICHARD WARE  LEVITT,1
Levitz & Kesselman; P.C.;The Redhair Law Group; P.C.,2
Levy & Nourafchan LLP,1
Levy Vinick Burrell  Hyams LLP,1
Lewis  Greenberg,1
Lewis  Insler,6
LEWIS  INSLER,3
Lewis  Schwartz,3
Lewis & Caplan APLC,1
LEWIS & CLARK LEGAL CLINIC,2
"Lewis & Feldman, LLC",1
Lewis and Keller,1
Lewis B Insler,19
LEWIS B INSLER,4
Lewis B. Insler,1
Lewis B. Insler; ESQ,1
"Lewis Babcock, LLp",1
Lewis Bart  Insler,2
Lewis Brisbois Bisgaard & Smith; LLP;Sonosky; Chambers,3
Lewis Coppedge PC,1
LEWIS G SPICER,1
Lewis Johs Avallone Aviles; LLP,1
Lewis Kullman Sterbcow & Abramson,1
Lewis L Schwartz,22
LEWIS L SCHWARTZ,6
Lewis L Schwartz PLLC,5
Lewis L. Schwartz PLLC,59
Lewis L. Schwartz; PLLC,2
LEWIS LAW FIRM,1
Lewis Lewis and Reilly,2
Lewis Owens & Mulherin,2
Lewis Rice LLC,36
Lewis Rice LLC;True North Law LLC,2
"Lewis Rice, LLC",16
Lewis Rice; LLC,40
Lewis Rice; LLC;True North Law; LLC,2
Lewis Roca Rothberber Christine; LLP,1
Lewis Roca Rothgerber Christie,1
LEWIS ROSENBERG O'DWYER GONALEZ ETC,1
"Lewis, Kullman, Sterbcow & Abramson",1
Lewis; Feinberg; Lee & Jackson; P.C.,2
LIA  DITRAPANO FAIRLESS;STEVEN D BANHART,1
Liakas Law; P.C.,1
LIANA  GARCIA,1
"Libbey Law Offices, LLC",2
LIBBY G FULGIONE,1
LIBERTY COUNSEL,1
Liberty Mutual Insurance Co,1
LICHTENSTEIN FISHWICK & JOHNSON; PLC,1
Lichtenstein Law Group,1
Liebenhaut Hesser,2
LIEBERMAN  ZAGORIA,1
LIEBERMAN & ZAGORIA,1
Lieberman & Zagoria PA,2
LIEBERMAN & ZAGORIA PA,6
LIEBERMAN & ZAGORIA; PA,1
Lieberman Ryan & Forrest LLC,1
LIEBERMAN RYAN FORREST,1
LIEBERMAN; RYAN AND FORREST,1
Ligget Law Group,1
Liggett Law Group,1
"Liggett Law Group, PC",1
Lighthouse Law Group,1
Ligon Law Group; LLC,1
Lilac City Law,1
Lillard Wise Szygenda PLLC,2
LILLESAND & ASSOCIATES,1
Lilley & O'Connell; PA,1
Limonta & Suarez,1
Lin & Chow,1
Linarducci & Butler P.A.,1
Linarducci & Butler PA,1
LINARDUCCI & BUTLER PA;STEVEN L BUTLER,1
LINCOLN  COMBS,1
"Lincoln Square Legal Services, Inc.",1
LINDA  CAPICY,1
Linda  Christe,1
LINDA  DUFF,1
LINDA  GILLIARD,1
Linda  Goldy,1
LINDA  GONZALES,1
Linda  Naas,1
Linda  Pettit,2
LINDA  PETTIT,1
LINDA  SOZZI,1
Linda  Worthington,1
LINDA  WORTHINGTON,2
LINDA  ZISKIN,2
LINDA E LEE,1
Linda E Worthington,1
Linda K Peterson,3
LINDA K PETERSON,1
Linda King & Associates,1
LINDA S PETTIT,1
LINDA S ZISKIN,5
LINDA SEMROW PC IOLTA,1
"Lindborg & Mazor, LLP",1
Lindell & Lavoie,1
Lindell & Lavoie LLP,1
Linder Law LLC,1
LINDLEY; WILEY AND DUSKIE; P.C.,1
Lindner Law LLC,2
Lindsay  Fulton Osterhout,1
Lindsay  Naas,1
LINDSAY  NAAS,1
Lindsay  Osterhout,1
LINDSAY & ANDREWS,1
Lindsay & Andrews PA,1
LINDSAY B LANG;STEPTOE & JOHNSON LLP ATTORNEY TR ACCT,1
Lindsay F Osterhout,5
Lindsay R Naas,2
LINDSAY R NAAS,1
Lindsay; Lindsay and Parsons,1
LINDSEY  GRUTTADAURIO,1
LINDSEY W HUNTER,1
Liner Law,1
Lingle Law Firm,1
Lingold Law Firm PLLC,1
LINNAN & FALLON; LLP IOLA ACCOUNT,1
Linne & Huston PLLC,1
Linnell Newhall Martin & Schulke PC,1
LINSEY W COOPER,1
Linton  Joaquin,2
LINUS  EVERLING,1
Linville Law Group,6
Lionel  Peabody,2
LIONEL  PEABODY,2
LIONEL H PEABODY,1
Lipcon Margulies; Alsina & Winkleman,1
"Lipeles Law Group, APC",1
Lipkin & Higgins,1
Lipman & Katz,2
Lippes Mathias Wexler Friedman LLP,1
Lippman Recupero,1
Lipschutz & Friedman,1
Lipsig; Shapey; Manus & Moverman; LLP,1
Lipsitz Green,1
Lipsitz Green Scime Cambria LLP,1
LIPSITZ GREEN SCIME CAMBRIA LLP,2
Lipsitz Green Scime Cambria; LLP,2
Lipsitz Green Scrime Cambria LLP,1
LIPSITZ; GREEN  SCRIME CAMBRIA LLP;MICHELE A BUNN,1
Lipton Law Firm,1
Lipton Legal Group; APC,1
LISA  BEENE,1
Lisa  Brener,1
Lisa  Chastain;Robert  Lovett,2
Lisa  Cocknill,1
LISA  COCKRILL,1
Lisa  Ellis,1
Lisa  Jones,2
LISA  KIM;Robert  Mazeau,1
Lisa  Lambert;Spears & Filipovits; LLC,1
Lisa  Long Cotton,1
LISA  PORTER,1
LISA  R.J. PORTER,3
LISA  TAYLOR,1
LISA  TAYLOR;LISA R J  PORTER,1
Lisa A Elizondo,1
Lisa A Taylor,2
LISA A TAYLOR,1
LISA B GOLAN,2
LISA C REYNOLDS,1
Lisa Chastain & Associates,1
Lisa Chastain and Associates,1
Lisa G Chastain,1
Lisa G Kim,1
Lisa J Porter;Lisa R Porter,1
Lisa K Rushton,1
LISA M BOONE,1
LISA M LIGAS,1
Lisa R J  Porter,3
LISA R J  PORTER,2
Lisa R J Porter,4
LISA R J PORTER,6
Lisa R Lipman,1
Lisa R Porter,23
LISA R PORTER,3
LISA R. J.  PORTER,1
Lisa R.J.  Porter,1
LISA R.J.  PORTER,5
LISA RJ  PORTER,1
Liss & Shapero,1
Lister  Hubbard,1
Little and Lattimore PA,1
Little; Oliver & Galla,2
LITTLEPAGE & ASSOCIATES; PA,1
LITTLER  MENDELSHN,1
LITTLER  MENDELSON,1
LITTLETON & ASSOCIATES,1
Litvin Law Firm; P.C.,3
Livgard Lloyd & Christel PLLP,4
"Livingston & Flowers Law, PLLC.",1
Livingston Law Group,2
Livio Galla,1
LJL; P.C.,1
LK Curti PA dba Curtis & Co,2
LLOYD  BAILEY;THOMAS GEORGE ASSOCIATES,1
LLoyd  Crocket,1
LLOYD B MILLER,7
LLOYD B MILLER;SONOSKY CHAMBERS  SACHSE ENDRESON & PERRY LLP,1
LLOYD B MILLER;SONOSKY CHAMBERS SACHSE ENDRESON & PERRY,1
LLOYD B MILLER;SONOSKY; CHAMBERS  SACHSE; ENDRESON & PERRY LLP,1
LLOYD B MILLER;SONOSKY; CHAMBERS;  SACHSE; ENDRESON & PERRY LLP,1
Lloyd E Peterson Jr,1
Lloyd E Tooks,1
Lloyd T Kelso,1
LLOYD W GATHINGS,1
Lloyd W Kitchens,1
LLP;MICHAEL D SEPLOW;SCHONBRUN DESIMONE SEPLOW & HOFFMAN,1
LM Law; PLLC,1
Locke Meredith Sean Fagan & Associates,1
Locks Law Firm,2
Loevy & Loevy,5
Loevy and Loevy,1
Loewenstein & Smith; PC,1
Loewinsohn Flegle Deary Simon LLP,1
"Lofaso Law Firm, LLC",1
Lofton & Lofton; P.C.,2
Lois  Wye;Mary  Fulghum,2
Lois  Wye;Molly  Williams,2
Loizzi Law Offices LLC,1
Lombardi and Lombardi; PC,1
LOMURRO DAVISON EASTMAN & MUNOZ PA,1
Lomurro Munson Comer Brown & Schoctland,1
Lomurro Munson LLC,1
LoMurro; Munson; Comer; Brown; Esqs.,1
Lomurro; Munson; Comer; Esqs.,1
Loncar & Associates,8
Loncar & Assocs.,1
LONCAR AND ASSOCIATES,1
Loncar and Associates Attorneys,1
Loncar Associates,2
Loncar Lyon Jenkins,1
LONG  NGUYEN,1
Long & Long,1
"Long & Long, P.C.",1
LONG DELAPOER HEALY MCCANN & NOONAN PC,1
Long Parker Payne Anderson & McClellan,1
Longfelder Law LLC,2
Longshot Law,1
Longshot Law P.S. Inc.,2
"Longshot Law, P.S., Inc.",4
Longshot Law; Inc.,1
Longshot Law; P.S.; Inc.,5
"Loose Law Group, P.C.",1
LOPEZ & HUMPHRIES PA,1
Lopez & Wu; PLLC,1
Lopez Conway Law,1
Lopez Toro; Estudio de Derecho,3
Loraine L Bright,1
LOREN  PARKER-JACKSON P.C.,1
Loren Collins PC,1
Loren Joner IOLTA Acct,1
Lorenz & Lorenz,1
Lorenz & Lorenz LLP,1
LORENZ & LORENZ LLP,1
"Lorenz & Lorenz, PLLC",1
Lorenzo  De Sanctis,1
Lorenzo  Hester,1
LORENZO  WILLIAMS,1
Lorenzo & Lorenzo,1
LORENZO W TIJERINA,3
Lori  Cianciulli,1
Lori A Mills,1
Lori Alvino  McGill,1
Lori M Bencoe,1
Lorianne  Nunes,1
LORIC Law Firm,1
LORINA  AGUILAR;THE LAW OFFICE OF CHERYL LANGSTON,1
Lorraine  Van Kirk,1
LORRE  SYLVAN SMITH,1
Los Angeles City Attorney,1
Los Angeles Department of Water & Power,1
Lotane & Associates PA,1
Lotempio P.C. Law Group,1
LoTemplo PC Law Group,1
Lott Law Offices,2
"Lott Law Offices, a Professional Law Corporation",1
LOU  PENDAS,1
Loughren Loughren & Loughren PC,1
Loughren; Loughren & Loughren; PC,1
Louis  Beary,1
LOUIS  BURKO,1
Louis  Garbrecht,1
Louis  Grandelli,1
Louis  Krass,1
LOUIS  PATINO,2
LOUIS A BERNS,1
Louis A DeSimone;Michael T Napolitano,1
Louis B Rubin,1
Louis B. Himmelstein & Assoc PC,1
Louis C Fiabane,1
"Louis Charles Shapiro, P.A.",1
"LOUIS G. BEARY & ASSOCIATES, P.C.",1
Louis G. Close; III LLC,1
Louis G. Close; III; LLC,1
Louis H Watson,1
LOUIS H WATSON JR;LOUIS H WATSON JR PA,1
LOUIS H WATSON;NICK  NORRIS,1
Louis M Corne,1
Louis P Chiozza,2
LOUIS P CHIOZZA,2
LOUIS P CHIOZZA JR,1
Louis P. Chiozza Jr.,1
Louis R Burko,2
Louis S Schwartz,1
Louis T. Cain; Jr. Attorney At Law,1
Louise  Mosher,1
LOUISE P VITTI,1
Louisiana Farm Bureau,1
"Louisville Injury Law Firm, PLLC",1
Louthian Law Firm,2
Love Law Firm,1
Lovenberg & Assoc PC,1
Lovenberg & Associates PC,1
LOVENBERG & ASSOCIATES PC,1
Lovett & Murray; PC,3
Lovett Law Firm,3
LOVETT LAW FIRM,1
LOVETT SCHEFRIN & HARNETT,1
Lovitz Law Firm,1
Lovitz Law Firm; P.C.,1
LOWE EKLUND WAKEFIELD & MULVIHILL,1
LOWE EKLUND WAKEFIELD & MULVIHILL CO LPA,1
Lowe Law Group,3
LOWE STEIN HOFFMAN ALLWEISS & HAUYER LLC,1
Lowe Trial Lawyers,1
LOWELL G HOWE,1
Lowell J. Kuvin,1
Lowell Stanley PC,1
Lowenberg Law Firm,1
Lowenstein Disability Lawyers,1
Lowenstein Disability Lawyers ALC,5
LOWENSTEIN DISABILITY LAWYERS ALC,1
"Lowenstein Disability Lawyers, ALC",2
Lowenstein Disability Lawyers; A.L.C,1
Lowenstein Disability Lawyers; A.L.C.,2
Lowenstein Disability Lawyers; ALC,7
LOWENSTEIN DISABILITY LAWYERS; ALC,1
Lowenstein Sandler LLP,4
Lowenstein Sandler; LLP,1
Lowenthal & Abrams PC,2
Lowery & Associates,1
Lowman Law Firm,2
Lowndes; Drosdick; Doster; Kandor & Reed,1
Lowrance Law LLC,1
Lozeau Drury; LLP;Sussman & Associates,1
LSRK LAW OFFICE P.C.,2
Luann  Weyhrauch,1
Luatsuson PS,2
LUBIN & MEYER PC,1
Lubin and Meyer; P.C.,1
Lubinski Reed – Klass S.C. Trust Account,1
Lubinski Reed & Klass S.C.,1
Lubinus Law Firm,1
Lubov Anderson LLC,1
Luca  Graldi,4
Lucas  Buhrow,1
Lucas & Cardenas PC,1
Lucas C Wilson,1
LUCAS M WATSON,1
"Lucas, Macyszyn & Dyer Law Firm",1
Luce Law; PC,1
Lucius  Hawes,1
Lucreita D Becude PA,1
Luddlum and King,1
ludlum & King LLC,1
Ludlum & King LLC,1
LUDLUM & KING LLC,1
"Ludlum & King, LLC",1
Ludlum and King llc,1
Ludwig Law Firm; LLC,1
LUEBBEN JOHNSON & BARNHOUSE LLP,1
Lugar Law,1
Luigi Tremante,1
Luis  De Los Santos,1
Luis  Dominguez,1
Luis  Perez,1
Luis  Perez Velez,1
LUIS  PEREZ-VELEZ,1
LUIS  RAFAEL-RIVERA,1
Luis A Carrillo,1
Luis A Segarra,4
LUIS A SEGARRA,13
Luis A. Segarra; P.A.,1
Luis G Diaz,1
LUIS R MELLADO,1
Luis R Rivera,2
LUIS R RIVERA  RODRIGUEZ,2
Luis R Sanchez,1
Luis Rafael Rivera Law Offices,1
Luis U Leon,2
LUIS U LEON,1
Luithlen & v. Stackelberg,1
"Lujan & Wolff, LLP",1
Luke  Everett,1
Luke  Gaither,2
Lukins & Annis; PS,1
Lukins and Annis,1
Lumpkin Reeves & Mestayer PLLC,1
Lundy Law,2
LUNDY LAW,1
Luneau & Beck; L.L.C.,1
Lupetin & Unatin,1
Luretha Stribling LLC,1
"Luschas, Naparsteck & Crane LLP",1
Lusk Drasites & Tolisano PA,1
Lutfy & Lutfy P.C.,1
Lutheran Social Services,1
Luttrell & Prezioso; PLLC,1
Lutz Pawk & Black,1
Lutz Shafranski Esqs.,1
"Lutz, Shafranski,Gorman,Mahoney&Lazzaro",1
LUVELLE L GLANTON,1
Luvera Law Firm,1
Luvera Law Office,1
Lydia  Duff,12
LYDIA  DUFF,19
Lydia Duff Esq.,3
"Lyfe Law, LLP",1
Lyle C Cavin,2
LYLE D LIEBERMAN,3
Lyman & Ash,1
LYMAN H REYNOLDS,2
Lynch & Lynch,1
Lynch Lynch Held Rosenberg PC,1
Lynch Traub Keefe and Errante P.C.,1
Lynch; Traub. Keefe and Errante,1
Lynette  Siragusa,1
LYNN  CRAWFORD,1
Lynn  Greiner,1
LYNN  MACK,1
LYNN  MACK;LYNN M ZUEHLSDORF-MACK,1
LYNN E GOAR,1
Lynn Jackson Shultz & Lebrun,3
Lynn L. Robinson ESQ.,1
LYNN LAW FIRM LLP; IOLA ATTORNEY TRUST,1
LYNN M ZUEHLSDORF-MACK,2
Lynn Tillotson Pinker & Cox; LLP,1
Lynn; Jackson; Shultz & Lebrun,1
Lynne S. K. Ventry; P. A.,1
Lyon Gorsky Gilbert & Livingston LLP,1
Lyon Law PC,3
LYONS & CLARK INC TRUST ACT,1
"Lyons & Clark, Inc",1
"Lyons & Clark, Inc.",1
Lyons & Clark; Inc.,1
Lyons & Lyons PC,1
Lyons and Lyons Co,1
Lyons Legal LLC,1
Lytal Reiter Smith Ivey & Fronrath,1
LYTAL REITER SMITH IVEY & FRONRATH,1
Lytal Reiter Smith Ivey & Fronrath LLP,1
Lytal; Reiter; Smith; Ivey & Fronrath,3
M B WALKER;MESIROW FINANCIAL STRUCTURE SETTLEMENT,1
M BLAKE  YAFFE,1
M FRANKLYN  ROMAN,1
M H Gertler,1
M JACQUELINE WALTHER KIELIAN & WALTHER,1
M K BLYTHE,1
M KEITH  BLYTHE,2
M Keith Blythe PA,1
M Kevin  Hausfeld,1
M LYNN  GREINER,1
M MORRISON  KERSHNER,1
M P Gross Law Firm PC,1
M TERRANCE  HOYCHICK,1
M. DALE  MARSH,1
M. JOEY  BERNARD,2
M. Keith Blythe P.A.,1
M. Keith Blythe; Attorney at Law,2
M. Ledet Law LLC,1
M. Mark Mendel LTD,1
M.L.  RANDLE,1
M.P. Gross Law Firm; P.C.;Ramah Navajo Chapter; Oglala Sioux Tribe;Sonosky Chambers Sachse Miller & Munson;VanAmberg Rogers Yepa Abeita Gomez,1
M.R.  Spikes,2
Maag Law Firm; LLC,1
Mabry & Mabry,1
MABRY LAW FIRM; LLC,2
Mabry Lewis Law Firm,1
Mac  Lacy,1
Mac  Schneider,3
MAC  SCHNEIDER,1
Mac A Greco,1
Mac Ban Law Offices,1
"Macari, Russotto, Spencer & Balaban",1
MACARONIS LAW FIRM,1
Macarthur Heder Metler Attorney's At Law,1
MacDonald Hoague & Bayless,3
MACDONALD HOAGUE & BAYLESS,3
MACDONALD HOAGUE & BAYLESS TR ACCT,1
MACDONALD HOAGUE & BAYLESS;MHB IOLTA TRUST ACCOUNT,1
MacDonald Hoague & Bayliss,1
MacDowell Law,1
MacDowell Law Office,1
MacDowell Law P.C.,1
MacDowell Law PC,12
Macfarlanes LLP,1
Machi & Associates; P.C.,1
Macias Law Firm,2
MACIEJEWSKI & CABRY PA;ZISSER ROBINSON BROWN NOWLIS,1
MACK  PARNELL,1
Mack & Associates PLLC,1
Mack Law Offices,1
Macke Law Office LLC,1
Mackenzie Law Office,1
MACKENZIE LAW OFFICE PA,1
Mackenzie Legal; PLLC,1
Macleay; Lynch & Lapidus; P.C.,1
MacMillan Scholz & Marks,3
MACMILLAN SCHOLZ & MARKS,1
MacMillan Scholz & Marks PC,5
MACMILLAN SCHOLZ & MARKS SF OREGON TRUST,1
MacMillan Scholz & Marks WA IOLTA Acct,1
MacMillan Scholz & Marks; P.C.,1
MacMillan Scholz Marks,1
"MacMillan, Scholz & Marks, LLC",3
"MacMillan, Scholz, and Marks, LLC",1
MacMillan; Scholz & Marks,3
MacMillan; Scholz & Marks PC,1
MACMILLAN; SCHOLZ & MARKS PC,1
MacMillan; Scholz & Marks; P.C.,3
MacMillan; Scholz and Marks PC,1
MacMillan; Scholz and Marks; PC,1
MacMillan; Scholz; and Marks LLC,1
MacPherson Law Center,6
MacPherson Law Office,1
Maddox & Laffoon,5
MADDOX & LAFFOON,2
Maddox & Laffoon PS,1
Maddox & Laffoon; P.S.,3
MADEO & FASANO,1
MAGELANER & ASSOCIATES,1
Mager A Varnado,1
Maggio Law Group,2
Maggio Law Group PLLC,3
"Maggio Law Group, PLLC",3
Magid & Williams; P.A.,1
Maglio; Christopher & Toale Law,1
Magnini Raab & Demuth LLP,1
Magnini; Raab; & Demuth LLP,1
Magro Law Firm,1
Maher Legal Services,1
Mahon & Berger,1
Mahon & Berger; Esqs.,1
"Mahoney Law Firm, LLC",1
Mahoney Law Group; APC,1
Mahoney Law PLLC,2
Mahoney Law; PLLC,1
Maier Gutierrez & Associates,2
Main Street Law LLP,1
MAINETTI MAINETTI & O'CONNOR PC,1
Mainor Wirth,1
Maintenance Assitance Programs Inc.,1
MAIR MAIR SPADE & THOMPSON LLC,1
Maire & Deedon,1
Maison Law,1
Maison Law APLC,2
Maison Law; ALPC,1
Maison Law; ALPCC,1
Maitre Giovannangeli,1
MAJORIE A SCHMOYER,1
Makofka Legal Group; PLLC,1
MALAISE & DAVIS LLP CLIENT TR ACCT,1
Malatesta Law Office,1
Malcolm L MacGregor,1
MALCOLM P MCCONNELL,1
Malcolm X Larvadain,1
MALCOLM X. LARVADAIN; ATTORNEY AT LAW,1
Maldonado Law Firm; PLLC,1
Malik A Shakur,1
MALINDA  GAUL,1
Malkinson & Halpern PC,1
Mallard & Sharp P.A.,1
Mallard & Sharp; P.A.,2
Mallilo & Grossman,5
MALLILO AND GROSSMAN,1
Mallon LLC,1
Mallon&McCool; LLC Attorney Escrow,1
Malloy Law Firm,3
"Malloy Law Offices, LLC",1
Malloy Law Offices; LLC,4
MALM & LAFAVE,1
MALMAN LAW FIRM,1
Malnar Law PC,1
Malone Tauber & Sohn PC,1
Maloney & Mohsen PLLC,3
Maloney & Mohsen; PLLC,1
Maloney Law & Assoc,1
"Maloney Law Office, LLC",1
Maloney-Lyons; LLC,1
MALOOF LEBOWITZ CONNAHAN & OLESKI,1
Malouf & Associates,1
Malouf & Associates; Esq.,1
Malyszek & Malyszek,1
Mammuth and Rosenberg PC,1
MANALI  ARORA,1
Manatt Phelps & Phillips LLP,1
"Manatt, Phelps & Phillips, LLP",1
Manatt; Phelps & Phillips LLP,2
Manatt; Phelps & Phillips; LLP,3
Manchin Injury Law Group,1
Manchin Injury Law Group PLLC,8
Manchin Law Group,1
Mancini Schreuder Kline P.C.,1
MANDEL RAUCH & LAMMERS PC,1
Mandell Boisclair & Mandell LTD,1
MANDY L STRIGENZ,1
Mandy L Strigenz PC LLO,1
Maney & Gordon,1
Maney & Gordon; P.A.,1
MANEY & GORDON; PA,2
MANEY AND GORDON PA,1
MANFREDONIA LAW OFFICES; LLC,2
Mangan & Ginsberg; LLP,1
Manhattan Legal Services,2
Manibog Law PC,1
"Manibog Law, PC",1
"Manley Shipley, LLP",1
Manly Shipley; LLP,1
"Manly, Stewart, & Finaldi, APC",12
Mann & Potter,1
Mann & Potter PC,2
Mann Law Firm PC,1
Manne Law Firm,1
Manning & Farrell,1
MANNING & KASS TRUST ACCT,1
Manning & Kass; Ellrod; et al LLP,1
Manning & Kass; Ellrod; Ramirez,1
Manning & Kass; Ellrod; Ramirez;,1
Manning & Zimmerman PLLC,2
MANNING LAW FIRM LLC,1
MANNING; KASS; ELLROD; RAMIREZ TRESTER,1
Manny  Ibay,1
Manoukian and Associates,1
Manring & Farrell,49
MANRING & FARRELL,1
Manring and Farrell,3
Mansfield Melancon Crammer & Dick,2
Manual  Porro Vizcarra,1
Manuel  Cobian-Roig,1
Manuel  Deeter Serpa,1
Manuel  Diones,1
MANUEL  DURAN-RODRIGUEZ,1
Manuel  Guerra,1
Manuel  San Juan,4
MANUEL  SAN JUAN,2
MANUEL & THOMPSON PA,2
MANUEL A RODRIGUEZ-BANCHS,1
Manuel D Serpa,2
Manuel San Juan  De Martino,1
Manza and Moceri; p.s.,1
Maples Nix Diesselhorst & Iolta,1
Maples; Nix & Diesselhorst; PLLC,2
Mapp & Parker; P.A.,1
"MAR Law Group, PSC",1
MAR Law Group; PSC,3
Marasco & Nesselbush LLP,3
MARASCO & NESSELBUSH LLP,1
Marasco & Nesselbush; LLP,1
Marasco & Nessellbush; LLP,1
Marashi & Associates; P.A.,1
MARC  ANTHONY ARRIGO,1
Marc  Gilson;Monique  Dardinne,1
Marc  Gladner,1
Marc  Gnade,1
Marc  Kalagian,4
Marc  Mabile,1
MARC  WHITEHEAD,1
Marc A. Kaufman & Associates; P.A.,1
Marc D Mabile,1
MARC E BENGUALID,1
MARC E WEINSTEIN;THE WEINSTEIN LAW FIRM IOLTA,1
MARC F GREENFIELD,1
Marc G. Pera; Esq.,1
MARC H SNYDER,1
MARC I BARETZ,2
MARC I SIMON;SIMON & SIMON PC,1
Marc J Bern & Partners,1
"Marc J Bern and Partners, LLP",1
Marc J Levy,2
Marc J Shefman,1
Marc J Shepcaro,2
Marc J. Bern & Partners LLP,1
"Marc J. Bern & Partners, LLP",2
Marc J. Levy; Esquire LLC,1
Marc J. Levy; Esquire; LLC,2
Marc Katzman Law,1
Marc L. Shapiro P.A.,1
Marc L. Shapiro; P.A.,1
Marc R Silverstein,1
Marc S Bragg,1
MARC S DORMAN,1
Marc S Dorman & Assoc PC,1
Marc S Harding,1
MARC S PITTINARO,1
Marc S. Dorman & Associates; P.C.,1
Marc Stewart Law; PLLC,1
Marc V Kalagian,9
MARC V KALAGIAN,1
Marc Whitehead & Associates,1
Marcari Russotto Spencer,1
Marcari Russotto Spencer & Balaban,13
Marcari Russotto Spencer & Balahan,1
Marcari Russotto Spencer and Balaban,4
Marcari Russotto Spencer Balaban,2
MARCARI RUSSOTTO SPENCER BALABAN,1
MARCARI RUSSOTTO SPENCER BALABAN P.C,1
Marcari Russotto Spencer Balaban PC,3
"Marcari, Russotto, Spencer & Balaban",17
"Marcari, Russotto, Spencer and Balaban",2
"Marcari, Russotto, Spencer, & Balaban",7
Marcari; Russotto; Spencer/Balaban; P.C.,1
Marcek Law Firm,1
Marcel  Weisman LLC,1
Marcelina  Hollender,1
Marcellous  McZeal,1
MARCELO LUIS  NAPOLI;MARISA ROSANA  ABIUSO,6
Marchetti Law PLLC,1
MARCHETTI LAW PLLC,1
Marcia  Margolius,2
Marcia Margolius,1
Marcia W Margolis,1
Marcia W Margolius,7
MARCIA W MARGOLIUS,1
Marcia W. Margolius,1
MARCIE  GOLDBLOOM,1
Marcie E Goldbloom,1
MARCIE E GOLDBLOOM,1
Marcin  Gubernet,1
Marcin  Lambirth,1
MARCK C TANENBAUM PA,1
Marco  Livi,1
Marco  Mercaldo,2
MARCOS  GARCIA;ROBERT  RUBENSTEIN P.A.,1
Marcum Law Office; PLLC,1
MARCUS  GOWENS,1
MARCUS  MEARS,1
Marcus B Slater,1
Marcus J Poullard,1
MARCUS; WATANABE & DAVE LLP,1
Marden & Seledee; LLC,1
MARE J SMITH;SMITH LEASE & GOLDSEIN LLC,1
MAREK GRIFFIN & KNAUPP,2
MAREK GRIFFIN & KNAUPP TRUST ACCT,2
"Marek, Griffin & Knaupp Law",1
Marek; Griffin & Knaupp,1
MAREK; GRIFFIN & KNAUPP,1
Marek;Griffin&Knaupp Trust,2
Maren A Bam,1
MARGARET  BLACKWOOD DEVRIES,1
MARGARET  GAUTHIER,1
Margaret  Hammond Jackson,1
MARGARET  HAMMOND JACKSON,2
Margaret  Hammond-Jackson,1
MARGARET  HAMMOND-JACKSON,1
Margaret  Simonian;Ray  Brown,1
Margaret A Anthony,1
Margaret A Schmoyer,1
MARGARET A SMITH,1
Margaret B DeVries,2
MARGARET B DEVRIES,1
Margaret E Drake,1
Margaret Lehrkind,1
Margaret M Maisel;Tineman Scott  Sciano Inc,1
MARGIL  SANCHEZ JR,1
"Margo Julius Law, Prof., LLC",1
Margo R Julius,1
Margol & Margol; P.A.,1
Margolies Law Office,1
MARGOLIS  EDELSTEIN IOLTA;RICHARD J MARGOLIS,1
Margolis Edelstein,1
Margolius & Margolius,3
Margolius Margolius,9
Margolius Margolius and Associates,1
Margolius; Margolius & Assoc.,3
Margolius; Margolius & Assoc.; LPA,1
Margolius; Margolius & Associates,3
Margolius; Margolius and Assoc.,1
Margolius; Margolius; & Associates,1
Margolius; Margolius; and Assoc.; LPA,1
Margullis Luedtke & Ray PLLC,1
Mari C Bush,1
MARI K TOWNSEND,1
MARIA  BALDINI-POTERMIN,1
MARIA  BALDINI-POTERMIN & ASSOCIATES,1
Maria  Guarascio,1
MARIA  MORIC,1
MARIA A MATTOX,3
Maria Baldini Potermin & Asso PC,1
MARIA BALDINI-POTERMIN & ASSOC,1
Maria C Mayo,1
Maria G Torres,1
MARIA ISABELLE  RAMOS-ARTUNDAGA,1
Maria Laura  Sigaud Hernandez,1
MARIA LAURA  SIGAUD HERNANDEZ,1
Maria Laura S Hernandez,1
Maria Luisa  Castilho,1
MARIA MASSONG PLLC IOLTA ACCOUNT,1
MARIA T BLADINI-POTERMIN,1
Mariana D Garcia-Garcia,1
Marianna  Knight,1
Marianna  McKnight,13
MARIANNA  McKNIGHT,1
MARIANNA  MCKNIGHT,6
Marianna E Amos,1
Marianna E McKnight,17
MARIANNA E MCKNIGHT,26
Marianna F McKnight,1
MARIANNA F MCKNIGHT,1
MARIANNE  MALVEAUX,1
MARIANNE  SAWICKI,1
Marianne E Knight,1
Marianne E Lado,1
Marianne E McKnight,1
MARIANNE E MCKNIGHT,1
MARIANO GARCIA ATTORNEY,1
Mariano Morales Jr,1
MARIBEL  BONILLA,1
Maricarmen  Almodovar,1
Maricarmen  Almodovar-Diaz,1
MARICARMEN  MARQUEZ,1
MARIE  CRAWFORD,1
MARIE  MATTOX,2
MARIE  MATTOX PA,2
MARIE  MATTOX;MARIE MATTOX LAW FIRM,1
MARIE A BOOKMAN,1
Marie A Matlox PA,1
Marie A Mattox,6
MARIE A MATTOX,6
MARIE A MATTOX PA TR ACCT,1
MARIE A MATTOX PA TRUST ACCOUNT,1
Marie A Mattox; P.A.,1
Marie A. Mattox Law Firm,1
Marie A. Mattox P.A.,1
Marie A. Mattox PA,1
"Marie A. Mattox, P.A.",1
Marie A. Mattox; P.A.,1
Marie A. Mattox; PA,2
MARIE M MATTOX,1
Marie Mattox P.A.,2
"Marie Mattox, P.A.",2
MARIE RICCIO  WISNER,1
Marijke van der Sanden,1
Marilyn David Esq.,1
Marilyn P Hamilton Law Firm,1
Maring Williams Law Office,2
Marino Finley LLP,2
MARIO  MEDRANO,1
MARIO  SERRALTA,1
Mario A Castillo,1
MARIO A CASTILLO,1
Mario A Cisneros,1
Mario A Pacella,5
MARIO A PACELLA,4
Mario de la Garza PC,1
Mario E. Perez,1
MARIO M MEDRANO,1
Marion C Kelly,1
MARION W CAIN,1
MARION W CAIN PC,1
Marisa  Williams; Williams & Rhodes,1
Marisa  Williams;Williams & Rhodes LLP,1
Marjorie  Schmoyer,1
Marjorie A Murphy,1
Marjorie A Schmoyer,9
MARJORIE A SCHMOYER,3
MARK  BERKOWITZ;MARK CONRAD ATTORNEY AT LAW PC,1
Mark  Bocci;William K Dozier; Jr.,2
Mark  Bronstein,1
Mark  Buchner,2
MARK  BUCHNER,2
Mark  Caldwell,7
Mark  David,2
MARK  ELLIOTT,1
MARK  ERDBERG,1
MARK  FLORES,1
MARK  GALLAGHER,1
MARK  GORDON,1
MARK  HALBERSTAM,1
Mark  Hardcastle,1
Mark  Kemper,1
MARK  KRAMER,1
MARK  KRATINA,1
MARK  KREMSER,1
Mark  Krisher,1
Mark  La Rocque,1
Mark  Livingston,1
Mark  Martens,1
Mark  McMahon,1
MARK  MUELLER;MUELLER LAW PLLC IOLTA ACCT,1
MARK  NEAL,1
Mark  Oring,1
Mark  Pickett,1
MARK  PIERCE;MICHAEL L SLACK;SLACK & DAVIS LLP IOLTA ACCT,1
Mark  Prugh,1
MARK  REEVES,1
MARK  RUFO,1
MARK  RUTZICK,2
MARK  SCHNEIDER,1
MARK  SEWALL;SIGMAN JANSSEN STACK SEWALL & PITZ,1
Mark  Silverman,1
Mark  Solomon,1
MARK  SOLOMON,1
Mark  Szaflarski,1
MARK  SZAFLARSKI,1
MARK  WASINGER,1
Mark  Williamson,1
MARK  YOUNG;PATTERSON BELKNAP WEBB & TYLER LLP,1
MARK  ZAID,1
MARK A ACUNA,1
MARK A ANDERSON,2
MARK A DOMBROFF;THOMAS B ALMY,1
Mark A Ford,1
MARK A GILBERT,1
Mark A Healey Law Firm,1
MARK A HUNT,1
Mark A Kaire,1
Mark A Prada,1
MARK A RASSAS;RASSAS NORTH & ASSOCIATES,1
Mark A Rouse,1
Mark A Simon,1
Mark A Sternlicht,1
Mark A Vander Laan,1
MARK A WEYCER,1
Mark B Levin,1
MARK B SEGAL,2
Mark Berkowitz Esq.,1
MARK C BARULICH,1
Mark C Berset;Morgan & Weisbrod; L.L.P.,1
MARK C BLANE,1
MARK C CHOATE,1
Mark C Dewland PC,1
Mark C Leventen,1
Mark C Prugh,1
Mark Caldwell P.C.,1
Mark Caldwell PC,1
Mark Caldwell; PC.,1
Mark Cargill; Attorney at Law,2
Mark Conrad Attorney at Law; PC,2
Mark D Cox,1
MARK D JOHNSON,1
MARK D KNIGHT,1
MARK D LEVERETT,1
MARK D LYONS,1
Mark D Morrisette;McDowell &  Osburn PA TRT Account,1
Mark D Pierce,3
MARK D PIERCE,4
MARK E BUCHNER,3
Mark E Elliott,1
MARK E JOHNSON,1
MARK E SALOMONE,1
Mark E Salomone Law Offices,1
MARK E SEITELMAN,1
Mark E Williams,3
MARK E WILLIAMS,1
Mark Ethington,1
MARK F GALLAGHER,1
MARK G BERGAL,1
Mark G Jackson,1
Mark G Pitts,1
Mark G Schneider,1
MARK G SCHNEIDER,2
Mark G Szaflarski,4
MARK G SZAFLARSKI,1
MARK G TRIGG,1
Mark G. Szaflarki; P.C.,1
Mark Gervelis DBA Gervelis Law Firm,1
MARK H BAKER,1
Mark H Cantor,1
MARK H CANTOR,1
MARK H FREEMAN,1
Mark H Riesenfeld,3
Mark H. Wissehr; PC,1
Mark Hurt Law Firm,1
MARK I SIMON;SIMON & SIMON PC,1
Mark J Berkowitz,1
Mark J Keller,2
MARK J METZGER,2
MARK J MOLZ,1
Mark J Rudolph,3
MARK J RUDOLPH,1
Mark J Shapiro Law Offices,1
"Mark J. Berkowitz, P.A.",2
Mark J. Berkowitz; P.A.,1
"Mark J. Bern & Partners, LLP",1
MARK K McDONALD,1
Mark K Norris,1
MARK K SCHWARTZ,1
MARK L MCGUIRE,1
Mark L Rosenberg,1
Mark L Shapiro,1
Mark L. Karno; Esq,1
Mark L. Morgan & Associates,1
Mark L. Rosenberg; P.A.,1
Mark M McDonald,15
MARK M MCDONALD,23
Mark M McDonald Jr,1
MARK M SPATZ,1
Mark M. Basichas & Associates; P.C.,1
Mark P Cressman,1
Mark R Caldwell,6
MARK R MURRAY,1
MARK R NIVINSKUS,1
Mark S Davis,1
MARK S GERVELIS,1
MARK S KENNEDY,2
Mark S Loria,1
Mark S Scheffer,1
Mark S Zaid,1
Mark S. Loria; Esq. Attorney At Law,1
Mark Smith; LPA,1
"Mark Szaflarski, PC",1
Mark Szaflarski; P.C.,5
Mark T Hurt,1
Mark Thomas & Associates; P.C.,2
Mark V.L.  Gray,1
MARK W EPSTEIN;WENDY  MUSELL,1
MARK W HOSTETTER,2
MARK W HOWES,1
Mark W Moran;Michael S Gilmore,1
Mark W Napier,1
Mark Weimer PC,1
Mark; Griffin & Knaupp,1
Markcity Rothman Cantwell Breitner,1
"Markcity, Rothman, Cantwell & Breit",1
"Markcity, Rothman, Cantwell, Breitner PA",1
MARKCITY; ROTHMAN & CANTWELL PA,1
Markcity; Rothman; Cantwell & Breitner,1
Markel Corporation,1
Marken Law Group; PS,1
Markesbery & Richardson Co.; L.P.A.,1
Markham & Company Inc,1
MARKK F UNDERWOOD,1
Markman & Tomashin,1
MARKOWITZ  GRAVELL LLP,1
MARKOWITZ  GRAVELLE,1
"Markowitz & Barkoff, P.C.",1
Markowitz & Richman,1
MARKOWITZ HERBOLD GLADE & MEHLHAF; PC,1
Markowitz Law Group,1
Markowitz LLP,2
Marks & Glass,1
MARKS & HARRISON,1
Marks & Harrison; P.C.,1
Marks and Harrison PC,1
Marks; Clare & Richards; LLC,1
Marks; Golia & Pinto; LLP,1
MARLANE  SCHWARTZ-MANTRANA,1
Marlin R. Davis; PC,3
Marlowe Law Offices,1
MAROUF LAW GROUP PLC,1
MARQUES O PETERSON,2
Marquis Aurbach,1
MARQUIS AURBACH  COFFING,1
Marquis Aurbach Coffing,1
Marquiz Law Office; P.C.,1
MARRS LAW FIRM TRUST ACCOUNT,1
MARSDEN  & SELEDEE LLC,1
MARSDEN & SELEDEE,2
Marsden & Seledee LLC,2
MARSDEN & SELEDEE LLC,2
Marsden & Seledee; LLC,1
MARSDEN & SELEDEE; LLC,1
MARSDEN BOTSARIS & SELEDEE PA,2
MARSDEN BOTSARIS AND SELEDEE LLC,1
MARSH RICKARD & BRYAN TRUST ACCT,1
Marsh; Rickard & Bryan; P.C.,2
Marsh; Spaeder; Baur; Spaeder & Schaaf,1
Marshall  White,1
MARSHALL & MARSHALL IOLTA,1
Marshall & Morrow LLC,1
"Marshall & White, PC",1
MARSHALL B PITTS,1
Marshall B. Pitts; Jr.; P.C.,1
"Marshall Conick, Attorney at Law",1
Marshall Dennehey Warner,1
MARSHALL E KRESMAN,1
MARSHALL LAW FIRM IOLTA TR ACCT,1
Marshall Law Firm LLC,2
Marshall P Whalley & Associates PC,1
MARSHALL ROTH & GREGORY,1
MARSHALL ROTH & GREGORY PC,1
MARSHALL T BURNETT,1
Marshall V. Grier; LLC,1
Marshall W Conick,3
"Marshall W Conick, Attorney at Law",1
"Marshall W. Conick, Attorney at Law",3
Marshall W. Conick; Attorney at Law,8
Martelle & Associates,1
MARTEN LAW LLP,1
MARTENS & ASSOCIATES,1
MARTHA  RICKEY,1
MARTHA G BURCHETT-BOWER,1
MARTHA H MUNSCH,1
MARTHA KOTT ATTORNEY IOLTA ACCT,1
Martial A Webster,1
MARTIAL A WEBSTER,1
Martial A. Webster; Sr.; Esq.,1
MARTIN  GORIN,1
MARTIN  JAFFE,1
MARTIN  KRIEGER,1
MARTIN  KRIGER,1
MARTIN  LEVINE;SHULMAN ROGER  GANDAL PORDY & ECKER P.A.,1
Martin  Rodriguez,1
MARTIN  SCHIOWITZ,2
MARTIN & HART PC IOLTA ACCT,1
Martin & Jones,7
MARTIN & JONES,5
Martin & Jones Attorneys at Law,2
Martin & Jones Attorneys At Law,1
"Martin & Jones, PLLC",1
Martin & Jones; PLLC,1
Martin & Nelson LLP,1
MARTIN A HARRY,1
Martin and Jones,4
Martin and Jones Attorneys at Law,2
"Martin and Jones, PLLC",2
Martin and Martin; PA,1
MARTIN CUKJATI RICHMAN IOLTA ACCOUNT,1
Martin Disiere Jefferson & Wisdom LLP;Ryan K Geddie,1
Martin Druyan and Associates,1
MARTIN E LEACH;RICHARD B BURKE LAW OFFICES TA,1
MARTIN G GOCH,1
Martin H Mathers,1
Martin Hannan PA,1
Martin Harding & Mazzotti,2
Martin J Cohen,1
Martin Jean Jackson Attorneys at Law,1
Martin Jones & Piemonte,31
Martin Jones & Pieomonte,1
Martin Jones Piemonte,1
Martin Kane Kuper Attorneys at Law,1
"Martin Kane Kuper, LLC",1
Martin Law Office,1
Martin Law Office; SC,1
MARTIN M SEINFELD,1
Martin Pringle Attorneys at Law,1
MARTIN PRINGLE OLIVER; WALLACE & BAUER,1
Martin R Cohen,1
MARTIN R KRIGER,1
MARTIN R SALZMAN OF HENDRICK PHILLIPS,1
Martin R Welles,1
Martin Shobbrook,1
Martin T McDonough,1
Martin Walker; PC,1
"Martin, Jones & Piemonte",22
"Martin, Jones & Piemonte-Decatur",10
"Martin, Jones, & Piemonte",4
Martin; Cukjati and Tom; LLP,1
Martin; Harding & Mazzotti LLP,1
Martin; Jones & Peimonte,1
Martin; Jones & Piemonte,37
Martin; Jones and Piemonte,3
Martin; Jones; & Piemonte,16
Martin; Jones; and Piemonte,1
Martin; Tate; Morrow & Marston; PC,1
Martin;Jones & Piemonte,1
Martindale & Associates; PA,1
Martinez & Associates PLLC,2
MARTINEZ & ASSOCIATES; P.L.L.C.,1
Martinez & Associates; PLLC,3
Martinez & Martinez Law Firm,2
MARTINEZ & MARTINEZ LAW FIRM,1
Martinez & Martinez Law Firm PLLC,1
Martinez & Martinez Law Firm; PLLC,4
Martinez & Martinez PLLC,1
Martinez and Associates; PLC,1
Martinez Hart  & Thompson P.C.;Renee L Diamond,1
MARTINEZ HART & THOMPSON PC,1
Martinez Hart Thompson & Sanchez PC,1
Martinez King Law Firm PLLC,2
Martinez Law Group,1
Martinez Manglardi Attorneys,1
Martinez Manglardi; P.A.,1
Martinez Odom Law Group,1
"Martinez, Hart, Sanchez & Romero PC",1
MARTINIAN & ASSOCIATES -CLNT TRT ACCT,1
Martinian & Associates Inc,1
Martinian & Associates; Inc,1
Martinian and Associates; Inc.,1
Martinous Law Associates,1
Martone Law Firm,9
MARTONE LAW FIRM,1
MARTONE LAW FIRM P.A.,1
Martone Law Firm PA,5
MARTONE LAW FIRM PA,7
Martone Law Firm; P.A.,3
MARTONE LAW FIRM; P.A.,1
Martone Law Office,2
MARTY I ROSENBAUM,1
MARTZELL & BICKFORD,1
Marvel E Lewis,1
Marvin  Fuhrman,1
Marvin  Liss,1
MARVIN  LISS PC,1
MARVIN  SHEBBY,1
Marvin  Smith,1
Marvin & Asso,3
Marvin & Asso.,2
Marvin & Assoc,1
Marvin & Assoc.,2
Marvin & Associates,199
Marvin & Associates P.C.,2
Marvin & Associates PC,30
"Marvin & Associates, P.C.",24
"Marvin & Associates, PC",4
Marvin & Associates; P.C.,11
Marvin & Associates; PC,4
Marvin & Associates. P.C.,1
MARVIN A ROBON,1
Marvin and Associates,2
Marvin and Associates; P.C.,2
Marvin and Associates; PC,2
MARVIN B PETERSON PC IOLTA ACCT;MARY ANN  STARKS,1
MARVIN H GREENBERG,1
MARVIN LISS P.C. IOLTA ATTY TRUST ACCT,1
MARVIN LISS; PC IOLTA,1
Marvin S Schulman,1
MARVIN S SHEBBY A LAW CORP,1
Mary  Burchett-Bower,1
MARY  DORNBUSCH,1
Mary  Dryovage,1
MARY  DRYOVAGE,1
MARY  DRYOVAGE;WENDY  MUSELL,1
Mary  Meadows,1
Mary  Morningstar,65
MARY  PARKER;RASSAS  NORTH & ASSOCIATES TRT CHECKIN,1
MARY A FINDLING;THOMAS E HAMER,1
MARY A GILSON;MENDEL  & ASSOCIATES,1
Mary A Miller & Associates,1
Mary A Parker,1
MARY A ROYLE,1
Mary A Williams,1
Mary A. Miller & Assoc.; LLC,1
Mary A. Miller & Associates; LLC,1
MARY ANNE  ROYLE,1
MARY C SLEATER,1
Mary E Gill,1
MARY ELLEN  VALES,1
MARY ELLEN DAVIS LAWYER IOTA TR ACCT,1
MARY G BURCHETT,1
Mary G Burchett-Bower,9
MARY G BURCHETT-BOWER,3
MARY G BURCHETT-GOWER,1
MARY K HOEFER,5
MARY L SFASCIOTTI,1
Mary L Woehrer,2
Mary Morningstar,7
Mary P Morningstar,11
MARY RANDOLPH  SARGENT,1
Mary S Wenzl;Wenzl  Law,1
Mary Schultz Law PS,1
Mary T Meadows,2
Marye Law Firm,1
MARYJEAN  ELLIS,1
MARYLAND LEGAL SERVICES CORP,1
MARYLAND LEGAL SERVICES CORPORATION,1
Marzouk Law LLC,2
Marzulla Law LLC,4
Marzulla Law LLC;Safari Club International,2
Marzulla Law; LLC,1
Marzzacco Injury Law,1
Maserow Law Office,1
"Masington, Reigel & Goldeberg LLC d/b/a ARM Lawyers",1
"Masington, Riegel & Goldberg, LLC d/b/a ARM Lawyers",2
Mason & Isaacson; P.A.,1
Mason LLP,16
MASON; CAWOOD & HOBBS PA;PAMELA J DIEDRICH,1
Massey & Associates,1
Massey & Duffy Tr Acct,2
Massie Law Firm; PC,1
Massimo & Panetta; P.C.,1
Massood Law Group,1
Mastagni Holstedt; A.P.C.,1
MASTER ESCROW ACCOUNT;MEGAHAN  LARGENT,1
MASTER WEINSTEIN SCHATZ & MOYER PC,1
Master Weinstein Schatz Moyer PC,2
Mastrangelo Law Offices,1
Mat A Slechter,1
MATHEW  SHAFFER;SCHECHTER MCELWEE SHAFFER & HARRIS LLP,1
Mathew  Watson,1
MATHEW & ASSOCIATES,1
Mathew B Tully,1
MATHEW L MILLEN,1
MATHEW L MILLEN CLIENT TRUST ACCOUNT,1
MATHEW R WIMER;WIMER LAW OFFICES,1
Mathias Raphael PLLC,1
MATHIS &  MATHIS PC,1
MATHIS & MATHIS,1
MATHIS & MATHIS PC,4
Mathis & Mathis; PC,1
Mathis Bates & Klinghard PLLC,1
Mathis; Marifian; & Richter Ltd.,1
Matiasic & Johnson LLP,1
Matiasic; Roth; & Johnson LLP,1
MATISON & MARGOLESE,1
Matkoff and Shengold,1
MATKOFF SHENGOLD BURKE LONDON ETC,1
Maton & Assoc.; PC,1
Matrix Risk Management Solutions,1
MATT  CHANEY,1
Matt  Greenbaum,1
MATT  MOHILL,1
MATT  O'HERRON,1
Matt  Renda,1
MATT  RENDA,1
MATT  SANDLER,1
MATTHEW  BISHOP;WESTERN ENVIRONMENTAL LAW CENTER,1
MATTHEW  BRETZ,1
MATTHEW  CHANEY,1
MATTHEW  GRIFFING;THE LAW OFFICES OF CHRISTOPHER MORROW,1
MATTHEW  KENNA,1
Matthew  Ketcham,1
Matthew  Littleton,1
Matthew  McIntyre,1
Matthew  Richter,3
MATTHEW  ROGERS,1
MATTHEW  RUSSELL,1
Matthew  Schoonover,1
MATTHEW  SHUPE,1
Matthew  Stewart,1
Matthew  Strugar,1
Matthew  Vance,1
Matthew A Campbell,3
MATTHEW B BYRNE,1
MATTHEW B MCCARTHY,1
Matthew Brekhus,1
MATTHEW D LANE JR,1
MATTHEW E ROSTON,1
MATTHEW E WULKOPF,1
Matthew F Richter,16
Matthew Firm PLLC,1
MATTHEW G MCHENRY,1
MATTHEW H GREEN,1
Matthew H McBee,1
Matthew H Schrumpf,2
MATTHEW H TULLY,1
MATTHEW J DAHEIM,1
Matthew J Devoti,1
Matthew J Duncan,1
MATTHEW J GRIFFING,1
MATTHEW J KELLY,1
Matthew J Lager,2
MATTHEW J LAGER,1
MATTHEW J SHEPHERD,1
Matthew J Skelly,1
Matthew K W Wut,1
Matthew K Wut,1
Matthew Kochevar Esq.,1
MATTHEW L O'MALLEY;SUSAN M O'MALLEY,1
MATTHEW L WILSON,1
Matthew L Wolford,1
"Matthew L. Sharp, LTD.",1
Matthew M McGuire,1
MATTHEW N WHITE,1
Matthew P Chenevert,1
Matthew P. Millea,1
Matthew R Kiffin,1
Matthew Richter,1
MATTHEW S MUDANO,1
MATTHEW S WOLF,1
Matthew S. Miller LLC,1
Matthew T Findley,3
Matthews & Associates,2
Matthews & Forester,3
Matthews and Associates,2
Matthews Eastmoore; P.A.,1
Matthews Law Firm,1
MATTHIESEN  WICKERT & LEHRER,1
MATTHIESEN WICKERT & LEHER,1
Matthiesen Wickert & Lehrer,1
MATTHIESEN WICKERT & LEHRER S C,1
Matthiesen Wickert & Lehrer SC,1
Matthiesen Wickert Leherer; SC,1
Matthiesen Wickert Lehrer SC Tr Acct,1
"Matthiesen, Wickert & Lehrer, S.C.",1
"Matthiesen, Wickert & Lehrer, SC",1
"Matthiesen, Wickert and Lehrer, S.C.",1
Matthiesen; Wicker & Lehrer; S.C.;Moran Reeves & Conn; PC,1
MATTHIESEN; WICKERT & LEHRER; S.C,1
Matthiesen; Wickert & Lehrer; S.C.,2
Matthiesen; Wickert & Lehrer;S.C.,1
Matthieson Wickert & Lehrer S.C,1
Matthieson Wickert & Lehrer; SC,1
Matthiessen; Wicket & Lehrer,1
MATTINGLY SIMMS ROBINSON & MCCAIN,1
MATTIONI LLP,1
Mattleman; Weinroth & Miller; P.C.,1
Mattoch & Kirley LLLC,1
MATTOCH & KIRLEY; LLC,1
Mattson Ricketts Epp,1
Mauersberger & Kollegen,1
MAUK & BURGOYNE,1
MAURA  BATTERSBY,1
Maureen  Rosette,1
MAUREEN  ROSETTE,5
MAUREEN T HOLLAND,1
Maurer and Associates PC Trust,1
Maurice E Dusky,1
MAURICIO J TAMARGO,1
MAURY A KROONTJE,1
Maury B Watts,1
MAURY B WATTS,1
Maury B Watts; III; Esquire,1
Mausner Graham Injury Law PLLC,1
Max  Rae,5
MAX  RAE,9
Max  Rudmann; Attorney,1
Max A Sauler,1
Max D Leifer,1
Max Sparwasser Law Firm,1
MAXEY LAW OFFICES IOLTA,2
Maxey Law Offices; P.S.,1
MAXINE  ANDERSON;TREASURE ISLAND  DEVELOPMENT AUTHORITY,1
MAXINE  LIPELES;WASHINGTON  UNIVERSITY,1
Maxwell  Kinman,2
"Maxwell & Price, LLP",1
Maxwell D Kinman,2
Maxwell Graham IOLTA,2
Maxwell Graham Law,1
Maxwell Graham; P.S.,2
Maxwelle  Sokol,1
May Lightfoot; PLLC,1
"May, Adams, Gerdes & Thompson LLP",2
Mayall Hurley; P.C.,1
Maybank & Owings LLC,1
Maybank & Owings; LLC,2
Mayeaux & Associates;LC,1
Mayer Brown LLP,1
Mayer Smith & Roberts LLP,1
Mayes Telles PC,1
Maynard Cooper,2
Maynard Cooper & Gale; PC,1
Maynard Cooper Gale,1
MAYNES; BRADFORD; SHIPPS & SHEFTEL,1
Mayor Law LLC,1
Mays Byrd & Associates PA TA 1,1
Mays Byrd & O'Guinn; PLLC,1
Mazelis and Werthamer; PA,1
Mazz and Welch,1
Mazza and Welch;Mazza and Welch; GEICO Subrogation,1
Mazzocca & Associates,1
MBC LAW FIRM,2
"McAfee Law Firm, LLC",1
McAnany; Van Cleave & Phillips; PA,1
MCARDLE & WHITMAN PC,1
McAuliff; Attorney at Law,1
McBee Law Firm,1
McBrayer PLLC,1
MCBREARTY HART & KELLY LC,1
McBride & Roberts,4
McBride and Roberts,1
MCBRIDE ROBERTS & ROMRELL,1
McBride; Scicchitano & Leacox; P.A.,1
McCabe; Collins; McGeough; & Fowler LLP,1
McCallister Law Firm; P.C.,1
McCamic Sacco & McCoid PLLC,1
McCamic Sacco & Pizzuti; PLLC,1
McCann & Wall,1
McCARTER & ENGLISH LLP,1
MCCARTHY &  WINKELMAN; LLP,1
McCarthy & Beavers Law Office,1
McCarthy & Kelly,1
McCarthy & Soriero,1
McCarthy Kelly; LLP,1
MCCARTHY SWEENEY & HARKAWAY PC;RICHARD D LIEBERMAN,1
McCarthy Wilson LLP,1
"McCarthy, Leonard & Kaemmerer",1
McCarthy; Winkleman & Mester,1
McChesney & McChesney,3
"McChesney & McChesney, P.C.",1
"McChesney & Ours, P.C.",1
McChesney and McChesney,19
McChesney and McChesney P.C.,1
McChesney and McChesney PC,2
"McChesney and McChesney, P.C.",2
McChesney and McChesney; P.C.,27
"McClanahan Powers, PLLC",1
McClellan & McClellan,2
McCollough Law Firm,1
McCollum Injury Law Firm; LLC,1
MCCONNELL & TORMEY IOLTA,1
McConnell Sneed & Cohen LLC,1
McConnell Wagner Sykes & Stacey,1
MCCORMICK & BRYAN PLLC,1
McCormick Law Firm,1
McCoy & Hiestand,2
McCoy Hiestand & Smith PLC,1
McCoy; Hiestand & Smith PC,1
McCoy; Hiestand & Smith; PLC,1
McCoy; Hiestand; & Smith; PLC,1
McCracken Law Office,1
MCCRANEY MONTAGNET & QUIN,1
MCCRANEY MONTAGNET & QUINN PLLC,1
McCrary Law Firm,1
MCCRAVY NEWTON STURKIE LAW FIRM,1
McCready; Garcia & Leet PC,1
McCree Ndjatou; PLLC,1
McCue Law Office,1
McCullough & Leboff PA,1
McCullough Law; PLLC,1
MCCUNE AND SULLIVAN,1
McCune Law Group,1
McCune Wright Arevalo LLP,1
McCusker; Anselmi; Rosen & Carvelli,1
McDaniel Law Firm; PLC;Rodney L Chedister,1
McDermott & McGee LLP,1
McDermott & McGee; LLP,1
McDermott Will & Emery,2
McDerMott Will & Emery,1
McDermott Will & Emery LLP,5
McDermott Will & Emery LLP;Schubert Johckheer & Kolbe LLP,2
McDermott Will & Emery LLP;Schubert Jomckheer & Kolbe LLP,1
McDermott Will & Emery LLP;Schubert Jonckheer & Kolbe LLC,1
McDermott Will & Emery LLP;Schubert Jonckheer & Kolbe LLP,28
MCDERMOTT WILL & EMERY LLP;SCHUBERT JONCKHEER & KOLBE LLP,1
McDermott Will & Emery LLP;Schubert Jonekheer & Kolbe LLP,1
McDermott Will & Emery; LLP;Schubert Jonckheer & Kolbe; LLP,3
McDermott Will & Emory LLP,1
McDonald & Karl,1
McDonald & Kloth; LLC,1
McDonald & MacGregor,1
McDonald & MacGregor LLC,1
McDonald et al.; LLP,1
McDonald Hopkins,1
McDONALD LAW OFFICE; PC,1
McDonald McKenzie Cubin Miller Lybrand,1
McDonald McKenzie Rubin Miller & Lybrand,4
McDonald McKenzie Rubin Miller Lybrand,1
McDonald Wright LLP,1
McDonald; McKenzie; Rubin,2
McDonald; McKenzie; Rubin; Miller,1
McDonald; McKenzie; Rubin; Miller; and,1
MCDOWELL  WELLS,1
McDowell Law P.C.,1
"McDowell, Rice, Smith & Buchanan",1
McEachin & Gee P.C.,1
McEachin & Gee; P. C.,1
MCELDREW & FULLAM PC,1
McEldrew Purtell,1
McEldrew Young,1
McElligott; Ewan; Hall; & Kimminau; PC,1
McEnery Price Messey & Sullivan,1
McEvoy Daniels & Darcy; P.C.,1
"MCEVOY, DANIELS & DARCY PC",2
McEvoy; Daniels & Darcy; P.C.,1
McFadden Law Group; PC;,1
MCFANN & BEAVERS P A,1
McGann Hughes LLC,1
McGilivary Steele Elkin LLP,2
"McGill & Noble, LLP",1
McGill & Noble; LLP,1
McGill and Noble,1
McGillary Steele Elkin LLP;McGillivary Steele Elkin LLP,3
McGilliavary Steele Elkin LLP;McGillivary Steele ELkin LLP,8
McGillivary Steele & Elkin LLP,1
McGillivary Steele Eklin LLP;McGillivary Steele Elkin LLP,7
McGillivary Steele Elkin,3
McGillivary Steele Elkin LLP,330
MCGILLIVARY STEELE ELKIN LLP,1
McGillivary Steele Elkin LLP;McGillivary Steele ELkin LLP,7
McGillivary Steele Elkin LLP;McGillivary Steele Elkin; LLP,4
McGillivary Steele ELkin LLP;McGillivary Steele LLP,9
McGillivary Steele ELkin LLP;McGillvary Steele Elkin LLP,2
McGillivary Steele Elkin; LLP,37
McGillivray Westerberg & Bender IOLTA,1
McGillivray Westerberg & Bender LLC,4
McGinn; Montoya; Love & Curry,1
McGlynn & Gilsson,1
McGowan &  Cecil LLC,1
McGowan & Cecil LLC,1
MCGOWAN & CECIL LLC,1
"McGowan & Cecil, LLC",1
McGowan & Cecil; LLC,2
McGowan Hood & Felder,4
McGowan Hood & Felder; LLC,3
McGowan Hood and Felder,2
"McGowan Hood Felder & Phillips, LLC",1
"McGowan, Hood & Felder, LLC",1
"McGowan, Hood, Felder & Phillips, LLC",1
"McGowan, Hood, Felder and Phillips, LLC",1
McGowan; Hood & Felder,4
McGowan; Hood & Felder LLC,1
MCGOWAN; HOOD & FELDER LLC,1
McGowan; Hood & Felder; LLC,5
McGowan; Hood & Felder; LLC-10LTA,1
McGowan; Hood; & Felder,2
McGowan; Hood; & Felder; LLC,2
MCGOWAN; HOOD; & FELDER; LLC,1
McGOWAN; HOOOD & FELDER TRUST ACCOUNT,1
"McGowen & McGowen, P.C.",1
McGrath Gibson,1
McGrath Gibson; LLC,1
McGuire Woods LLP,9
McHenry Dancigers Dawson; P.C.,1
McInroy & Rigby; LLP,2
MCINTYRE  TATE,2
MCINTYRE  TATE LLP,1
McIntyre Law Firm,1
"McIntyre Law Office, PLLC",1
McIntyre Law P.C.,1
MCINTYRE LAW PC,1
MCINTYRE TATE LLP,2
McIntyre Thanasides,1
McIntyre Thanasides Bringgold Elliott,1
McKay Law Firm; P.A.,1
McKean Smith; LLC;State Farm Insurance Company,2
McKeen & Associates,3
Mckeen & Associates PC,3
McKeen & Associates PC,2
MCKEEN & ASSOCIATES PC,1
McKeen & Associates; P.C.,5
McKeever Law Firm,1
McKell; Christiansen; Wise PLLC,1
"McKenize Lybrand, LLP",1
MCKENNA & OBRONT;PAUL A MCKENNA,1
McKenna Long & Aldridge LLP,2
MCKENNA LONG & ALDRIDGE LLP,1
McKenna Long & Aldridge; LLP,1
McKenna Narcisse LLC,1
McKenna; Dupont; Higgins & Stone,1
McKenna; Long & Aldridge; LLP,1
MCKENNA; LONG & ALDRIDGE; LLP,1
McKenry Danciger Dawson PC,1
McKENRY DANCIGERS DAWSON,1
McKenry Dancigers Dawson & Lake PC,1
MCKENRY DANCIGERS DAWSON & LAKE PC,1
MCKENRY DANCIGERS DAWSON P.C,1
Mckenry Dancigers Dawson P.C.,1
McKenry Dancigers Dawson P.C.,2
McKenry Dancigers Dawson PC,5
"McKenry Dancigers Dawson, P.C.",5
McKenry Dancigers Dawson; P.C.,1
McKenry Dancigers Dawson; PC,1
"McKenry, Dancigers, & Dawson, P.C.",1
MCKENRY; DANCIGERS; DAWSON & LAKE; P.C.,1
McKenry; Dancigers; Dawson; P.C.,1
McKenzie & Snyder LLP,1
McKenzie Law Firm,1
McKenzie Law Firm PA,1
McKenzie Law Firm; P.A.,1
"McKenzie Lybrand, LLP",1
MCKEON DOUD PC,1
MCKERNAN LAW FIRM,1
McKernan Law Group,1
MCKINLEY & RYAN LLC,1
McKinney & Associates; PLLC,4
McKinney Vos PLLC,1
MCKINNEY WAINWRIGHT & SAUL-OLSON,1
McKinney& Associates PLLC,1
McKinnon law,1
McKinnon Law,1
McKinnon Law Firm,4
McKneely Law,1
McKnight Law Firm,1
McLane Graft Raulerson et al,1
"McLane, Bednarski & Litt, LLP",2
McLarens Aviation,1
McLaughlin & McCaffrey; LLP,1
McLaughlin Law; LLP,1
McLAUGHLIN MORRIS P.A.,1
McLaughlin&Lauricella PC,1
McLennon & McFadden Law Offices,1
McLeod Law Group,4
MCLUSKEY & MCDONALD PA,1
MCMAHAN LAW FIRM,1
McMahon Hill LLC,2
"McMahon Hill, LLC",2
McMahon Hill; LLC,2
McMahon Law Firm PLC,1
McManis Faulkner,2
McMath Woods P.A.,1
MCMATH WOODS PA,1
McMillen; Urick; Tocci & Jones,1
McNall & Associates,1
McNall & Associates PC,1
MCNALLY LAW OFFICES,1
McNamara Phelan McSteen LLC,1
McNaul Ebel Nawrot & Helgren PLLC,1
McNEELY  STEPHENSON,1
McNeely Law LLP,1
McNeely Law; LLP,1
McNeely Law; LLP.,1
McNeely Stephenson,1
McNeely Stephenson Indi;McNeely Stephenson; Attys at Law,1
McNeely Stephenson Thopy & Harrold,1
MCNEELY STEPHENSON THOPY & HARROLD,1
MCNEELY STEPHENSON THOPY AND HARROLD,1
McNeer; Highland; McMunn & Varner; L.C.,1
McNees Wallace &  Nurick General Account,1
McNees Wallace & Nurick LLC,8
McNeice Wheeler; PLLC,1
MCNEIL AND CO,1
MCNELIS & MITCHELL PC,1
McNichols; Beers; LLP,1
McOSKER-BELL obo PATRICIA HODGKIN,1
McSweeney Slater & Merz,1
McTeague Higbee Case Cohen Whitney,2
McWhirter Bellinger & Associates PA,2
MCWHIRTER BELLINGER & ASSOCIATES PA,1
McWhirter; Belklinger & Associates; P.A.,1
McWhirter; Bellinger & Associates; P.A.,2
MDK Law,1
MDR Law LLC,1
Meade Law Firm PLLC,4
Meader Law Office,1
Meador Law Firm,1
Meadows; Collier; Reed; Cousins LLP,1
MEAGHER & MEAGHER P.C. ATTNY TRT ACCT,1
Meagher & Meagher PC,1
Medley & Rowland,2
MEDLEY & ROWLAND,1
Meehan Robert Turret,1
Meei-Ling Chen; PLC,1
Meenakshi A. Hirani; P.A.,1
Megan  Flynn,1
Megan  Hodges,1
MEGAN  INGLE,1
Megan  Sarrail,1
MEGAN B GREENE,1
MEGAN E HALE,1
Megg  Beveredge,1
Meghan  McNamara Miller,3
MEGHAN  MCNAMARA MILLER,1
MEGHAN  MCNAMARA-MILLER,1
MEGHAN K CRONIN,1
Meghan M Miller,4
MEGHAN M MILLER,1
MEHR TRIAL LAWYERS PLLC,1
MEIENHOFER LAW OFFICES PC,1
Meinhart Smith & Manning,1
Meirowitz & Wasserberg LLP,1
"Meirowitz & Wasserberg, LLP",1
MEISEL & KRENTSA,1
Meisner & Burks LLC,1
MELANIA  VARTANIAN,1
MELANIE  BARGE,1
Melanie D Popper,2
Melanie M Yang,2
Melanie N Williams,1
Melat Pressman & Higbie LLP,1
Melat Pressman & Higbie; LLP,2
Melehy & Associates; LLC,1
Melehy & Assoctiates LLC;The Day Law Practice; LLC,3
Melehy and Associates LLC,2
Melendez Law Firm,1
MELENDRES; MELENDRES & HARRIGAN,1
Melick & Porter LLP,1
MELINDA  GAUL,1
Melisande  Hill,1
Melissa  Hailey,2
MELISSA  HAMPSHIRE,1
MELISSA  HOLLAND,1
Melissa  Nyman,1
Melissa  Pezzino,1
MELISSA A GUIDDY,1
Melissa A Palmer,1
MELISSA J REEVES,2
MELISSA J REEVES ATTORNEY TR ACCT,1
Melissa S Comras,1
MELODY  MANNING,1
Melody  McCoy,1
MELODY  McCOY,1
MELODY  MCCOY,7
MELODY  McCOY;NATIVE AMERICAN RIGHTS FUND;TONKAWA TRIBE OF INDIANS OF OKLAHOMA,1
Melody L Grover,1
Melody L McCoy,1
MELODY L MCCOY,1
Melville  Johnson,1
MELVIN & MELVIN PLLC,1
MELVIN B WRIGHT,1
MELVIN C HALL,1
Melvin N. Cade & Associates;Melvin N. Cade; Attorney at Law; IOLTA,1
Menard Disability Law,1
Mendel Blumenfeld PLLC,1
Mendelson Firm PLLC,1
Mendelson Goldman & Schwarz APC,1
Mendelson Law Firm,3
Mendelson Schwarz APLC,1
Mendes Weed LLP,1
"MENDEZ and SANCHEZ, APC",1
Mendez Isaac Joudi PLLC,1
MENDY M KATZMAN;WAGERMAN  LAW FIRM TR ACCT,1
Mennie & Heilzer LLC,1
Ment Law Group,2
MENTER RUDIN & TRIVELPIECE PC,1
Menzer Law Firm; PLLC,1
Mercado Rivera Law Offices,3
Mercaldo Law Firm LLC,1
MERCALDO LAW FIRM LLC,1
Mercaldo Law Firm; LLC,2
Merdes Law Office PC,2
Meredith  Marcus,6
MEREDITH  MARCUS,1
Meredith E Marcus,13
MEREDITH E MARCUS,3
Meredith E Marcus; Esq.,1
Meredith E. Marcus,1
MEREDITH TAYLOR PC IOLTA,1
Merick Nepomuceno Law Firm,1
Meridian Resource Company,1
Merkel & Cocke,1
Merkel & Cocke; P.A.,1
"Merkel and Cocke, P.A.",1
Merkle & Magri PA,2
"Merkle & Magri, P.A.",2
"Merkle & Magri, PA",1
Merkle & Magri; P.A.,5
Merkle & Magri; PA,1
Merkle Magri & Meythaler,3
MERKLE MAGRI & MEYTHALER PA,1
MERKLE MAGRI & MEYTHALER PA IOTA TRT,1
Merkle Magri & Meythaler; P.A.,12
Merkle Magri & Meythaler; PA,1
Merkle Magri and Meythaler; P.A.,4
Merkle; Magri & Meythaler,1
Merkle; Magri & Meythaler; P.A.,4
Merlin Law Group,3
MERRIAM & ASSOCIATES,1
MERRILL  SCHEIDER,1
Merrill  Schneider,24
MERRILL  SCHNEIDER,14
Merrill & Associates,1
Merrill & Merrill,3
Merrill Schneider,3
"Merrill, Anderson, King & Harris, LLC",2
Merrill; Anderson; King & Harris; LLC,7
Merriman; Legando; Williams & Klang; LLC,1
"Merritt & Grinstead, P.A.",1
Merritt; Webb; Wilson & Caruso; PLLC,1
Merrrill  Schneider,1
Merson Law PLLC,1
Merson Law; PLLC,2
Meryl A Spat,3
MERYL A SPAT,1
Meryl A Spate,1
Meryl Anne  Spat,3
Mesch Clark Rothschild,1
MESHBESHER & ASSOC,1
Meshbesher & Spence,2
MESHBESHER & SPENCE,1
Meshbesher & Spence LTD,1
MESHBESHER & SPENCE LTD,1
Meshbesher & Spence; LTD,1
Meshbesher & Spence; LTD.,1
Meshkov & Breslin; LLC,1
Mesirow & Associates; PLLC,1
MESIROW FINANCIAL STRUCTURED SETTLEMENTS,2
Messa and Associates; P.C.,1
MESSINA  BULZOMI CHRISTENSEN,1
MESSINA B CHRISTENSEN,1
Messina Bulzomi Christensen,1
MESSING & FEINBERG LLP,1
Messrelian Law Inc,2
Mestemaker; Straub & Zumwalt,1
MESTER GRABOW  & MILLER LLC;RICHARD  GRABOW,1
MESTER GRABOW AND MILLER LLC,1
Mester; Grabow; and Miller LLC,1
Metier Law Firm; LLC,2
Metis Law Group,1
Metnick; Levy & Dyson,2
Metropolitan Casual Ins Co,1
Metsker Law Firm,1
METTLER & LeCUYER; P.C. ATTY TRUST ACCT,1
METTLER LAW OFFICE PC,2
Metzger & Wickersham,1
Metzger Wickersham,1
Meunier Carolin & Curfman,1
Mexican Am. Legal Defense & Educ. Fund,1
Mexican American Legal Def & Ed (MALDEF),1
Mexican American Legal Defense,2
Meyer  Silver,2
MEYER  SILVER,4
MEYER & GLITZENSTEIN,1
Meyer Blair,1
"Meyer Blair, LLP",2
Meyer Ford & Glasser Trust Account,1
MEYER FORD GLASSER & RADMAN PLLC,1
Meyer Glitzenstein  & Crystal;William S Eubanks,1
Meyer Glitzenstein & Crystal,2
MEYER GLITZENSTEIN & CRYSTAL,2
Meyer Glitzenstein & Eubanks LLP,3
Meyer Goergen Law,1
Meyer Litigators Inc,1
MEYER SILVER ESQ,1
Meyerkord; Russell & Hergott; LLC,1
MEYERS & COMPANY PLLC;RYAN C NUTE,1
"Meyers & Flowers , LLC",1
"Meyers & Flowers, LLC",3
Meyers Buth Law Group,1
MEYERS BUTH LAW GROUP,1
MEYERS BUTH LAW GROUP PLLC,1
Meyers Buth Law Group; PLLC,1
Meyers Evans Lupetin & Unatin,1
Meyers Fozi; LLP,1
Meyers Rodbell & Rosenbaum PA,1
Meyers; Rodbell & Rosenbaum PA,1
Meyers; Rodbell & Rosenbaum; P.A.,1
Meyers; Rodbell and Rosembaum; P.A.,3
"Mezher Law, LLC.",1
MEZIBOV AND ASSOCIATES;MICAH  ADKINS;MURDOCK GOLDENBERG SCHNEIDER & GROH LPA;OGLETREE DEAKINS NASH SMOAK & STEWART;THE MASON LAW FIRM LLP;WEISS & LURIE,1
Mgdesyan Law Firm,3
MICHAEL  AGOSTA,1
MICHAEL  AKHIDENOR,1
MICHAEL  ALAN DESAULNIERS;MICHAEL W SECKAR;RACHAEL  ADAIR LUNDY,1
Michael  Ambroso,2
MICHAEL  AMBROSO,3
Michael  Archuleta,54
MICHAEL  ARCHULETA,27
Michael  Archuleta; Attorney,4
MICHAEL  ARCHULETA;TOM  JACOB,1
Michael  Archuletta,2
MICHAEL  ARCHULETTA,1
Michael  Armstrong,4
MICHAEL  ARMSTRONG,2
Michael  Ayd,1
MICHAEL  BARSZCZ,1
MICHAEL  CAHILL,1
MICHAEL  CALLAHAN,1
Michael  Carre,1
MICHAEL  CASEY,2
MICHAEL  CETINA,1
MICHAEL  CHEROF,2
Michael  Christian,1
MICHAEL  COGAN,1
MICHAEL  CORDOVA,1
MICHAEL  COWEN,1
Michael  Crow,2
Michael  Daneker,2
MICHAEL  DANEKER,1
MICHAEL  DAVE,1
Michael  Deal,3
MICHAEL  DEAL,1
Michael  DeMayo,1
MICHAEL  DESAULNIERS,1
MICHAEL  DETROIA,1
Michael  Drake,1
Michael  Duran,1
Michael  Eisenstein,1
Michael  Feldman,1
Michael  Ferry,1
MICHAEL  FLANIGAN,1
Michael  Gaffney,1
Michael  Glazer,1
Michael  Goldstein,1
MICHAEL  GOPIN,2
MICHAEL  GREEN,1
MICHAEL  HALLIDAY,2
Michael  Hill,1
Michael  Hostilo,1
Michael  Kedzie,1
Michael  Kelly,9
MICHAEL  KELLY,3
Michael  Klein;Ross  Giorgianni,1
Michael  Krieger,1
Michael  Larkin,1
MICHAEL  LEHNERS,1
Michael  Liebman,6
MICHAEL  LIEBMAN,2
MICHAEL  LIVINGSTON,1
MICHAEL  LUCE,1
Michael  Magistrali,1
Michael  Manglardi,1
MICHAEL  MASSIE,1
michael  maucher,1
MICHAEL  MCGINN,1
Michael  McHenry,1
Michael  Mirotznik,1
Michael  Miskowiec,2
MICHAEL  MISKOWIEC,10
Michael  Miskowiec;Miskowiec Law Office,1
Michael  Mooney,1
MICHAEL  NAPIER,1
Michael  Newlee,1
MICHAEL  NEWMAN,1
Michael  Norwood,1
Michael  Panesar,1
MICHAEL  PATRICK BOYLE,2
MICHAEL  PATRICK SMITH,1
MICHAEL  PHAM,1
Michael  Rake,8
MICHAEL  ROSENBERG,2
Michael  Sarapata,1
Michael  Schutt,1
Michael  Seckar,4
MICHAEL  SECKAR,5
MICHAEL  SECKAR;RACHAEL A LUNDY,1
Michael  Sperling,1
Michael  Steinberg,6
Michael  Swaaley,2
MICHAEL  UDINE,1
Michael  Warren,1
MICHAEL  WITHEY;MICHAEL WITHEY PLLC,1
MICHAEL  WOELFEL,2
MICHAEL  ZOELLER,1
MICHAEL A ARCHULETA,1
MICHAEL A BELL,1
Michael A Bottar,2
Michael A Buckwalter,1
MICHAEL A CARVEN,1
MICHAEL A DESAULNIERS,8
MICHAEL A DESAULNIERS;MICHAEL W SECKAR,1
Michael A Dible,1
Michael A Feldman,2
Michael A Landisman,1
MICHAEL A LILLY,2
MICHAEL A MAUCHER,2
MICHAEL A MICHAEL,1
Michael A Mott,1
MICHAEL A PECK,1
MICHAEL A PERCARIO,2
Michael A Percario LLC,1
MICHAEL A PETERSMITH,2
Michael A Richard;Morrison & Foerster LLP,1
Michael A Risley,1
Michael A Shammas,1
Michael A Steinberg,41
MICHAEL A STEINBERG,6
Michael A Tonelli;Tucker & Welch,1
MICHAEL A ZIMMER,1
Michael A. Etkin & Associates,1
Michael A. Steinberg & Associates,21
Michael Alan  Desaulniers,1
MICHAEL ANTON LAURANO CLIENT'S ACCT,1
Michael Archuleta,2
MICHAEL ARCHULETA ATTNY AT LAW,2
Michael Archuleta Attorney,3
Michael Archuleta Attorney at Law,1
MICHAEL ARCHULETA ATTORNEY AT LAW,3
MICHAEL ARCHULETA ATTY AT LAW IOLTA,1
Michael Archuleta Law Firm,1
MICHAEL ARCHULETA LAW FIRM,2
Michael Archuleta; Attorney at Law,7
Michael Archuleta; Esq.,1
Michael Archuleta; Esq. LOET,1
Michael Armstrong Law Firm LLC,1
Michael Armstrong Law Firm; LLC,4
Michael Armstrong Law Office,1
MICHAEL ARMSTRONG LAW OFFICE,4
Michael Armstrong Law Office LLC,5
Michael Armstrong Law Office; LLC,1
Michael Armstrong Law Offices,6
Michael Arnstrong Law Office LLC,1
MICHAEL B LADSON,1
Michael B Love,1
Michael B Palillo PC,1
Michael B. Clayton & Associates,1
Michael Best & Friedrich LLP,1
Michael Braden  Hubbard,1
Michael C Armstrong,2
Michael C Arnold,1
MICHAEL C ARNOLD,3
MICHAEL C BLANTON,3
MICHAEL C BRADLEY,1
MICHAEL C CHEROF,1
Michael C George,2
Michael C Ginart,1
Michael C Harkness,1
MICHAEL C KRAMER,1
MICHAEL C PALMINTIER ATTOR AT  LAW,1
MICHAEL C PALMINTIER; ATTOR AT LAW,1
MICHAEL C SCINTA,1
Michael C Scranton dba Scranton Law Firm,1
MICHAEL C WYNNE;NALL PELLEY & WYNNE TR ACCT;NALL PELLY WNNE & SMITH,1
Michael C. Hostilo; LLC,1
Michael Cordova Law Office,1
Michael D Armstrong,19
MICHAEL D ARMSTRONG,18
Michael D Armstrong Attorney at Law,1
MICHAEL D BOYLE,1
Michael D Breaux,1
MICHAEL D BREAUX,1
Michael D Clay,1
MICHAEL D DAY,1
MICHAEL D HARLAN,1
Michael D J Eisenberg,1
MICHAEL D JOHNSON,1
Michael D Oeser,1
MICHAEL D PORTNOY;THE ESCROW ACCT OF LAW OFFICE OF;W ROBB  GRAHAM,1
MICHAEL D ROSENBLOUM,1
MICHAEL D TUTTLE,1
Michael D Volk,1
MICHAEL D WEISENSEL,1
Michael D. Armstrong Law Office LLC,1
Michael D. Christensen Law LLC,1
Michael D. Christensen Law Offices; LLC,1
Michael D. Ponce & Associates,2
Michael D. Robbins & Associates,1
Michael D.J. Eisenberg,6
MICHAEL E BLUM,1
MICHAEL E COLLINS,1
MICHAEL E GELTNER,1
Michael E Haglund,1
MICHAEL E LARKIN,1
MICHAEL E MUCHNICK,1
Michael E Piston,1
Michael E. Keyton; PLLC,1
MICHAEL F COPLEY,1
Michael F Hacker,1
MICHAEL F HACKER,1
MICHAEL F VAN HARMISSEN,2
Michael F Walsh;Ringler Associates  North Shore Inc,1
Michael Francis Smith Law Firm,1
Michael G Anderson,1
Michael G Hostillo,1
Michael G Hostilo LLC,1
MICHAEL G HOSTILO LLC,1
MICHAEL G HOSTILO LLC IOLTA ACCT,2
Michael G Hostilo; LLC,1
Michael G Kane,1
Michael G Matthews,1
Michael G Meyers,2
Michael G Myers,4
MICHAEL G MYERS,1
Michael G Myers Attorney at Law,2
Michael G Thompson,1
MICHAEL G. HOSTILO LLC IOLTA ACCT,1
Michael G. Hostilo; LLC,2
MICHAEL G. HOSTILO; LLC IOLTA ACCT,1
Michael G. Myers Attorney at Law,1
MICHAEL H FERRING,1
MICHAEL H KIM PC,1
MICHAEL H MORGAN,1
Michael H Payne,2
MICHAEL H SCHWARTZ,1
Michael Hingle & Associates; LLC,1
Michael Hostilo; LLC,1
Michael I Gowdey Esq,1
MICHAEL I SHAPIRO;SHAPERO AND GREEN IOLTA ACCOUNT,1
MICHAEL J BARRETT;WILENTZ GOLDMAN & SPITZER PA,1
Michael J Best,1
MICHAEL J BROWN,1
Michael J Casano,1
MICHAEL J CUMMINGHAM,1
MICHAEL J CUNNINGHAM,2
Michael J Dillion,1
MICHAEL J DOUGHERTY,1
MICHAEL J DOUGHTERY,1
MICHAEL J GARZA,1
MICHAEL J GOLPIN;MILAD K FARAH,1
Michael J Goodrick,1
Michael J Gopin,1
MICHAEL J GOPIN,8
MICHAEL J GOPIN;RICARDO  RIOS,1
MICHAEL J GREEN,1
MICHAEL J HEINEMAN,1
Michael J Hengst,1
Michael J Hindman,1
MICHAEL J KELLEY,3
MICHAEL J KOEHLER;NICHOLAS PEROT SMITH KOEHLER & WALL,1
MICHAEL J MASTERSON;WILBUR & MASTERSON,2
MICHAEL J MCDONALD,1
Michael J Mooney,3
MICHAEL J MOONEY,2
Michael J Morse PC,1
MICHAEL J MORSE PC,1
Michael J Newman,2
MICHAEL J PANGIA;MICHAEL J PANGIA ATTORNEY TR ACCT,1
Michael J Parker,1
MICHAEL J PARKER,3
MICHAEL J PASCUCCI,1
Michael J Schneider,1
Michael J Steckelis,1
Michael J Tonsing,1
MICHAEL J WINTER,1
Michael J. Aviles & Associates,1
Michael J. Glassman & Associates; Esq,1
MICHAEL JAMES  KELLEY,1
MICHAEL K KIM;R  MAZEAU,1
Michael K Noonan,1
Michael K Timberlake,2
MICHAEL K TIMBERLAKE,1
Michael Koch Neblett Beard and Arsenault,1
Michael L Chidester,1
MICHAEL L GOODWIN,4
MICHAEL L LUCE OF MURPHY & GOLDAMMER &,1
Michael L Mascarello,1
MICHAEL L SANDUL,1
MICHAEL L SCHULTZ,1
MICHAEL L SLACK,1
Michael L Stevens,1
MICHAEL LAW FIRM,1
Michael Liebman Attorney at Law,2
MICHAEL LIEBMAN ATTORNEY AT LAW,1
Michael Liebman; Attorney at Law,1
Michael LoGiudice LLP,1
MICHAEL M KAPLAN,1
Michael Macko,1
Michael Myers Attorney at Law,1
MICHAEL N CAMPBELL,1
Michael N Driscoll,1
MICHAEL N PADWAY,1
Michael N. Gutzler PC,1
MICHAEL O SMITH,1
Michael P Boyle,9
MICHAEL P BOYLE,3
Michael P Carestia Law Ofc,1
Michael P Crow,1
MICHAEL P CUNNINGHAM,1
MICHAEL P DUNLAP,1
MICHAEL P GROSS,1
MICHAEL P IRK,1
MICHAEL P KAVANAGH,1
MICHAEL P KUSHNER,1
MICHAEL P MADDUX,1
MICHAEL P MURPHY,1
Michael P Salazar,1
MICHAEL P SMITH,1
MICHAEL P UPSHAW,1
Michael P Williamson,3
Michael P. Maddux; P.A.,1
Michael P. Williamson; Attorney at Law,3
Michael Padway & Associates,1
Michael Parks Trust Acct,1
MICHAEL PATRICK  BOYLE,4
Michael R Abrams,1
MICHAEL R BUCHANAN,1
Michael R De La Paz,1
Michael R Drumm,1
Michael R Green,2
MICHAEL R GREEN,3
MICHAEL R HARRIS,1
Michael R Marrinan,1
MICHAEL R MARTIN,1
Michael R Shebelskie,1
MICHAEL R STAHL,1
Michael R Stith,1
Michael Robbins & Associates,1
MICHAEL S BLUMENTHAL,1
Michael S Burtt,1
Michael S Burtt PA,1
Michael S Danko,1
MICHAEL S DANSKY,1
MICHAEL S FIELDS;MICHAEL S FIELDS INC CLIENT TR ACCT,1
Michael S Krieger,3
MICHAEL S KRIEGER,1
MICHAEL S MORSE,1
MICHAEL S MORSE;MORSE BOLINGER & ASSOCIATES,1
Michael S Paulonis,1
MICHAEL S SORGEN,1
Michael S Subit,1
Michael S Tracy,1
MICHAEL S WAMPOLD;PETERSON YOUNG PUTRA PS IOLTA,1
Michael S Weisberg PC Trust Account,1
Michael S Wilensky LLC,1
Michael S. Krieger LLC,1
Michael S. Liebman; Attorney at Law,1
Michael Seckar,2
Michael Shalom-Zimerman,1
Michael Simpson,1
Michael Swaaley Esq.,1
MICHAEL T AMBROSO,1
MICHAEL T BLAZICK PA IOLTA,1
Michael T Gibson,1
"Michael T Gibson, P.A.",1
Michael T Kelly,6
MICHAEL T KELLY,7
MICHAEL T LENNON,1
Michael T Lewenz,1
MICHAEL T MARCUCCI,1
Michael T Martin,1
MICHAEL T MARTIN,1
MICHAEL T NEWMAN,1
Michael T Purcell,1
MICHAEL T PURCELL,1
MICHAEL T PURCELL LAWYER TRUST ACCT,1
MICHAEL T SMITH,1
Michael T Stewart; Esq.,1
Michael T. Smith & Associates; PC,2
Michael T. Wise & Associates,1
Michael Tran Goldberg & Costello,1
MICHAEL V DEVINE,1
Michael V Durkin,4
Michael V Nakamura,1
Michael V. Barszcz MD; JD Trust Account,1
Michael V. Caruso PC,1
Michael Vergamini; PC,1
Michael W Beasley,2
Michael W Berey,1
MICHAEL W BUTLER,1
MICHAEL W CATALANO,1
MICHAEL W DOTTS;O'CONNOR BERMAN DOTTS & BANES LAW OFF,1
Michael W Franell,1
MICHAEL W FRANELL,1
MICHAEL W FRANELL IOLTA ACCT,1
MICHAEL W KELLY,1
Michael W Patrick,3
Michael W Seckar,31
MICHAEL W SECKAR,58
MICHAEL W SECKAR;RACHAEL  ADAIR LUNDY,2
MICHAEL W SECKAR;RACHAEL A LUNDY,3
MICHAEL W SECKAR;RACHAEL ADAIR  LUNDY,2
MICHAEL W SECKAR;RACHEL ADAIR  LUNDY,1
Michael W Secker,1
MICHAEL W SECKLAR,1
Michael W Seckor,1
Michael W. Seckar,1
Michael W. Seckar PC,1
Michael W. Seckar; PC,1
Michael; Tran & Goldberg,1
Michael; Tran & Goldburg,1
Michael; Tran; & Goldberg,1
Michalik Bauer Silvia & Ciccarillo,1
Michalik Bauer Silvia & Ciccarillo LLP,11
MICHEAL R CHARNESS,1
MICHEL  PHILLIPS,1
Michel and Ward; P.C.,1
MICHELE  CHIOCCA,1
MICHELE  GAUDIN,1
MICHELE  POWER;POWER & BROWN LLC TR ACCT,1
MICHELE L POWER,2
Michelle  Davis,1
MICHELLE A RAMOS,1
Michelle DeVoe,1
MICHELLE E LESPRON,1
MICHELLE L VASQUEZ;THOMAS M GERSABECK,1
Michelle M Vargo,1
Michelle R Burrows; P.C.,1
MICHELLE R MASLOWSKI,1
Michelle S Michelson,2
MICHIE HALETT LOWRY RASMUSSEN & TWEEL,1
Michie Hamlett PLLC,3
Michie Hamlett; PLLC,1
Michigan Auto Law,1
Michigan Auto Law; P.C.,1
Michles & Booth,3
MICHLES & BOOTH,2
Michles & Booth PA,1
MICHLES & BOOTH PA IOTA TR ACCT,1
"Michles & Booth, P.A.",2
MICHLES AND  BOOTH PA,1
Michles and Booth,1
MICHLES AND BOOTH PA,1
MICK  ABOUREZK,1
Mick Levin PLC,1
"Mickey Keenan, P.A.",1
Micki B Stiller,2
Micki Beth  Stiller,1
MICKIE  RILEY,1
Mid-Minnesota Legal Aid,1
Midwest Public Risk,1
Mielnicki & Stiffler; LLC,1
Migdalia  Caratini-Soto,1
MIGNINI RAAB & DEMUTH,2
Mignini Raab & Demuth LLP,7
MIGNINI RAAB & DEMUTH LLP,1
"Mignini, Raab, Demuth & Murahari, LLP",3
"Mignini, Raab, Demuth, Murahari & Melanson LLP",1
MIGNINI; RAAB & DEMUTH,2
Mignini; Raab & Demuth LLP,3
Mignini; Raab & Demuth; LLP,4
MIGNINI; RAAB & DEMUTH; LLP,2
Mignini; Raab; & Demuth,1
Mignini; Raab; & Demuth LLP,3
Mignini; Raab; Demuth & Murahari; LLP,2
MIGUEL  COSSIO,1
Miguel  Rodriguez-Garzafa,1
Miguel  Salazar,2
Miguel A Elias A Professional Law Group,1
"Miguel A. Elias, APLC",1
Mika Meyers Beckett & Jones PLC,1
Mike  Markey,1
Mike  Murburg,1
MIKE  MURBURG,1
Mike  Rake,4
MIKE  STRONG,1
MIKE  WOODY,1
Mike Brandner Injury Attorneys LLC,1
Mike Cox Law Firm,4
Mike Cox Law Firm PLLC,2
Mike Gallegos Law Firm,1
Mike Gallegos Law Office,1
Mike Histilo Law Firm LLC,1
Mike Hostilo Law Firm,3
Mike Hostilo Law Firm LLC,1
MIKE LIEBMAN & PATRICIA GLAZEK,1
Mike Markey Attorney at Law,1
Mike Morse Law Firm,2
Mike Morse Law Firm; PLLC,2
MILAM  LAW,5
Milam Law,1
Milbank LLP,1
Miles  Fries,1
MILES  MITZNER,1
Miles & Stockbridge,2
Miles D Fries,1
Miles L Mitzner,1
MILES L MITZNER,1
Milesnick Law PLLC,1
Military Law Center; Inc.,1
"MILL CITY LAW, P.A.",3
Millar & Mixon LLC,1
MILLER - BRASINGTON,1
Miller & Associates,3
Miller & Chevalier Chartered,4
Miller & Drozdowski P.C.,1
Miller & Durham,1
Miller & Durham Law Office,1
Miller & Gaudio; P.C.,1
MILLER & MARTIN; PLLC,1
Miller & Williamson LLC,1
Miller Barondess LLP,1
Miller Canfield Paddock & Stone,1
Miller Cohen LLP,6
MILLER COHEN LLP,1
Miller Cohen PLC,4
"Miller Cohen, P.L.C.",1
Miller Cohen; LLP,1
Miller Cohen; P.L.C.,1
Miller Cohen; PLC,2
Miller Dawson Sigal & Ward,1
Miller Dawson Sigal & Ward LLC,1
MILLER EARLE & SHANKS PLC,1
Miller Johnson,1
Miller Law Group,31
"Miller Law Group, PLLC",6
Miller Law LLP,2
Miller Masciola Attorneys at Law,2
Miller Masciola; Attorneys at Law,2
Miller Montiel & Strano P.C.,1
Miller Nash LLP,1
"Miller Olsen, PLLC",1
Miller Pitt Feldman & McAnally,13
Miller Pitt Feldman & McAnally P.C.,1
MILLER PITT FELDMAN & MCANALLY PC,2
MILLER PITT FELDMAN MCANALLY PC,1
Miller Stratvert P.A.,1
Miller Weisbrod,1
Miller Weisbrod; LLP,1
"Miller, Canfield, Paddock and Stone, P.L.C.",1
"Miller, Canfield, Paddock and Stone, PLC",1
Miller; Clark; Calvert & Obenour,1
Miller; Pitt; Feldman & McAnally,1
Miller; Pitt; Feldman & McAnally P.C.;Miller; Pitt; Feldman & McAnally; P.C.,2
Miller; Walsh; & Kutz PLLC,1
Miller;Rosnick;D'Amico;August&Butler,1
MillerMasciola,1
Millermasciola Attorneys at Law,1
MillerMasciola Attorneys At Law,1
Millhorn Shanawany Law firm,1
MILLICENT Y CLARK,1
Millilo & Grossman,1
Milling Benson Woodward LLP,1
Mills Law Firm; LLC.,1
Mills Meyers Swartling PS,1
Mills Paskert Divers,1
MILLSTEIN LAW OFFICE,1
Milodragovich; Dale & Steinbrenner PC,1
MILODRAGOVICH; DALE & STEINBRENNER PC,1
MILTON L SMITH,1
Milton; Leach; Whitman; D'Andrea &,1
MIMI HASTINGS  SHELTON,1
Mims Law Office,3
Mims Law Office; L.L.C.,5
Mims Law Office; LLC,6
Minahan and Muther; P.C.,1
Mincey Fitzpatrick Ross LLC,1
Mincone Law Group,1
Mindy G Farber,1
MINDY S BISH,1
Miner & Kelly,1
Minh  Nguyen-Duy,2
Minna Saarelainen,1
Minnella Tramuta & Edwards; LLC,1
Minnesota LTAB Goetz & Eckland PA,1
MINNICK-HAYNER TRUST ACCOUNT,1
Minnillo & Jenkins Law Group,1
"Minnillo Law Group Co., LPA",1
Minton Law firm,1
Mintz  Law Firm LLL,1
Mintz Law Firm,1
MINTZ LAW FIRM LLC,1
MINTZ LAW FIRM LLC COLFAF TR ACCT,1
Mintz Law Firm; LLC,1
MINTZ LAW FIRM; LLC COLTAF TR-ACCT,1
Mintz Levin,3
MINTZER SAROWITZ  ZERIS LEDVA & MEYERS,1
Miracle D Myles,1
MIRACLE PRUZAN & PRUZAN IOLTA,1
Miranda & Boyaki,10
Miranda Morales Law,1
Miranda Morales Law Firm,1
MIRANDA-CARDENAS & CORDOVA LAW FIRM,5
Miriam M Thompson PLLC,1
MIRSADE  BAJRAKTAREVIC,1
Mirto and Rasile Law Office,1
Mishkind Law Firm Co.; LPA,1
Mitchel Zager Attorney at Law,1
Mitchell  Burgess,1
MITCHELL  LEVINE,1
Mitchell  Notis,1
MITCHELL  RICH,1
MITCHELL & MITCHELL,1
Mitchell & Schultz,2
Mitchell & Shapiro LLP,1
Mitchell & Shea; APC,1
"Mitchell A. Toups, LTD",1
Mitchell Firm,1
Mitchell Firm; PLLC,2
Mitchell Gilleon Law Firm,1
MITCHELL L PEARL,1
Mitchell Law Firm,2
Mitchell Law Group,1
MITCHELL STEIN CAREY CHAPMAN P.C.,1
MITCHELL T ALLEN,1
Mitchell+Pencheff; Fraley,1
Mitchie Hamlett Attorneys at Law,1
Mitzner Disability Law,1
Miyoka  Sakashita,1
Miyoshi & Hironaka LLLC,1
Mizner Firm,1
Mizner Law Firm,2
MJ Minton PLLC,1
MKP Law Group; LLP,1
MMK Law,1
MMM Law Group PLLC,1
"MMM Law Group, PLLC",1
Mobley Law Firm,1
Mockbee Hall & Drake; P.A.,1
Moderie Law Firm; PLLC,8
Moderie Law Frim; PLLC,1
"Modesitt Law Firm, PC",1
MOGY Law NC PLLC,1
Mohammad H. Zahedin,1
Mohrman & Kaardal PA,2
MOHRMAN & KAARDAL PA,1
Mohrman Kaardal & Erickson LLP et al,2
Mohrman; Kaardal and Erickson; P.A.,1
Mohrman; Kaardal;  and Erickson PA;Public Interest Legal Foundation,2
MOLD SPITZ & DESANTIS PC;SALVATORE  DESANTIS,1
MOLOD SPITZ & DESANTIS PC,1
Molod Spitz & DeSantis; P.C.,1
MOLOD; SPITZ &  DESANTIS,1
Molod; Spitz; & DeSantis,1
"Molpus Woodlands Group, LLC",1
Mona  Carpenter,1
MONA  ENGEL,1
Monaco & Monaco LLP,1
Monaco & Monaco; LLP,1
Monalie E Bledsoe,1
Monalie E. Bledsoe Attorney at Law,1
Monge & Associates,3
Monge & Associates PC,2
Monge & Associates; P.C.,1
Monge and Associates,1
Monica  Perales,2
Monica  Pertea,1
MONICA  WILLIAMS,1
Monica R Savidge,1
Monique M Mooney,2
MONNICA L GARCIA,1
Montagna Klein Camden,1
Montagna Klein Camden LLP,1
Montagna Klein Camden; LLP,4
Montana & Associates,1
Montana Justice Foundation,1
MONTANA JUSTICE FOUNDATION,1
MONTANA LAWYER TRUST ACCT IOLTA;[REDACTED FOR PRIVACY],1
Montaner Law Offices,1
MONTE  JEWELL,1
MONTE  RABNER,1
Monte C Phillips,1
MONTE J RABNER,1
Monte Phillips LLC,1
MONTEE  LAW FIRM,1
Montero Law Center,2
MONTES HERALD LAW GROUP LLP,1
Montes Law Group PC,1
Montgomery McCracken Walker & Rhoads LLP,8
"Montgomery Ponder, LLC",1
Montgomery Steele Law,1
Montgomery; Elsner & Pardieck; LLP,1
Montgomery; McCracken; Walker & Rhoads,1
Montiero  PLLC,1
MONTLICK & ASSOCIATE,2
Montlick & Associates,1
Montlick & Associates PC,2
MONTLICK & ASSOCIATES PC,2
Montlick & Associates; P.C.,1
MONTLICK & ASSOCIATES; P.C.,1
MONTLICK & ASSOCITIES PC,1
Montlick and Associates LLC,1
MONTLICK AND ASSOCIATES PC,1
MONTOYA JIMENEZ; P.A.,1
Monty L Cain,1
MONTY L CAIN,1
Monzon Law Office PC,1
Moody Law,1
Moody Law Firm,3
MOON  KIM,1
MOONEYHAM  BERRY LLC,1
Mooneyham Berry & Pope; LLC,2
"Mooneyham Berry, LLC",1
Mooneyham Berry; LLC,6
Moore & Lee; LLP,1
Moore & Moore; PLLC,1
Moore Faust Law Group,2
Moore Hill & Westmoreland,1
Moore Landrey IOLTA,1
MOORE LAW,2
Moore Law Firm,2
Moore Law Firm PLLC,1
Moore Law Group; PLLC,3
Moore Law PLLC,1
Moore Taylor Law Firm,1
MOORE TAYLOR LAW FIRM; P.A.,1
MOORE THOMPSON & LEE APLC IOLTA,1
Moore-Faust Law Group,1
MOORE; BERKSON & GANDARILLA P. C.,1
Moore; O'Brien & Foti,2
Moore; O'Brien and Foti,1
Moore; Walsh & Albright LLC,1
MOQUIN & DALEY,1
Moraitakis & Kushel LLP,1
Morales &  Cerino PA,1
Morales Fierro & Reeves,1
Morales Law Group P.A.,1
Morales Sbert Law Office,2
Morales Sbert Law Office; PSC,1
Moran & Keller,1
Moreira Garcia & Associates LLC,6
Morel Law and Mediation,1
MORELLI  RATNER,1
Morelli Law Firm,1
Morelli Law Firm PLLC,1
Morello Law,1
Moreno; Becerra & Casillas,1
Morfin Law Firm,1
"Morfin Law Firm, PLLC",1
MORGAN &  MORGAN,1
Morgan & Associates,1
Morgan & Morgan,38
MORGAN & MORGAN,7
Morgan & Morgan - Memphis LLC,2
Morgan & Morgan Atlanta PLLC,2
"Morgan & Morgan Atlanta, PLLC",1
Morgan & Morgan DC; PLLC,1
Morgan & Morgan Jacksonville PLLC,1
Morgan & Morgan Kentucky,1
MORGAN & MORGAN LAW FIRM,1
MORGAN & MORGAN LLC,1
MORGAN & MORGAN MARTIN JAFFE,1
Morgan & Morgan Memphis; LLC,1
Morgan & Morgan Mississippi; PLLC,1
Morgan & Morgan Nashville PLLC,1
Morgan & Morgan PA,6
MORGAN & MORGAN PA,2
Morgan & Morgan PC,1
Morgan & Morgan PLLC,1
"Morgan & Morgan, LP",1
"Morgan & Morgan, P.A.",3
"Morgan & Morgan, PPLC",1
Morgan & Morgan; Kentucky; PLLC,1
Morgan & Morgan; P.A;,1
Morgan & Morgan; P.A.,16
Morgan & Morgan; PA,9
Morgan & Morgan; PLLC,1
MORGAN & MURPHY LLP,1
MORGAN & WEISBORD LLP,1
Morgan & Weisbroad; L.L.P.,1
Morgan & Weisbrod,18
MORGAN & WEISBROD,4
Morgan & Weisbrod LLP,1
MORGAN & WEISBROD LLP,2
"Morgan & Weisbrod, LLP",3
Morgan & Weisbrod; L.L.P.,5
Morgan & Weisbrod; LLO,1
Morgan & Weisbrod; LLP,19
Morgan & Weisbrod; LLP.,2
Morgan & Weisbrod; PC,5
Morgan & White Law Office,1
MORGAN & WHITE LAW OFFICES,1
Morgan & Wisebrod,1
Morgan & Wisebrod; LLP,1
Morgan and Morgan,3
Morgan and Morgan Kentucky; PLLC,1
Morgan and Morgan Law Firm,1
"Morgan and Morgan Memphis, PLLC",1
Morgan and Morgan PA,1
Morgan and Morgan; LLC,1
Morgan and Morgan; PA,1
Morgan and Weisbrod,10
Morgan and Weisbrod LLP,1
Morgan and Weisbrod; LLP,2
Morgan Law Firm,1
Morgan Lewis & Bockius,2
MORGAN LEWIS & BOCKIUS,1
Morgan Lewis & Bockius LLP,12
MORGAN LEWIS & BOCKIUS LLP,1
Morgan Lewis & Bockius; LLP,1
Morgan Lewis and Bockius; LLP,1
Morgan Lewis Bockius LLP,1
"Morgan, Lewis & Bockius LLP",9
"Morgan, Lewis & Bockius, LLP",23
"Morgan, Lewis, & Bockius, LLP",2
Morgan; Lewis & Bochius; LLP,4
Morgan; Lewis & Bockius,6
Morgan; Lewis & Bockius LLP,43
Morgan; Lewis & Bockius; LLP,76
Morgan; Lewis; & Bockius LLP,3
Morgan; Lewis; & Bockius; LLP,4
Morgan; Lewis; Bockius; LLP,2
MORIARITY & ASSOCIATES,1
MORIARITY & BADARUDDIN PLLC,1
MORISSET SCHLOSSER JOZWAK & SOMERVILLE,1
Morisset Schlosser Jozwiak & Somerville,2
MORISSET SCHLOSSER JOZWIAK & SOMERVILLE,1
Morningside Heights Legal Services; Inc.,1
MORRIS  BART,2
MORRIS  LAW FIRM,1
Morris & Dewett; LLC,2
Morris & Dewitt LLC,1
Morris & Player PLLC,4
Morris & Player; PLLC,1
Morris Andrews Talmadge and Driggers,1
Morris Bart,1
Morris Bart & Associates,2
Morris Bart & Associates APLC,1
Morris Bart & Associates PC,1
Morris Bart & Associates; LLC,1
Morris Bart Attorneys at Law,3
Morris Bart LLC,12
MORRIS BART LLC,5
MORRIS BART LLC ATTORNEYS AT LAW,1
MORRIS BART LLC IOLTA,1
MORRIS BART LTD,1
"Morris Bart, LLC",1
Morris Bart; LLC,10
MORRIS BART; LLC IOLTA TRUST ACCT,1
Morris Bart; LTD,1
Morris Brat & Associates,1
MORRIS CARY LLC TRUST,1
MORRIS COUNTY ORG FOR HISPANIC AFFAIRS,1
MORRIS CRAVEN & SULAK LLP,1
Morris E Fischer,4
Morris E Fischer Esq.,1
Morris E Fisher,1
Morris E. Fischer LLC,2
Morris E. Fischer; Attorney At Law,1
Morris E. Fischer; LLC,6
MORRIS E. FISCHER; LLC,1
Morris Fischer Law,1
Morris H Hyman,1
MORRIS H HYMAN,1
Morris Haynes Law,1
Morris Hyman,1
Morris James LLP,1
"Morris James, LLP",1
MORRIS KING & HODGE PC,1
MORRIS LAW FIRM,1
Morris Law Office PC,1
MORRIS LAW OFFICE PC,1
Morris S. Getzels Law Office,1
"Morris, King & Hodge, PC",1
Morris; Haynes; LLP,1
Morris; King; & Hodge; P.C.,1
Morris; Manning & Martin; LLP,2
"Morriset, Schlosser, Jozwiak & Somerville",1
Morrison & Foerster,1
Morrison & Foerster LLP,6
MORRISON & FOERSTER LLP;RICHARD J VACURA,1
Morrison & Foerster; LLP,1
Morrison & Wagner LLP,1
Morrison & Wagner; LLP,1
Morrison Foerster LLP,1
Morrison Law Firm,1
MORRISON MOTL & SHERWOOD CLIENT TRUST,1
MORRISON MOTL & SHERWOOD PLLP,1
MORRISON MOTL SHERWOOD CL TR ACCT,1
Morrison Sherwood Wilson & Deola,1
"Morrison Sherwood Wilson & Deola, PLLP",1
"Morrison, Sherwood, Wilson & Deola",1
Morrison;Sherwood;Wilson and Deola; PLLP,1
Morrison;Sherwood;Wilson;andDeola; PLLP,1
MORROW & FISCHER PLLC,1
Morrow & Sheppard LLP,1
Morrow Kidman Tinker Macey-Cushman PLLC,1
MORROW POPPE WATERMEIER & LONOWSKI,1
Morrow Tompkins Trueblood & Lefevre,1
MORSE & ASSOC PC,1
Morse & Associates,1
MORSE & ASSOCIATES,4
Morse & Associates Law Firm,1
Morse & Associates P.C.,1
Morse & Associates PC,1
MORSE & ASSOCIATES PC,3
MORSE & ASSOCIATES; P.C.,1
Morse and Associates; P.C.,1
Morse and Edwards LLC,1
Morse Bolinger  & Associates,1
MORSE BOLINGER & ASSOC,1
Morse Bolinger & Associates,1
MORSE BOLINGER & ASSOCIATES,1
MORSE BOLINGER AND ASSOCIATES,1
Morton Disability Law,4
Morton Povman; P.C.,1
Mory & CollierSmith; PLLC,1
Moseley Marcinak Law Group,1
MOSER & MARSALEK LAW FIRM;TRUST ACCT OF MOSER & MARSALEK PC,1
Moss & Cirillo,2
Moss & Colella PC,1
Moss Berg Injury Lawyers,2
Moss Disability,1
Moss; Kuhn & Fleming,1
Mossing & Nararre; LLC,1
MOSSING & NAVARRE,1
Mossman Law,33
Mossman Law Office,2
MOTEAGUE HIGBEE CASE COHEN WHITNEY,1
Motley Rice,1
Motley Rice LLC,4
MOTLEY RICE LLC,1
"Motley Rice, LLC",1
Motley Rice; LLC,1
Moule & Frank Lawyers,2
MOULTON LAW FIRM,1
Moulton Law Firm Iolta,1
Moulton Law Firm PC,1
Mountain Laurel Assurance,1
Mountain State Justice; Inc.,1
Mountain States Legal Fndn,1
Mountain States Legal Foundation,5
Mowers Plus Inc,1
Moyer Law Firm,3
"Moyer Law Firm, P.C.",2
Moyer Law Firm; PC,1
Moyes Sellers & Hendricks; Ltd.,1
Mozley; Finlayson; & Loggins LLP,1
MP Gross Law Firm PC,1
MPJ Law Firm LLC,1
MSM Legal,1
Muammer  Yilancioglu,4
Muhareb Law Group,1
Mukerji Law Firm,1
Mularski Bonham Dittmer Phillips LLC,1
Mulinix Eddy Ewert & McKenzie,1
MULLEN &  MCGOURTY; P.C.,1
Mullens & Mullens; PLLC,1
Muller Brazil,1
Muller Law LLC,1
Mulligan Banham & Findley,1
Mulligan; Banham & Findley,1
Mullins & Blake PLLC,1
Multerer Law Firm PLLC,1
Multerer Law Firm; PLLC,1
MUMPHREY LAW FIRM LLC,1
"Munch & Munch, P.A.",1
MUNCH & MUNCH; PA,1
Munch and Munch P.A.;Prugh and Associates; P.A.,1
Munch and Munch; P.A.,1
Mundy & Associates,2
MUNDY & ASSOCIATES IOLTA TRUST ACCT,1
"Munger, Tolles & Olson LLP",1
Munger; Tolles & Olson LLP,4
"Mungo & Mungo at Law, PLLC",1
Munro Law Office; P.C.,1
Munro Law PC,3
Murphy & Anderson; PA,1
Murphy & Associates,1
Murphy & Associates PLC,1
MURPHY & BUCHAL LLP,1
Murphy & Falcon; P.A.,1
Murphy & Landon,1
Murphy & Murphy LLC,3
Murphy and Associates; PLC,1
Murphy Law Firm,6
MURPHY LAW FIRM,1
"Murphy Law Firm, LLC",1
Murphy Law Firm; PC,1
Murphy Law Group LLC,1
Murphy Law Office,1
Murphy Peluso; LLC,2
Murphy Sanchez PLLC,1
Murphy Schmitt Hathaway & Wilson,1
Murphy; Schmitt; Hathaway;,2
MURRAY  GREENFIELD,1
MURRAY D BILFIELD,1
MURRAY L GREENFIELD,1
Murray Law Firm,1
Murray Osorio PLLC,1
MURRY  PARRISH,1
MUSI; MALONE & DAUBENBERGER LLP,1
Musick Peeler & Garrett LLP,1
Muslin & Sandberg,3
Musselwhite Musselwhite Branch&Grantham,1
MUSSELWHITE MUSSELWHITE ET AL,1
Mussin & Scanland PLLC,1
Mustafa Cinkilic,1
Mustafa Murat,1
Mutrux Law Firm; LLC,1
MW BEASLEY; ESQ TRUST ACCOUNT,1
MW Injury Resolutions,1
MW LAW FIRM; PLLC,3
Myers & Company,1
MYERS & COMPANY PLLC,1
Myers & Company; PLLC,1
"Myers, Widders, Gibson, Jones & Feingold, LLP",1
MYERS; BRIEFE & KELLY LLP,1
Myers; Brier & Kelly; LLP,1
Myers; Evans; Lupetin & Unatin,1
Mykkeltvedt & Loftin; LLC,1
Myla  Serlin,1
Myles F Friedman,2
MYRON  ANGSTMAN,1
Myrt T Hales,1
N A Bacharach,1
N A Bacharach; Jr.,1
N ALBERT  BACHARACH,1
N ALBERT  BACHARACH JR,1
N ALBERT BACHARACH JR,1
N D BAR ASSOCIATION,1
N. Albert  Bacharach,1
N. ALBERT  BACHARACH,1
N. Albert Bacharach; Jr.,1
N. Albert Bacharach; Jr. Firm,1
N. American Subro LLC DBA Subrosmart,1
N. Ryan  LaBar; Attorney,2
N/A  N/A,25
NACHT ROUMEL & SALVATORE PC,1
NACHT ROUMEL SALVATORE BLANCHARD,1
Nachum  Harpaz,1
Nachum Harpaz,1
NACOL & ASSOCIATES PC,1
Nadalyn  Criner,1
NADER R HASAN,1
Naftulin and Shick; P.C.,1
Nagel Rice,1
Nagle & Associates,1
Nagle & Associates; P.A.,1
NAHON LAW FIRM PLC,1
Nahon Saharovich & Trots,1
Nahon Saharovich & Trotz,1
Nahon Saharovich & Trotz PLC,2
Nahon Saharovich & Trotz PLLC,1
Nahon Saharovich & Trotz; P.L.C.,2
NAHON SAHAROVICH & TROTZ; PLC,1
Nahon Saharovich and Trotz,1
"Nahon, Saharovich & Trotz, PLC",1
NAHON; SAHAROVICH  AND TROTZ PLC,1
NAHON; SAHAROVICH & TROTZ,1
Nahon; Saharovich & Trotz PLC,3
Nahon; Saharovich & Trotz; PLC,2
Nahon; Saharovich; & Trotz PLC,1
Nahon; Saharovick & Trotz; PLC,1
Najaj Law Firm; PLLC,1
Najvar Law Firm PLLC,4
NAKAMOTO & TANAKA,1
NAKLES AND NAKLES,1
Nance & Cacciatore,1
Nance Cacciatore Hamilton Barger Nance,1
"Nance Cacciatore, P.A.",1
Nance; Cacciatore; Hamilton; Barger;,1
NANCY  ABRAMOWITZ,1
NANCY  D'ANNA,1
NANCY  FLICKINGER,3
Nancy C Hamby,1
NANCY E MILLER,1
Nancy Grim LLC,2
NANCY J MESCROW,4
Nancy J Meserow,33
NANCY J MESEROW,6
Nancy K McCombs,3
NANCY K McCOMBS,2
NANCY K MCCOMBS,1
NANCY KATHERINE  MCCOMBS,1
Nancy L Simmons,1
Nancy M Camardo,1
NANCY R MOGAB,2
NANETTE  LOPEZ,1
Nanyen & Del Cid PC,1
NAPIER & GEORGE PS,2
NAPIERSKI; VANDENBURGH & NAPIERSKI; LLP,1
Napoli Shkolnik PLLC,8
"Napoli Shkolnik, PLLC",1
Naqvi Injury Law,2
NAQVI INJURY LAW,1
NARINE  SULAHIAN;NARINE SULAHIAN ATTY-CLIENT TR ACCT,1
NAS-Swiss Re;T and S Law Firm,1
Nash Disability Law,3
Nash Law Firm LLC,1
Nash Law Firm; LLC,1
NASHAWATY & RAND,1
Nass Cancelliere,2
Nat'l Immigration Litigation Alliance,1
Nathalie  Tang,1
Nathalie I Johnson-Noon,1
Nathan  Barnard,1
NATHAN  BARNARD,2
NATHAN  FIDAL,1
Nathan  Palermo,1
NATHAN  ROBERTSON,1
NATHAN & KREVAT,1
Nathan C Brunette,1
Nathan E Barnard,2
NATHAN E BARNARD,7
Nathan J. Noble PC,1
Nathan M Hansen,1
NATHAN M ZASLOW,1
NATHAN S ANDERSON,1
Nathaniel  Baccus,1
NATHANIEL  CADE,1
Nathaniel  Johnson,1
Nathaniel  Law Firm PLLC,1
Nathaniel Johnson & Associates; LLS,1
Nathaniel Law Firm PLLC,1
National Border Patrol Council,4
National Choice Lawyers,2
National Commercial  Services,1
National Commercial Services,6
National Commercial Services Inc,1
National Commercial Services Inc.,1
"National Commercial Services, Inc.",2
National Commercial Services; Inc.,1
NATIONAL IMMIGRATION  PROJECT OF NLG,1
NATIONAL IMMIGRATION LAW CTR,1
National Immigration Project,1
"NATIONAL IMMIGRATION PROJECT OF NATIONAL LAWYERS GUILD, INC",2
"National Immigration Project of National Lawyers Guild, Inc.",1
NATIONAL IMMIGRATION PROJECT OF NLG,3
National Immigration Project of the National Lawyers Guild,1
National Justice for Our Neighbors,1
NATIONAL LEGAL ASSOCIATES,1
National Mutual Insurance Group,1
National Security Counselors,1
National Security Counselors; Inc.,1
"National Security Law Firm, LLC",1
National Service Bureau,4
National Service Bureau Inc,1
National Subrogation,1
National Subrogation Service,1
National Subrogation Service; LLC,1
National Subrogation Services,7
National Subrogation Services LLC,1
"National Subrogation Services, LLC",4
National Subrogation Services; LLC,4
National Subrogation Services; LLP,1
National Treasury Employees Union,95
National Trial Law,6
National Veterans Legal Services Program,1
Nationwide Mutual Ins Co.,1
Nationwide Mutual Insurance Company,2
NATIVE AMERICAN RIGHTS FOUNDATION,1
Native American Rights Fund,1303
NATIVE AMERICAN RIGHTS FUND,21
Native American Rights Fund;PAUL A AZURE,1
NATIVE AMERICAN RIGHTS FUND.,1
NATIVE AMERICAN RIGHTS FUNDS,1
Natural Resources Defense Council,3
NATURAL RESOURCES DEFENSE COUNCIL,2
"Natural Resources Defense Council, Inc.,",1
Natural Resources Defense Council; Inc,1
Natural Resources Defense Council; Inc.,1
Nava Law Group,2
Nava Law Group PC,1
NAVA LAW GROUP PC,1
Nava Law Group; PC,2
Navajo Nation Department of Justice,1
Navitsky; Olson & Wisneski; LLP,1
NCS Subrogation,1
NCS; Inc.,1
Ndene Ndiaye,1
Ndukwe Azuewah Law Offices,1
Neal  Malmsten,2
Neal A Sanders,3
NEAL A SANDERS,7
NEAL GARY  ROSENSWEIG P.A.,1
NEAL S SUNDEEN,1
NEBLETT BEARD & ARSENAULT,2
NEBLETT BEARD & ARSENAULT IOLTA,1
NEBLETT BEARD AND ARSENAULT,1
"Neblett, Beard & Arsenault",1
Neblett; Beard & Arsenault,1
Nebraska Justice Law Firm,1
NED  LEIBA,1
NED C. LOFTON PC MASS IOLTA ACCT,1
"Neel, Hooper & Banes P.C.",1
Neel; Hooper & Banes; P.C.,2
NEELEY LAW FIRM PLC,1
Neely Law Group PLC,1
Neeman and Mills; PLLC,3
Neese Law Firm,1
NEFF LAW GROUP P.C.,1
Negroni  Law Group,1
Nehme Law Firm,1
NEHORAY LEGAL GROUP,1
Neiderman; Stanzel & Lindsey,1
Neil  Berman,1
NEIL  LOWENSTEIN,3
NEIL  ZIRLIN,1
NEIL A WEINRIB,1
NEIL DYMOTT FRANK MCFALL & TREXLER,3
Neil H Good,1
NEIL H GOOD,1
NEIL J BIXLER,1
Neil J Marcus,1
NEIL J MARCUS,1
Neil J Short,7
NEIL J SHORT,17
NEIL M SEMPEL;STEINGER ISCOE GREENE & MCAFEE PA,1
NEIL S LOWENSTEIN,1
NEIL S ODESSKY,1
Neil X Nguyen,1
NEILLI M WALSH,1
NeJame Law PA,1
NeJame Law; P.A.,1
NELSON  BUMGARDNER CASTO PC,1
Nelson  Rivera,1
NELSON & HAMMONS,1
Nelson & Hammons; PLC,2
Nelson & Rozier Attorneys at Law,1
Nelson and Hammons,3
Nelson Bumgardner Casto P.C.,1
Nelson Law Firm,4
Nelson Law Office,2
Nelson Mullins,1
Nelson Mullins Riley & Scarborough LLP,4
Nelson Mullins Riley & Scarborough; LLP,2
Nelson O Tyrone,2
Nelson; Fromer; Crocco & Jordan,1
Nettles Han Law LLC,1
Neuberger Law; LLC;Wood & Craig; LLC,2
NEUENS MITCHELL BONDS PLLC,1
Neufeld Scheck & Brustin LLP,1
Neustadt & Berriz,1
Neuwirth Law Office LLC,1
Nevada Injury Attorneys; Inc.,1
NEVADA LAW FOUNDATION,1
NEVADA LAW FOUNDATION TRUST;REZA ATHARI & ASSOCIATES PROF LLC,1
Nevada Legal Group,1
NEVAREZ LAW GROUP PC,1
"NEVAREZ LAW GROUP, PC",2
Nevarez Law Group; P.C.,1
Neve Webb; PLLC,2
Nevena  Trumbic,1
NEVEREZ LAW GROUP;NEVEREZ LAW GROUP CARM,1
New Civil Liberties Alliance,2
NEW MEXICO BAR FOUNDATION,1
New York Lawyers for the Public Interest;Simpson Thacher & Bartlett LLP,1
New York Legal Assiatnace Group,1
New York Legal Assistance Group,4
NEW YORK LEGAL ASSISTANCE GROUP,1
New York Legal Assitance Group,1
New York State Attorney General,1
New; Taylor & Associates,56
New; Taylor & Assocs,1
Newborg Law Office,1
Newcomber & Associates,1
Newcomer & Associates,2
"Newcomer & Associates, Inc.",1
Newcomer and Associates; Inc.,1
Newel Law,7
NEWEL LAW,1
Newell Law,1
Newell Law Firm; LLC,1
Newkirk Zwagerman PLC,1
Newlands & Clark,1
NEWMAN  ANZALONE & NEWMAN LLP,1
NEWMAN & ANDRIUZZI,1
Newman & McIntosh,1
NEWMAN BOYER & STATHAM LTD,1
NEWMAN STRUCTURED SETTLEMENT GROUP,1
Nexsen Pruet,1
NEXSEN PRUET PLLC,1
Nexsen Pruiet PLLC,1
NextEra Companies,1
NextEra Energy Companies,2
NGHANA LEWIS GAUFF LLC,1
NGO Law Practice,1
NGUYEN  CONG BINH,1
Nguyen & Crew PC,1
NH BAR FOUNDATION SHAREEN & GORDON;TR ACCT MAIN TR ACCT;WILLIAM E CHRISTIE,1
NH BAR FOUNDATION SHAREEN & GORDON;WILLIAM E CHRISTIE,1
NICHOLAS  & TANGEMAN LLC,1
Nicholas  Allis,1
Nicholas  Balland,1
NICHOLAS  BUNCH,1
Nicholas  Kipa,2
Nicholas  Kittleson,1
NICHOLAS  MARTINO,1
Nicholas  Nevarez,1
Nicholas  Patton,1
NICHOLAS  PURIFOY,2
NICHOLAS &  TANGEMAN LLC,3
Nicholas & Tangeman; LLC Trust Acct.,1
Nicholas Coleman,1
Nicholas Comaromi PA,1
Nicholas D Feden,1
Nicholas D Purifoy,1
NICHOLAS D PURIFOY,5
Nicholas E Bunch;Strategic Settlement  & Investments,1
Nicholas H Walsh PA,1
NICHOLAS J COMAROMI,1
NICHOLAS J GRAU,1
NICHOLAS J KITTLESON,1
Nicholas L Coleman,1
NICHOLAS L DAZER,1
Nicholas Perot Smith Koehler and Wall,1
Nicholas R Dismukes,1
Nicholas Scutari; Attorney at Law,1
Nichols Liu LLP,1
NICHOLS ZAUZIG SANDLER,1
"Nichols Zauzig, A Professional Corporation",2
Nichols; Webb & Loranger; P.A.,1
NICHOLSON REVELL LLP,1
"Nicholson Revell, LLP",1
NICK  LAVELLA,1
Nick  Rodriguez,1
Nick A Ortiz,1
NICK A ORTIZ,2
Nick Law Firm; L.C.,2
Nickels Law Firm,5
Nickelsporn & Lundin; P.C.,2
Nicola  Zampieri,4
Nicola Zampieri,1
Nicolas  Young,1
Nicolas A Balland,1
NICOLE  MESSAMORE,2
Nicole Harris LLC,1
Nicole J Franco,1
Nicole J. Franco Law,1
Nicole M Winston,1
NICOLE M WINSTON,1
Nicole R Messamore,1
"Nicolet Law Offices, S.C.",1
Nicolini & Paradise  Ferretti & Sabella Esqs,1
NICOLINI PARADISE FERRETI & SABELLA PLLC,1
Nicolini Paradise Ferretti & Sabella,2
NICOLINI PARADISE FERRETTI & SABELLA,2
Nicolini Paradise Ferretti Sabella PLLC,1
NICOLINI PARADISE FERRETTI SABELLA PLLC,1
Nicolini Paradise Ferretti Sabella; PLLC,1
Nicolini Paradise;Ferretti Sabella PLLC,1
"Nicolini, Paradise, Ferretti & Sabella",1
NICOLINI; PARADISE & SABELLA,1
Nicolini; Paradise; Ferretti & Sabella,5
Nicolini; Paradise; Ferretti; & Sabella,1
Nicoll Black & Feig,1
Nicolle T Phair,2
Nicotra Law; PLLC,1
Nida & Romyn; P.C.,1
Niddrie; Addams; Fuller & Singh LLP,1
Nield Law Group APC,3
Nield Law Group; APC,1
"NIELSEN, PETERSON AND NIELSEN LLP",1
Nielsen; Zehe; & Antas; P.C.,1
NIESAR & VESTAL LLP,1
Nigaglioni Law Offices PSC,1
Nigaglioni Law Offices; PSC,3
Nigel S Malden,1
Nik C Palmer,1
Niki  Fisher,4
NIKI  FISHER,4
NIKI A FISHER,1
NILES BARTON & WILMER LLP,2
Nilson Stookal Gleason & Caputo; Ltd.,1
Niman  Epstein,1
Niman Epstein LLC,1
Nimer Law; LLC,1
NIMMONS MALCHOW AND JOHNSON,1
Nimrod  Tavor,1
Ninamaria K Fuller,1
Nivinskus Law Firm,1
Nivinskus Law Group,13
NIVINSKUS LAW GROUP,2
"NIVINSKUS LAW GROUP, ALC",1
Nivinskus Law Group; A Law Corporation,1
Nivinskus Law Group; ALC,1
Nivnskus Law Group,1
Nixon Disability Law,2
Nixon Peabody LLC,1
Nixon Peabody LLP,5
Nixon Vogelman Barry Salwsky & Simoneau,1
NIXON VOGELMAN BARRY SLAWSKY,1
NIXON VOGELMAN BARRY SLAWSKY & SIMONEAU,1
Nixon Vogelman Slawsky & Simoneau PA,1
NIXON; VOGELMAN; BARRY PA,1
Nixon; Vogelman; Slawsky & Simoneau,1
Noah G Naparsteck,12
Noah S Rosner,2
Noble  Boykin;Sage Brown; P.C.,1
Noble & Noble ; PLLC;Noble & Noble; PLLC,1
Noble & Quinn; Attorneys at Law; P.C.,1
Noble & Vrapi; P.A.,1
Noble Rounsavall and Reed;Winckler & Harvey,2
NOEL  CULBERT,1
NOEL O BAILEY,1
Nolan  Greak,1
NOLAN E WITTROCK,1
NOLAN G EDWARDS,1
Nolan Law Group,3
Nolan Law Group LLC,1
"Nolan Lim Law Firm, PS",1
NOMEA Avocats,1
Noonan Lance Boyer & Banach LLP,1
Nooney & Roberts,1
NORA  ATIENZA;STEPHEN  QUESENBERRY,1
Nora  Bailey,1
Nora A Bailey,19
NORA A bailey,1
NORA A BAILEY,18
NORA CONSTANCE  MARINO,1
NORANA  SANCHEZ-ALVARADO,1
Norberto Cardenas III PLLC Law Office,1
Norden Leacox; PLLC,1
Nordhaus Law Fim LLP,1
Nordstrom Steele Nicolette and Blythe,1
"Nordstrom, Steele, Nicolette & Blythe",1
Nordstrom; Steele; Nicolette & Blythe,1
Norgaard O'Boyle & Hannon,1
Norman & Edem PLLC,1
Norman A. Moses Attorney At Law,1
Norman and Edem PLLC,2
Norman K Hussain,1
Norman M Finkelstein,1
Normand Law PLLC,1
Norris; St. Clair; & Lotkin,1
North American Risk Services,1
North Carolina Department of Justice,2
NORTH DAKOTA BAR FOUNDATION;RODNEY E PAGEL PAGEL WEIKUM PLLP,1
North Star Law,1
North Star Law Group; LLC,1
Northeast Justice Center LLC,1
"Northern Justice Project, LLC",1
Northington PLLC,1
Northwest Bank-[REDACTED FOR PRIVACY],1
Northwest Bank-Dunn Canrey Allen Higgins,1
Northwest Immigrant Rights Project,11
Northwest Law Firm,3
Northwest Veterans Law,1
Norton & Melnick APC,1
Norton Y Beilenson,1
Nossaman LLP,3
Novak Juhase & Stern,1
Novo Law  Firm,1
Novo Law Firm,1
Novo Legal Group,1
"Novo Legal Group, LLC",1
Nowell S Lesser,1
NOWELL S LESSER,2
Nowlan & Mouat; LLP,1
Noyes Law Group,1
NSPR Law Firm,1
NSS Escrow LLC,1
NST Law,1
null,39778
Nunez Law Firm,1
Nunez Law Firm PLLC,1
Nurenberg Paris Heller & McCarthy,2
Nurenberg; Paris; Heller & McCarthy,2
Nurenberg; Paris; Heller & McCarthy Co.,1
Nuro Bedhaso Dedefo Law Firm,1
Nussbaum Gleason,1
Nussbaum Speir PLLC,1
NUTT LAW FIRM,1
Nutt Law Office,1
NUTTALL & COLEMAN;ROGER T NUTTALL INC,1
NUYEN  MARRERO-BONILLA,1
NW Disability Benefits LLC dba Kerr Rob,1
NW Disability Benefits LLC dba Kerr Rob;Todd R. Renda; Attorney at Law,1
"NW Disability Benefits, LLC",22
NW Disability Benefits; LLC,31
NW IMMIGRANT RIGHTS PROJECT,1
NY Disability LLC,1
Nye; Stirling; Hale & Miller; LLP,1
Nyman Turkish PC,4
"Nyman Turkish, PC",1
Nyman Turkish; P.C.,3
Nyman Turkish; PC,1
NYS Office of Attorney General,1
NYS Thruway Authority,1
O?Neal Law Firm,2
O' Melveny & Myers,1
O'Bell Law Firm; LLC,1
O'Brien  Young & Knowles LLP,1
O'Brien & Simones LLC,1
O'BRIEN BARTON & HOPKINS PLLP,1
O'Brien Law Office; P.C.,1
O'Bryan Baun Karamanian,1
O'Connell & Aronowitz,1
O'Connell and Aronowitz; P.C.,1
O'CONNELL PLUMB & MACKINNON PC,1
O'Connor & Associates; PLLC,1
"O'Connor & Partners, PLLC",1
O'Connor Acciani & Levy,4
O'CONNOR ACCIANI & LEVY CO LPA,1
O'Connor Acciani & Levy; Co.; LPA,1
O'CONNOR LAW GROUP LLC,1
O'Connor Parsons & Lane,1
O'CONNOR PLAYDON & GUBEN LLP,1
O'Connor Playdon Guben & Inouye LLP,1
"O'Connor, Acciani & Levy",1
"O'Connor, Acciani & Levy Co. LPA",2
O'Connor; Acciani & Levy,1
O'Connor; Acciani & Levy Co.; LPA,2
O'Connor; Acciani; & Levy,1
O'Dorisio & Wedell LLP,1
O'Haherty Helm Egan & Bimbaum LTD,1
O'Hanlon; Demerath & Castillo,16
O'Hanlon; Demerath & Castillo PC,2
O'Keefe & Gale,2
O'KEEFE & GALE,2
O'KEEFE & GALE CLIENT'S ACCT,1
O'KEEFE & GALE CLIENTS FUNDS ACCT,1
O'KEEFE & O'KEEFE LLP,1
O'Keefe Firm Co.; L.P.A.,2
O'Keefe Law Firm,1
O'Keeffe; O'Brien; Lyson & Foss Ltd.,1
O'Keeffe; O'Brien; Lyson; Ltd.,1
O'MALLEY  TUNSTALL,1
O'Melia Schiek & McEldowney,2
O'Melveny & Meyers  LLP,2
O'Melveny & Myers LLP,22
O'MELVENY & MYERS LLP,3
O'MELVENY & MYERS LLP;SRI  SRINIVASAN,1
O'Melveny and Myers LLP,1
O'Melveny Myers LLP,12
"O'Neal Appellate Law, LLC",4
O'Neill & Marchiondo,1
O'Riordan Bethel Law Firm LLP,3
"O'Riordan Bethel Law Firm, LLP",1
O'Shea Partners LLP,1
O'STEEN & HARRISON,1
"O'Steen & Harrison, PLC",2
OÂ’Hanlon; Demerath & Castillo; PC,1
Oakes Law Firm,1
Oakwood Legal Group LLP,1
Oates & Courville,3
OAXACA BERNAL & ASSOCIATES,1
Oberman & Oberman,1
Obermayer Rebmann Maxwell & Hippel; LLP,1
OBRAL; SILK & PAL; LLC,1
Obront Corey PLLC,1
OCCUDATA,1
Ochs & Klein; P.C.,1
OConner Berman Dotts & Banes,2
Oconnor; Acciani & Levy,1
Odaly  Nodarse-Buscemi,1
Odile Cassiot,1
Odom Law Firm,7
Odom Law Firm P.A.,2
Odom Law Firm; P.A.,7
Odrcic Law Group; LLC,1
Oertel; Fernandez; Bryant & Atkinson,3
OFELIA  AMIO,1
OFELIA L CALDERON,2
Office of Charles and Harry Binder; LLP,1
Office of Douglas Brigandi,1
OFFICE OF EDWARD B CHATOIAN,1
Office of Herbert S. Forsmith,2
Office of Jan Meyer & Associates; P.C.,1
OFFICE OF JEFFREY L LIGHT IOLTA,1
OFFICE OF LUIS A SEGARRA PA,1
OFFICE OF MICHAEL GOPIN PC,1
Office of Perry D. Ellis PC;Shook; Hardy & Bacon,1
OFFICE OF ROBERT L SHIELDS LLC,1
OFFICE OF RONALD B ESKIN PC,1
Office of the Attorney General,1
OFFICE OF THE ATTORNEY GENERAL,1
Office of the Washington Atty General,1
OFFICE OF TRIBAL ATTORNEY,1
OFFICE OF W ROBB GRAHAM LLC,1
OFFICE OF WILLIAM O. LOCKWOOD,1
Office Vincent Nappo & Neil Nappo,1
OFFICES OF ANDREW D TAYLOR,1
OFFICES OF DAN A COLON,1
OFFICES OF HARRY & CHARLES E BINDER,1
OFFICES OF HOLLY COOPER,2
OFFICES OF HOWARD J MEYER JR,1
OFFICES OF JAVIER VILLARREAL,1
OFFICES OF JOHN CONNELLY IOLTA,1
OFFICES OF LYLE C CAVIN,1
OFFICES OF MICHAEL C LIPPERT,1
OFFICES OF MICHAEL M SUSSMAN,1
Offices of Michael Smith & Associates,1
OFFICES OF MOON KIM,2
OFFICES OF SCOTT N BERGMAN,1
OFFICES OF TANYA GENDELMAN,1
OFFICES OF THOMAS D ROTH,1
OFFICES OF THOMAS J HENRY,1
OFFICES OF W SCOTT SONNTAG PA,1
Offit Kurman,1
"Offit Kurman, PA",1
Oficina Legal del Pueblo Unido,1
Ofori Law Firm LLC,2
OFORI LAW FIRM LLC,2
OFSHTEIN LAW FIRM PC,1
Ofshtein Law Firm; P.C.,1
OFW Law,1
Ogden & Sullivan; P.A,1
Ogden & Sullivan; P.A.,1
Ogden & Sullivan; P.A.;Samuel  Mehring,1
Ogden Murphy Wallace; PLLC,1
Ogle Elrod & Baril PLLC,1
Ogles Law Firm; P.A.-BLA,1
Ogletree; Deakins; Nash; Smoak & Stewart,1
Ogueri & Associates; P.C.,1
Ohio Environmental Enforcement,1
"Ohliger Injury Law, LLC",1
OKeeffe OBrien Lyson Foss,1
Okinsky Law Group,1
OKLAHOMA BAR FOUNDATION,1
Oklahoma Legal Services; P.L.L.C.,1
Okun Oddo & Babat PC,1
Okyay Law Office,1
Olan Law Corporation,1
Old Father Law Firm PLLC,1
OLEN  HAYNES,1
Oles Morrison Rinker & Baker LLP,1
OLG,1
Olia  Yelner,1
Olinger Law Firm,1
OLINGER LOVALD MCCAHREN REIMERS TR ACCT,1
Olinksky Law Group,4
Olinksy Law Group,10
Olinsky & Associates,2
Olinsky & Associates PLLC,1
Olinsky and Associates,5
Olinsky and Assoicates,1
OLINSKY DISABILITY NATIONAL ADVOCACY,4
Olinsky Lasw Group,1
Olinsky Law,15
OLINSKY LAW  GROUP,3
Olinsky law Group,1
Olinsky Law Group,700
OLINSKY LAW GROUP,53
Olinsky Law Group LLC,1
Olinsky Law Group;Salus Law; PLLC,1
Olinsky Law Office,2
Oliver & Reichel; P.A.,1
Oliver H Pelly,1
Oliver Law Group,1
Olmedo Law Offices PSC,1
Olmo & Rodriguez-Matias Law Office PSC,1
Olsheski Law Co.; LPA,1
Olsman Mueller Wallace & MacKenzie,1
Olson & Hogan,1
OLTMAN & MAISEL,1
OLTMAN LAW GROUP,1
Oltman Law Group PC,1
OLUGBENGA O ABIONA,1
OMAR O ORTEGA,4
Omdahl Law Office,2
Omega Law; LLC,1
OMID  NIKNAM,1
Ominsky & Ominsky P.C.,1
Omrani & Taub; P.C.,2
Onder Law LLC,4
OnderLaw,2
OnderLaw LLC,13
"OnderLaw, LLC",42
One Law Group SC,1
Onwaeze Law Offices; APC,1
Optum,10
OPTUM,2
Optum (a.k.a. Equian),1
Optum Property & Casualty Subrogation,1
Optum Subrogation Services,1
Oregon Dept. of Environmental Quality,3
Oregon Justice Resource Center,7
Oregon Law Center,1
Oregon Law Foundation,1
Orell  Hudson,1
Orendain & Dominguez,3
Orendain & Dominguez; Law Firm,1
ORLANDINI & WALDRON,1
Orlando  Castro-Garcia,1
ORLANDO  RODRIGUEZ,1
Orloski Law Firm,2
Orlow; Orlow & Orlow; P.C.,1
"Orrick, Herrington & Sutcliffe LLP",5
Orrick; Herrington & Sutcliffe LLP,2
Orrick; Herrrington; & Sutcliffe LLP,1
ORTEGA LAW FIRM,1
Ortega; McGlashin; Hicks; & Perez PLLC,1
Ortiz & Lopez; LLP,2
Ortiz Law Firm,1
"Osberhout Disability Law,, LLC",1
Osborn Jacobs & Hartung PLC,1
Osborn Law,1
Osborn Law P.C.,52
Osborn Law PC,2
"Osborn Law, P.C.",26
Osborn law; P.C.,1
Osborn Law; P.C.,24
Osborne E Powell,3
OSBORNE E POWELL,7
Osborne E Powell Jr,2
Osborne Eugene  Powell,1
Osborne; O'Bryan & Butcher; PLLC,1
Osborne; Tripp & Schmidt; S.C.,1
Osbourne E Powell,1
Osbourne E Powell Jr,2
OSCAR  SYGER,1
Oscar Garza Law Firm,1
Oscar L Shoenfelt,2
OSCAR L. SHOENFELT; III; L.L.C,1
Oscar M Blanks,1
Oshman Mirisola Law Group PLLC,1
Osita Emmanuel  Okocha,1
OSP Prevention Group,1
OSTEEN & HARRISON,1
Osterhaut Berger,3
Osterhaut Berger Disability Law,2
Osterhaut Disability Law; LLC,1
"Osterhaut, Berger",2
Osterhoust Disability Law,1
Osterhoust Disability Law LLC,1
Osterhout Bergen Disability Law,2
Osterhout Berger,11
Osterhout Berger Daley,30
"Osterhout Berger Daley Disability Law, LLC",1
Osterhout Berger Daley LLC,8
"Osterhout Berger Daley, LLC",31
"Osterhout Berger Daley, LLC.",1
"Osterhout Berger Daley, PC",1
Osterhout Berger Diability Law,2
Osterhout Berger Disability,10
Osterhout Berger Disability Law,86
OSTERHOUT BERGER DISABILITY LAW,4
Osterhout Berger Disability Law LLC,26
Osterhout Berger Disability Law LLC - Oakmont,1
Osterhout Berger Disability Law LLCPA,1
"Osterhout Berger Disability Law, LLC",58
"OSTERHOUT BERGER DISABILITY LAW, LLC",1
"Osterhout Berger Disability Law, PLLC",1
Osterhout Berger Disability Law; LLC,74
OSTERHOUT BERGER DISABILITY LAW; LLC,3
Osterhout Berger Disability Lw LLC,1
Osterhout Berger Disablilty Law,1
"Osterhout Berger Disbility Law, LLC",1
Osterhout Berger Law,2
Osterhout BergerDisability Law,1
Osterhout Burger Disability Law LLC,1
OSTERHOUT DIABILITY LAW LLC,1
Osterhout Disability,3
Osterhout Disability Law,17
OSTERHOUT DISABILITY LAW,1
Osterhout Disability Law LLC,23
OSTERHOUT DISABILITY LAW LLC,1
"Osterhout Disability Law, LLC",9
Osterhout Disability Law; LLC,19
Osterhout Disability Law; LLC;Samuels Law Firm,1
Osterhout Disability Law; PLLC,1
Osterhout Fulton Brown,1
Osterhout Fulton-Brown,3
"Osterhout, Berger and Daley",1
"Osterhout, Berger Disability Law",1
"Osterhout, Berger, Daley",1
Osterhout; Berger Disability Law,2
OSTHERHOUT DISABILITY LAW,1
Ostling and Associates Attorneys at Law,1
Ostroff Law PC,1
Osvaldo H Puig-Hernandez,1
Ota & Hara LLLC,1
OTOROWSKI JOHNSTON DIAMOND & GOLDEN,1
Otorowski Johnston Morrow & Golden; PLLC,2
Otorowski Morrow & Golden; PLLC,2
Otorowski; Morrow and Golden; PLLC,1
Ott Law Firm,2
Otter; Cohen and Samulson,1
OTTMAR & OTTMAR,1
Ottsen; Leggat & Belz; L.C.,1
Ottsen; Leggat & Belz; LC,1
Outten & Golden; LLP,3
Outten and Golden,3
OUTTEN AND GOLDEN LAW FIRM,1
Ovadia Law Group,1
Overbey Hawkins & Wright PLLC,1
OWEN  MAYFIELD,1
Owen and Owen; PLLC,1
Owen Galloway & Myers PLLC,1
OWEN J CURLEY,1
OWEN L MCINTOSH,1
Owen Law Firm,1
Owen; Galloway & Myers; P.L.L.C.,4
Owen; Galloway & Myers; PLLC,1
Owens & Mulherin,1
Owens & Mulherin PC,1
OWENS & MULHERIN PC,2
Owens Law Firm,1
Owens Law; LLC,1
Oxenburg & Franzel,1
OXENBURG & FRANZEL,1
Oxford & Gonzalez,1
"Oxford Law, PLLC",1
Oxman Goodstadt Kuritz PC,5
OXNER & STACY; P.A.,1
Oxner Permar & Richardson PLLC,1
OZER  M TURAN,1
Ozment Law,3
P & C Subrogation Services,1
P Andrew  Wilbur,2
P TERRELL HOGAN ELLIS YEGELWEL PA,1
P. HEATH  BROCKWELL,1
P.M. Dubbeling PLLC,1
PA INSTITUTIONAL LAW PROJECT,2
PA IOLTA BOARD; COHEN & FEELEY; P.C.,1
PA TR ACCT;VOLPE BAJALIA WICKES; ROGERSON & WACHS;WILLIAM L ROELKE,1
PABLO  CASILLAS,2
PABLO  MONTANER,1
Pablo H Montaner,1
PABLO H MONTANER CORDERO,1
Pablo H Montaner-Cordero,1
Pablo V Bustamante PC,1
Pacific Attorney Group,1
Pacific Gas & Electric Co.,4
Pacific Gas & Electric Company,3
Pacific Gas and Electric Company,2
PACIFIC LEGAL  FOUNDATION,1
Pacific Legal Foundation,7
PACIFIC LEGAL FOUNDATION,4
Pacific Sterling Law Group,1
Pacific West Injury Law,1
Pacifica Law Group LLP,1
Packard Law Firm,1
PACKARD PACKARD & LAPRAY IOLTA ACCT,1
PADBERG CORRIGAN & APPELBAUM,1
Padilla Law Group,1
PAGEL WEIKUM PLCC IOLTA,1
Pagel Weikum PLLP,1
PAGEL WEIKUM PLLP,1
Paige  Fiedler,1
PAILP,1
Paine Hamblen LLP,1
Paine Kilpatirck Coleman & Mahoney,1
Pairavi Law P.C.,1
PAJCIC & PAJCIC PA TR ACCT;STEPHEN J PAJCIC III,1
"Palace Personal Injury Law Group, PSC",1
"Palacios Disability, P.A.",1
Palacios Disability; P.A.,1
PALAZZO LAW FIRM,1
Palisades Safety & Ins.,1
Palius Markevicius,1
Paliwoda & Paliwoda Law Firm,1
Paliwoda Paliwoda Law Firm,1
Palmer Bizeup & Henderson LLP,1
Palmer Law Group LLP,1
PALMER LEATHERMAN WHITE & GIRARD,1
Palmer Thompson Law; LLC,1
PALMER; LEATHERMAN; WHITE & DALTON LLP,2
Palmer; Leatherman; White; & Girard,1
Palmer; Leatherman; White; & Girard LLP,1
Palmieri Law,1
Palol Bartalena,1
Palol Toffoli,3
Palumbo Wolfe & Palumbo,1
Palumbo Wolfe & Palumbo PC,1
Pamela  Atkins,5
PAMELA  BROWN-JONES,1
Pamela  Clark,1
PAMELA  HENRY MAYS,1
Pamela  Henry-Mays,2
PAMELA  HENRY-MAYS,1
PAMELA  LACEY,1
PAMELA  LACY,1
PAMELA  MARIE BRIDGE,1
PAMELA  NISSEN,1
PAMELA A HUNTER,1
Pamela Atkins and Associates,1
PAMELA G LACHER,1
Pamela I Atkins,3
PAMELA I ATKINS,2
Pamela L Atkins,1
Pamela Lynn Colon Law Offices LLC,1
Pamela M Henry-Mays,6
PAMELA M HENRY-MAYS,2
Pamela M Schiller,5
PAMELA M SCHILLER,2
Pamela Marie  Henry-Mays,1
PAMELA MARIE  HENRY-MAYS,2
Pamela S Wilson,1
Pando & De La Puente P.A.,1
"Pangia Law Group, PLLC",3
Panish Shea & Boyle,1
Panish Shea & Boyle LLP,1
PANISH SHEA & BOYLE LLP,1
Panish Shea & Boyle; LLP,2
Panish Shea and Boyle LLP,1
PANISH SHEA BOYLE RAVIPUDI LLP,1
PANOS  LAGOS,1
Pantaleon  Florez,1
Panter; Panter; & Sampedro P.A.,1
PANTERIS & PANTERIS LLP,1
"Paoli Law Firm, P.C.",1
Paolo  Galluccio,3
Paolo  Toffoli,4
Papa & Gipe; P.A.,2
PAPPAS COX KIMPEL DODD & LEVINE; P.C.,1
"Pappas, Cox, Kimpel, Dodd & Levine P.C.",2
Pappas; Cox; Kimpel; Dodd & Levine PC,1
Pappas; Cox; Kimpel; Dodd & Levine; P.C.,1
Paradowski Law,3
Paragon Asset Recovery,2
Paragon Asset Recovery Services,2
Paragon Asset Recovery Services; LLC,1
Paragon Law Firm PLLC,1
Paragon Services,1
PARAGON SUBROGATION,1
Paragon Subrogation Services,13
Paragon Subrogation Services Inc,2
Paragon Subrogation Services Inc.,1
Paragon Subrogation Services LLC,1
"Paragon Subrogation Services, LLC",1
Paragon Subrogation Services; Inc.,3
Pardue & Associates,3
PARDUE & ASSOCIATES,2
PARDUE & ASSOCIATES P.C.,1
Pardue & Associates PC,2
PARDUE & ASSOCIATES PC,1
"Pardue & Associates, PC",2
Pardue & Associates; P.C.,1
Pardue & Associates; PC,1
Pardue & Coskrey,1
Pardue & Coskrey; LLC,2
Pardue Law Firm,1
Pardy & Rodriguez PA,1
Pardy & Rodriguez; P.A.,1
Parenteau &  O'Hara PC,1
Parenteau & O'Hara,1
PARENTEAU & O'HARA,3
Parenteau & O'Hara P.C.,2
Parenteau & O'Hara PC,7
Parenteau & O'Hara; P.C.,1
PARENTEAU & O'HARA; P.C.,2
"Parenteau & O""Hara PC",1
Parenteau & Ohara,1
"Pargament & Hallowell, PLLC",1
Parham & Hall PLLP,44
Parham & Hall; PLLP,1
Parham Hall & Staples PLLP,4
PARHAM HALL & STAPLES PLLP,5
Parian Injury Law,1
PARIKH LAW GROUP LLC,1
Parin Injury Law,1
Paris & Chaikin; PLLC,2
Paris & Chaikin; PLLC; Esqs.;Shaevitz; Shaevitz; and Kotzamanis,2
Parissa  Amirpour,1
PARK CHENAUR & ASSOC,1
Park Chenaur & Associates,2
PARK CHENAUR & ASSOCIATES INC,1
PARK CHENAUR & ASSOCIATES INC;RICK  PARK,1
Park Chenaur & Associates; Inc P.S.,1
PARK LAW GROUP PC IOLTA,1
Parke Gordon LLC,2
Parke Gordon; LLC,1
Parker & Associates,1
Parker & Crofford,2
Parker & Lazzara,1
Parker & McConkie,1
"PARKER COLE, P.C.",3
PARKER LAW FIRM,1
PARKER LIPMAN LLP,1
Parker Nelson & Associates,1
Parker Pollard Wilton & Peadon,1
Parker Waichman,22
PARKER WAICHMAN ALONSO LLP,1
Parker Waichman LLP,61
"Parker Waichman, LLP",45
Parker-Hannifin Corp.,1
PARKER; PALLETT; SLEZAK & RUSSELL LLC,1
Parker; Young & Antinoff; LLC,1
Parkinson Benson Potter,2
Parlatore Law Group,1
Parlatore Law Group; LLP,1
Parmale Law Firm,2
"Parmale Law Firm, PC",2
Parmele Law,1
Parmele Law Firm,42
PARMELE LAW FIRM,5
Parmele Law Firm P.C.,2
Parmele Law Firm PC,8
PARMELE LAW FIRM PC,3
"Parmele Law Firm, LLC",2
"PARMELE LAW FIRM, LLC",1
"Parmele Law Firm, P.C.",3
"Parmele Law Firm, PC",12
Parmele Law Firm; P.C.,6
Parmele Law Firm; PC,16
Parmele Law Office,39
PARMELEE LAW FIRM,1
Parnall and Adams Law,1
Parnall Law,1
PARNALL LAW,1
Parnall Law Firm,4
Parnall Law Firm LLC,1
PARNELL & CRUM PA,1
Parnell & Parnell; P.A.,1
Parnell Law Firm; LLC,3
Parr Brown Gee & Loveless,1
Parr Richey Frandsen Patterson Kruse,1
PARRILLI RENISON LLC,1
PARRILLI RENISON LLC CL-TRUST ACCT,1
PARRILLI RENISON LLC CLIENT TRUST ACCT,1
PARRIS LAW FIRM,1
Parrish DeVaugh Injury Attorneys,1
Parrish DeVaughn Injury Attorneys,1
"Parrish DeVaughn, PLLC",1
Parsons Behle & Latimer,1
Parsons Law LLC,2
Parsons Transporation Group; Inc.,1
Partnership for Children's Right,1
PARTNERSHIP FOR CHILDREN'S RIGHTS,1
Partnership of Rohlfing Haley Cho,1
"Partnership of Rohlfing, Haley, Cho",15
Partnership of Rohlfing; Haley; Cho,26
Pascale Stevens LLC,1
Pascale Stevens LLC;Pascale Stevens; LLC,1
"Pashler & Devereaux, LLP",4
Pashler & Devereaux; LLP,5
Pasquarella; Kunnel & Pomo,1
Passamani & LeTang; PLLC,1
Passman & Kaplan P.C.,1
Passman & Kaplan; P.C.,2
Pasternack Tilker Zeigler Walsh,1
Pasternack Tilker Ziegler Walsh,4
Pasternack Tilker Ziegler Walsh Stanton,4
Pasternack; Tilker; Ziegler; Walsh,2
Pasternak & Zirgibel S.C.,2
Pastore & Dailey; LLC,1
PAT  RENFROE,1
Pat  Schindler,1
Patberg Law Firm,1
Patberg; Carmody & Ging,1
Patchett Law Office,1
PATCHETT LAW OFFICE,1
Pate & Cochrun; LLP,1
Patine & Associates,1
Patino & Associates,1
PATINO & ASSOCIATES,1
"PATINO AND ASSOCIATES, PLLC",2
PATRIC E DURAZZO,1
Patrica  McCabe,1
Patrica L McCabe,1
PATRICIA  ANDREWS,1
Patricia  Bailey,1
PATRICIA  GIORDANO,1
Patricia  Glazek,1
Patricia  Marks,2
Patricia  McCabe,1
PATRICIA  MCCABE,1
PATRICIA  O'TOOLE VAZZANA,1
Patricia  Raymond,2
PATRICIA  SHACKELFORD,1
Patricia A Gill,1
Patricia A Meagher,1
Patricia A Shoap,2
PATRICIA A SHOAP,2
Patricia D Perkins,1
PATRICIA I JAMES,1
Patricia L McCabe,13
Patricia L. McCabe Law Offices,1
PATRICIA S ROSE,1
Patricia W Rivera,1
Patricia Wilkinson Law,1
Patrick  Aguilar,1
PATRICK  BERTRANDT,2
Patrick  Best,2
PATRICK  CRUISE,1
Patrick  Dennis;The Doyle Law Firm LLP,1
PATRICK  FLAHERTY,1
PATRICK  GECKLE,2
Patrick  Jackson,1
Patrick  Madden,1
Patrick  Sherwood,1
Patrick  Spencer,1
PATRICK  SPENCER,1
PATRICK  SPURGIN,1
Patrick  Tracey,1
Patrick A Malone,1
PATRICK A TRUDELL,1
"Patrick A. Davis, P.A.",1
PATRICK C BOOTH,1
PATRICK C H  SPENCER,2
PATRICK C H SPENCER,1
PATRICK C O'NEILL,1
Patrick C Spencer,1
PATRICK C SPENCER,2
Patrick Collins Esq; LLC,1
Patrick D Angel,3
PATRICK D H  SPENCER,1
PATRICK D HOWARD,1
PATRICK D SPURGIN,1
Patrick Dyer PA,1
Patrick E Clark,1
PATRICK F MCCORMICK,1
PATRICK G GECKLE,1
Patrick G. Geckle; LLC,2
Patrick G. Kehoe; Jr.; Attorney at Law,1
PATRICK H PERRY;PERRY; VLOEDMAN & BRADY,1
Patrick Henry; LLP,1
Patrick J Best,14
Patrick J Best Esq.,2
Patrick J McLaughlin,1
Patrick J. Christmas & Associates; P.C.,1
Patrick J. Kenneally; Ltd.,1
PATRICK K DUNPHY,1
Patrick K Fannin,1
PATRICK K TRACY,1
PATRICK M COLLINS,1
Patrick Malone & Assoc PC,1
Patrick Malone & Assoc; PC,1
Patrick Malone & Assoc; Trust Acct DIMA,1
Patrick Malone & Assoc. P.C.,1
Patrick Malone & Associate; PC,1
Patrick Malone & Associates,2
Patrick Malone & Associates PC,6
"Patrick Malone & Associates, PC",1
Patrick Malone & Associates; P.C.,1
Patrick Malone & Associates; PC,1
Patrick R McNamara,1
PATRICK R MCNAMARA,1
Patrick R. Jackson APLC,1
Patrick R. Jackson; APLC,1
PATRICK S HENDRICKSON,1
PATRICK SULLIVAN PC,1
Patrick T Gillen,1
PATRICK W MORGAN,1
PATRICK W SULLIVAN PC/IOLTA ACCT;PIA SALAZAR/PATRICK SULLIVAN;SALAZAR & SULLIVAN,1
PATRICK W SULLIVAN;PATRICK W SULLIVAN PC,1
Patriot Law,1
Pattee & Associates; LLC DGA,2
PATTEN PETERMAN BEKKEDAHL & GREEN,1
Patten Wornom & Diamonstein LC,2
Patten Wornom Hatten & Diamonstein,1
Patten; Peterman; Bekkedahl & Green,1
PATTEN; WORNOM; HATTEN & DIAMONSTEIN LC,1
PATTERSON BELKNAP WEBB & TYLER LLP,1
Patterson Earnhart Real Bird & Wilson,3
PATTERSON EARNHART REAL BIRD & WILSON,1
Patterson Law Group,1
Patterson Legal Group,2
Patterson Legal Group LC,1
PATTON & TIDWELL LLP,1
"Patton Law Offices, PLLC",1
Patton Law Offices; PLLC,3
PATTY  FEYEREISEN,1
PAUKERT & TROPPMANN,1
Paukert & Troppmann Lawyers PLLC,1
Paul  Alaga,1
PAUL  ARANSON,1
PAUL  ATCHITOFF,1
Paul  Burkhalter,2
PAUL  BURKHALTER,4
PAUL  CLINTON,1
PAUL  COCOROS,1
Paul  Dominguez,1
Paul  Eaglin,1
PAUL  EAGLIN,1
PAUL  HAM,1
PAUL  HASTINGS LLP;STEPHEN B KINNAIRD,1
PAUL  JENKINS,1
PAUL  KAMPMEIER,1
Paul  Klein,2
PAUL  KOTOWSKI,1
Paul  Kugelman,1
PAUL  LAURICELLA,1
PAUL  LEVITT,1
Paul  Lyons,1
PAUL  MAAS,1
Paul  McChesney,1
Paul  McTigha,1
PAUL  MORELLO,1
PAUL  MUSKE,1
Paul  Padda,1
Paul  Radosevich,1
Paul  Renzo,1
Paul  Saccoccio;Stephen M Shaw,1
Paul  Saltzen,1
PAUL  SKINNER,1
Paul  Stockman,5
PAUL  TELLARICO,1
Paul  Townsend McChesney,1
PAUL  TOWNSEND MCCHESNEY,1
Paul & Perkins; P.A.,2
Paul A Livgard,1
Paul A Samakow,1
PAUL A SILICH,1
Paul A Temanson,3
Paul B Eaglin,9
PAUL B EAGLIN,4
PAUL B MEADOWBROOK,1
PAUL B WEITZ,1
PAUL B WEITZ & ASSOCIATES,1
Paul B. Weitz & Associates; P.C.,3
Paul B. Weitz and Associates; P.C.,1
Paul Badame,1
Paul Benson Law Firm,1
PAUL BRADFORD  EAGLIN,1
PAUL C FORD,1
"Paul Cummings Law, PC",1
Paul D Esco,1
PAUL D HESSE,1
Paul D Reinsdorf,1
PAUL D REINSDORF,2
Paul E Bross,1
Paul E. Maineri; Attorney at Law,1
PAUL ELKIND BRANZ & KELTON PA,1
Paul esco Attorney at law llc,1
PAUL F CONDZDAL,1
Paul F McTighe,3
Paul F McTigue,1
Paul F. McTighe; Jr. Inc.,1
PAUL G RYAN,1
Paul G. Finizio; PA,1
Paul Grossman Attorney at Law,1
Paul H Infinger Law Office,1
Paul H Sacciccio;Stephen M Shaw,1
PAUL H SALTZEN,1
PAUL H SANDERFORD,1
Paul H Young,1
Paul H. Young Associates,1
Paul J Griffin,1
Paul J Morgan,1
PAUL J NOVACK,1
PAUL J ORFANEDES,1
PAUL J PIMENTEL;TOMASSIAN;  PINENTEL; SHAPAZIAN ATTY,1
Paul J Tellarico,1
PAUL K SCHRIER,1
Paul K. Schrier; P.A.,2
Paul Klein & Associates,1
Paul Klein & Associates; P.C.,1
Paul Klein And Associates,1
Paul Klein and Associates; P.C.,1
Paul Knopf Bigger; PLLC,1
Paul Krueger Law Firm PC,1
Paul Krueger Law Firm; P.C.,3
PAUL L CLARK,2
PAUL L GABBERT,2
Paul M Dubbeling,1
PAUL M GAYLE-SMITH,1
PAUL M KAUFMAN,1
Paul M Smith,1
PAUL M SMITH,1
Paul Mankin Law Office,1
"Paul Mankin, APC",1
Paul McTighe Inc.,1
Paul McTighe Jr. Inc,1
Paul McTighe; Jr.,1
Paul McTighe; Jr.; Inc.,1
Paul Miller,1
Paul P Curtis,1
Paul Padda Law,1
Paul Padda Law PLLC,1
"Paul Padda Law, PLLC",1
PAUL R MATZEN,1
Paul R Miller,2
Paul R Q Wolfson;WilmerHale  Citibank N A,1
PAUL R WEBER ATTORNEY AT LAW,1
Paul Reich & Myers; PC,1
Paul Ryan &  Associates,1
Paul S Bovarnick,1
PAUL T BOUDREAUX,1
PAUL T BUERGER; JR,1
Paul T Graham,2
Paul T Granham,1
Paul T McChesney,28
PAUL T McCHESNEY,2
PAUL T MCCHESNEY,11
Paul Townsend  McChesney,1
PAUL TOWNSEND  MCCHESNEY,2
Paul V Gilberto,1
Paul W Danielsen,1
PAUL W DANIELSEN,1
PAUL W NOLAN,2
PAUL W SPEAR;SCOTT & KIENZLE PA,1
Paul Weiss Rifkind Wharton & Garrison,1
Paul William Beltz PC,1
Paul William Beltz; PC,2
"Paul, Weiss, Rifkind, Wharton & Garrison LLP",1
"Paul,Weiss,Rifkind,Wharton, Garrison LLP",9
Paula L. Harbour; PLLC,1
Paulette Balin,3
Paulette F Balin,1
PAULETTE F BALIN,1
Paulette F Balin & Associates LLC,1
Paulette F. Balin & Associates,4
PAULEY CURRY PLLC,1
Paulsen & Armitage; LLC,1
Paulsen & Reissner,3
Paulsen & Reissner PLLC,1
Paulsen & Reissnet,1
Paulson & Nace,2
"Paulson & Nace, PLLC",1
Paulson & Nace; PLLC,3
Paulson & Paulson,1
PAULSON COLETTE TRIAL ATTORNEYS PC,1
Paulson Coletti,1
PAULSON COLETTI TRIAL ATTORNEY PC,1
Paulson Coletti Trial Attorneys PC,4
PAULUS LAW FIRM,1
Pavano Dombrowski LLC,1
Pavlack Law; LLC,1
PEACH & WEATHERS,2
Peake & Fowler Law Firm PA,1
Peake & Fowler Law Firm; P.A.,1
Pearce Durick; PLLC,1
PEARSON & CRASS,1
PEARSON E DUNBAR TRUST ACCT,1
PEARSON LAW FIRM,1
Pearson Law Group LLC;Perkins Coie LLP,1
Pech; Hughes & McDonald; P.C.,1
Pechota Law  Office,1
Pechota Law Office,5
PECHOTA LAW OFFICE,4
PECHOTA LAW OFFICE IOLTA ACCOUNT,1
PECHOTA LAW OFFICE TRUST ACCT,2
PECHOTA LAW OFFICE;TERRY L PECHOTA,1
Peckar & Abramson PC,2
"Peckar & Abramson, P.C.",1
PEDRO A LOPEZ ONNA,1
PEDRO J LANDRAU-LOPEZ,1
PEDRO R VAZQUEZ,1
"Pedro R. Vazquesz, III, PSC",1
Pedro R. Vazquez III PSC,1
"Pedro R. Vazquez, III, PSC",1
Pedroli & Gauthier; LLC,1
Peebles Kidder Bergin & Robinson LLP,1
Peebles Kidder Bergin & Robinson; LLP,2
Peebles Kidder LLP,2
Peel Law Firm,1
Peer; Gan & Gisler LLP,4
Peggy  Stevens,2
PEGGY  STEVENS,1
PEGGY G SCHURFRANZ,1
Peggy L Stevens,2
Peick Boyer Law Group P.S.,1
Pejman  Behkar,1
Peknic; Peknic & Schaefer; LLC,1
Pelc Law Office,1
Pelican Legal,1
Pellegrini Seeley Ryan & Blakesley PC,1
PELLETTIERI RABSTEIN & ALTMAN LAW FIRM,1
Pels Law Firm LLC,3
PEMBERTON SORLIE RUFER & KERSHNER,1
Pemco Mutual Insurance,1
Pena & Bromberg,19
PENA & BROMBERG,1
Pena & Bromberg PLC,4
"Pena & Bromberg, PC",1
"Pena & Bromberg, PLC",13
"PENA & BROMBERG, PLC",1
Pena & Bromberg; PC,1
Pena & Bromberg; PLC,2
"Pena & Brombert, PLC",1
"Pena & Kahn, PLLC",1
Pena and Bromberg,1
Pena and Bromberg PC,1
PENA and BROMBERG PC,1
Pena and Bromberg PLC,1
"Pena and Bromberg, PC",3
"Pena and Bromberg, PLC",2
"PENA and BROMBERG, PLC",2
PENA and BROMBERG; PC,1
Pena and Bromberg; PLC,1
PENA and BROMBERG; PLC,1
Pender & Coward; P.C.,1
Pender & Coward; P.C. GLAD,1
PENINSULA TAX CONSULTANTS INC ESCROW,1
Peniston Deason,1
Peniston Deason PA,1
Penna & James; LLC,1
Penney & Associates,2
Penney and Associates Legal Corp.,1
Pennsylvania Instit; Law Project,1
Pennsylvania Institute Law Project; Inc.,4
Pennsylvania Institutional Law Project,2
PENNSYLVANIA INSTITUTIONAL LAW PROJECT,1
Penny & Associates,7
Pentlarge Law Group; LLC,1
People with Disabilities Foundation,1
People With Disabilities Foundation,1
People's Law Project,2
PEOPLES LAW FIRM,1
Pepper Hamilton LLP,3
Per  Se,2
PER A  HARDY,1
PER ANN  HARDY,1
Per Se,1
Peralta Appellate Law PLLC,1
Perantinides & Nolan,1
Perantinides & Nolan Co; LPA,1
Perantinides & Nolan Co.; LPA,1
Perantinides and Nolan Co.; LPA,1
PERENICH CAULFIELD AVRIL & NOYES,1
Perenich; Caulfield; Avril & Noyes; P.A.,1
Perez & Link PLLC,1
PEREZ & LINK PLLC,1
Perez & Malik; PLLC,1
"PEREZ AND LORENZANA, P.A.",1
Perez Caban & Perez Velez,1
Perez-Gurri Law Firm,1
Perez; Williams; Medina & Rodriguez,1
Perez; Williams; Medina; & Rodriguez,1
PERKINS AND ASSOCIATES,1
Perkins Coie,1
Perkins Coie LLP,8
Perkins COIE LLP,1
Perkins Coie; LLP,1
Perkins Cole; LLP,1
Perrault Law Group; PLLC,2
"Perrone Law, LLC",1
Perry & Vloedman Attorneys at Law,1
"Perry & Young, P.A.",1
"Perry & Young, PA",2
Perry & Young; Attorneys at Law,1
"Perry and Young, P.A.",1
Perry Johnson,1
Perry Johnson Anderson Miller,1
PERRY L PEEK,2
Perry L Peek Law Office,2
Perry O. Ellis Law Office,1
Persaud & Zeltman,1
Persaud & Zeltmann,2
Pershing Law PLLC,1
Personal Injury & Accident Law Center,1
PESSIN KATZ LAW PA,1
Petar Acev,1
Pete Olson Law,3
Pete Olson Law; P.C.,1
Peter  Bibring,1
Peter  Doller,1
Peter  Ehrhardt,1
Peter  Felitti,5
PETER  FELITTI,1
PETER  FRATTARELLI,1
Peter  Gorski,1
Peter  Hutchins,1
Peter  Knight,1
PETER  LEE,1
Peter  Pfluger,1
PETER  PRYNKIEWICZ,1
Peter  Till,1
PETER  WALTON,1
Peter A Miller,1
Peter A. Goldstein; P.C.,2
Peter Angelos Law,2
Peter B LaFond,2
PETER B RODOCKER,2
Peter B White,1
Peter C DePaolis,1
Peter C Perez Law Office,1
PETER D LOBEL,1
PETER DAVID  BROWN,2
Peter E Hutchins Law Offices LLC,1
PETER E TANGREDI & ASSOCIATES,2
PETER F FEDAK,1
Peter F. Fedak; P.A.,4
PETER GARVIN GRANT WILLIS & K LUCAS,1
PETER J BARTINIK,1
PETER J CARROZZA,1
PETER J CREEDON,1
Peter J DeMarco,1
Peter J Pietrandrea,1
PETER J PIETRANDREA,1
PETER J PINNOLA,2
Peter J Ram Inc PC,1
PETER J SEBEKOS,1
Peter J. Ram; Inc.,1
Peter J. Ram; Inc.; P.C.,2
Peter K Skivington,1
PETER L WALTON,2
Peter M Gorski,1
PETER M GORSKI;THEODORE TODD  JULIAN,1
PETER M HOBAICA LLC,1
PETER M LACY,1
Peter M Olson,1
PETER M STEINBERG;STEVEN  HILST,1
Peter M Zirbes,1
PETER MILLER LAW FIRM,1
PETER MURDAUGH LAW FIRM,1
Peter N. Feld; PA,1
Peter P O'Donnell Law Firm,1
Peter Parkinson Arnold,5
Peter Q Schluederberg,1
PETER R GINSBERG,1
Peter R Masciola,1
PETER T KIRCHEN,1
Peter V Bustamante,1
PETER W RILEY,2
Peters Murdaugh Parker Eltzroth & Detric,1
"Peters, Moritz, Peischl, Zulick",1
"Peters, Moritz, Peischl, Zulick, Landes",1
Peters; Murdaugh; Parker; Eltzroth,2
PETERS; MURDAUGH; PARKER; ELTZROTH &,1
Peters; Murdaugh; Parker; Elztroth,1
Petersen Parkinson & Arnold,3
Petersen Parkinson & Arnold PLLC,1
PETERSEN PARKINSON & ARNOLD PLLC,1
Petersen Parkinson Arnold,1
"Petersen, Parkinson & Arnold",2
PETERSON  JOHNSON,1
Peterson Delle Cave LLP,1
Peterson Parkinson Arnold,4
Peterson Wampold Rosato Feldman Luna PS,1
Peterson Wampold Rosato Luna Knopp,1
Petrarca & Petrarca,1
PETRIE & STOCKING SC IOLTA;THOMAS G HALLORAN,1
Petro Cohen Petro Matarazzo,1
Petros Law,1
PETRUCELLI & PETRUCELLI,1
Petrucelli & Waara PC,1
Peyman & Rahnama,1
PEYTON LAW FIRM,1
Peyton Law Firm; PLLC,2
PFAFF & GILL LTD,1
PFARR & RETHORE; P.C.,1
PFAU COCHRAN VERTETIS AMALA,1
Pfau Cochran Vertetis Amala; PLLC,1
Pfau; Cochran; Vertetis & Amala; PLLC,1
Pfeifer Morgan & Stesiak,1
Pfeiffer Law Office,6
PFEIFFER; BRUNO; MINOTTI & DeESCH,1
PHEBUS & KOESTER LAW OFFICE,1
Phelps Dunbar LLP,1
Phenix & Crump PLLC,1
"Phenix & Crump, PLLC",1
PHIL C PEARSON,1
Philadelphia Legal Assistance,1
PHILIP  FRAAS,1
PHILIP  FRAAS;STINSON MORRISON HECKER LLP,1
PHILIP  FRAAS;STINSON MORRISON HECKLER LLP,1
Philip  McGrady,2
Philip  Wolf,1
PHILIP  WOLF,2
PHILIP E BECK,1
PHILIP E FAGONE,1
PHILIP F ATKINS-PATTENSON;SHEPPARD MULLIN RICHTER & HAMPTON LLP,1
Philip Farber; Esq.,1
Philip H Seelig,4
Philip H Taylor M.D. J.D.,2
Philip J Hall,1
Philip Paul Weidner and Associates,1
Philip R Kete,2
Philippe  Penning,2
Philippe Court,1
Philips Branch & Hodges,1
Phillip  DeBerard,1
PHILLIP  FRAAS,1
Phillip  Fraas;Stinson Leonard Street LLP,1
PHILLIP  KETE,3
PHILLIP  NGUYEN,1
Phillip  Torres,1
PHILLIP A GIBSON LLC TRUST ACCT,1
PHILLIP ALAN  GEORGE,1
PHILLIP B VARRATTE,1
PHILLIP B VERRETTE,10
PHILLIP C HOUSTON,1
Phillip C. Gilbert & Associates; PC,1
PHILLIP D PEATMAN,1
PHILLIP D RUSSELL,1
Phillip G Gardner,1
PHILLIP G GARDNER,1
Phillip Galyen PC dba Bailey and Galyen,1
PHILLIP L DAVIDSON,1
Phillip Law Group,1
"Phillip Paul Weidner & Associates, APC",2
Phillip Paul Weidner & Associates; APC,1
PHILLIP R BROCKETT,1
PHILLIP R FABRIZIO,2
PHILLIPS &  MILLMAN; LLP,1
PHILLIPS & ASSOCIATES,1
PHILLIPS & ASSOCIATES IOLTA,1
Phillips & Associates; Attorney at Law,1
PHILLIPS & LYON PLC,1
PHILLIPS & LYONS,1
Phillips & Thomas LLC,3
PHILLIPS & WEBSTER,1
Phillips and McCrea; LLP,1
Phillips Law,2
Phillips Law Firm,3
Phillips Law Firm PLLC,1
Phillips Law Firm; PLLC,1
Phillips Law Group,5
PHILLIPS LAW GROUP,3
PHILLIPS LAW GROUP;RUTHANN  JAMES,1
Phillips Olore Dunlavey & York PA,1
Phillips; Cymerman & Stein,1
PHILLIPS&McCREA MANS,1
Phoebe L Deak;Victoria A Ferrer,1
Phoenix Loss Control Inc.,1
Phung H Jefferson,1
PHYLLIS  BURKE,2
Phyllis  Rubenstein,1
Phyllis E Rubenstein,5
Phyllis E Rubenstin,1
PHYLLISS B HENNESSEE,1
PICCARRETA & DAVIS P C,1
PICCARRETA DAVIS PC,1
Piccarretta Davis; PC,1
Piccin & Glynn; Attorneys at Law,1
Piccuta Law Group LLP,1
Pickus & Epstein,2
Pickus & Epstein LLC,1
Pickus Law,1
Piemonte Law Firm,9
Piemonte Law Firm PC,5
PIERCE & SHEARER LLP,1
Pierce & Thornton; PLC,1
PIERCE & THORNTON; PLC,1
PIERCE ATWOOD IOLTA ACCT,1
Pierce Atwood LLP,12
PIERCE HERNS  SLOAN MCLEOD LLC,1
"Pierce Jewett, PLLC",4
Pierce McCoy; PLLC,2
Pierce Skrabanek Bruera PLLC,2
Pierce Skrabanek PLLC,1
Pierce Sloan Kennedy & Early LLC,3
Piercy J Stakelum,1
PIERRE F GAUDIN,1
Pierre Pierre Law,3
Pierre Pierre Law Firm,2
PIERRE PIERRE LAW FIRM,1
Pierre Pierre Law P.C.,2
Pierre Pierre Law PC,31
PIERRE PIERRE LAW PC,1
"Pierre Pierre Law, P.C.",46
"PIERRE PIERRE LAW, P.C.",3
"Pierre Pierre Law, PC",2
Pierre Pierre Law; P.C.,39
Pierre Pierre Law; PC,1
"PierrePierre Law, P.C.",1
Pieter  Van Tol,1
Pietragallo Gordon Alfano Bosick,1
"Pietragallo Gordon Alfano Bosick & Raspanti, LLP",1
Pietrucha Law LLC,1
Pignatelli & Associates PC,1
PIGNATO COOPER KOLKER & ROBERSON,1
Pike & Lustig; LLP,2
Pikrallidas & Probasco,2
Pikrallidas Law,1
Pilehvar Law; PLLC,1
Piliero Mazza PLLC,2
"Piliero Mazza, PLLC",1
PilieroMazza PLLC,2
PilieroMazzo PLLC,1
PILLEMER &  PILLEMER;PILLEMER & PILLEMER;STATE FARM ASO TREVOR GREENAN,1
Pillemer & Pillemer,5
PILLEMER & PILLEMER,1
PILLEMER & PILLEMER CLIENT TR ACCT,1
Pillemer & Pillemer Client Trust Account,1
Pillsbury LLP,24
Pillsbury Winthrop Shaw Pitman; LLP,1
Pillsbury Winthrop Shaw Pittman,5
Pillsbury Winthrop Shaw Pittman LLP,100
PILLSBURY WINTHROP SHAW PITTMAN LLP,1
"Pillsbury, Winthrop, Shaw, Pittman LLP",2
PILLSBURY; WINTHROP; SHAW; PITTMAN LLP,1
Pilot Law; PC,1
PINCUS & LESPRON P.L.C.,1
Pincus & Lespron PLC,1
PINCUS & LESPRON PLC,5
PINCUS & LESPRON PLC ABF TRUST,1
"PINCUS & LESPRON, PLC",1
Pincus & Lespron; P.L.C.,1
Pincus & Lespron; PLC,1
Pincus and Associates PC,1
Pincus and Lespron,1
"Pincus and Lespron, P.L.C.",1
Pincus Law Firm,3
"Pinder Plotkin, LLC",1
Pines Bach LLP,2
Pines Salomon Personal Injury Lawyers,1
PINKIN LAW FIRM,1
Pinnacle West Capital Corporation,1
PINO &  ASSOCIATES; LLP,1
PINOUS & ASSOCIATES PC,1
"Pinyerd Disability Law, LLC",1
Pion; Nerone; Gilman; Winslow; & Smith,1
Pioneer Law Office,2
Piro Zinna Cifelli Paris & Genitempo LLC,1
Pirola Pennuto Zei & Associati,1
Pirro & Church,1
Pirro and Church,9
PISEGNA & ZIMMERMAN; LLC,1
Pisegna and Zimmerman LLC,2
PISEGNA and ZIMMERMAN LLC,1
PISEGNA AND ZIMMERMAN LLC,2
PISEGNA and ZIMMERMAN; LLC,1
Pistotnik Law,1
Pistotnik Law Offices LLC,1
PITA & DEL PRADO,1
PITCAITHLEY & HOBBS,1
Pitre & Associates; LLC,2
Pitre & Assocs,1
Pitt McGehee Palmer Bonanni & Rivers PC,25
PITT MCGEHEE PALMER RIVERS & GOLDEN,1
PITT MCGEHEE PALMER RIVERS & GOLDEN PC,1
"Pitt, McGee, Palmer, Bonanni & Rivers PC",1
"Pitt, McGehee, Palmer, Bonanni & Rivers",2
PITTA LLP,1
Pittard Law Firm,1
Pittman Germany Roberts & Welsh,1
Pittman; Dutton & Hellums; P.C.,1
PJH Law,1
Placido  Petino,1
Placzek Winget & Placzek,1
Platt & Buescher Attorneys at Law,1
Plaxen & Adler PA,1
PLC Law Group; APC,1
Pleban & Associates Law LLC,2
Plevin Gallucci Company; LPA,1
PLOTSKY & DOUGHERTY,1
Plotsky and Dougherty P.C.,1
Plourd and Breeze,1
PLUNKETT COONEY PC,1
PMR Law LLP,1
Pocrass and De Los Reyes,1
POCRASS HEIMANSON & WOLF LLP,4
PODHURST  ORSECK PA TRUST;RICARDO M MARTINEZ-CID,1
Podhurst Orseck PA,1
PODHURST ORSECK PA TRUST,2
Podhurst Orseck; P.A.,3
"Poerio & Walter, Inc.",1
POHLER &  ASSOCIATES LLC,1
Point Loma Law,1
Polansky & Cichon; CHTD,2
Politis & Matovina; PA,1
Polito & Associates LLC,2
POLITO & QUINN LLC,1
Pollack; Pollack; Isaac & DeCicco LLP,1
Pollack; Pollack; Isaac & DeCicco; LLP,1
Pollock Cohen LLP,1
Polonsky & Polonsky,43
Polonsky & Polonsky Attorneys at Law,1
Polonsky and Polonsky,2
Polsinelli LLP,1
Polsinelli; P.C.,1
PONCE LAW,1
Pond Lehocky Giordano LLP,2
Pond Lehocky Stern Giordano,1
"Pontello, Bressler, Norwood & Associates, LLC",1
POOLE & KANE,1
"Poole Huffman, LLC",1
Poorman Douglas Claimant;Rose  Sanders,2
POORMAN DOUGLAS CORP,4
POORMAN DOUGLAS CORP;TIMOTHY J PIGFORD,1
Poorman-Douglas Corporation,1
POPE & HOWARD PC,1
POPE & PENA PC;POPE & PENA PC ALVA,1
Pope D Johnson,1
Popham Law Firm; P.C.,1
Popick Law Firm,1
POPLAR & KALIS PC,1
Popovich Law Firm; P.A.,1
Poreda Law,1
Port & Sava,1
"Porteous, Hainkel and Johnson, LLP",1
Porteous; Hankel and Johnson; LLP,1
Porter & Shure PA,1
Porter Law Firm,1
PORTER LAW FIRM,1
Porter Nordby & Howe,2
Porter nordby Howe LLP,1
Porter Nordby Howe LLP,1
PORTER WRIGHT MORRIS & ARTHUR; LLP,1
Portner & Shure,1
Portner & Shure P.A.,3
Portner & Shure PA,1
PORTNER & SHURE PA,1
Portner & Shure; P.A.,1
Portner & Shure; P.A. Attorneys at Law,1
Portner and Shure PA,1
Portner and Shure; P.A.,1
PORTNOY & QUINN LLC,1
Portnoy & Quinn; LLC,1
Posey Lebowitz PLLC,2
Posner & Cord LLC,1
Posner & Cord; LLC,1
Post Polak Goodsell & Strauchler; P.A.,2
"Post, Foushee & Gordon, PA",1
POSTERNAK BLANKSTEIN & LUND LLP,6
Poswall White Brelsford,1
Potomac Law Group; PLLC,1
"Potomac Legal Group, LLC",1
Potomac Riverkeeper Network,1
Potter & Murdock; P.C.,2
Potter Cohen Samulon & Padilla,1
Potter Cohen Samulon and Padilla,1
Potter Handy LLP,1
POTTER; COHEN; SAMULON AND PADILLA,1
Potter; Gahagan; Bologna; & Blair; LLC,1
Potts & Potts P.A.,1
Potts & Potts PA,1
Potts & Potts; P.A.,1
Potts Law Firm,1
Poulin Willey Trial Lawyers,1
Poulson & Woolford LLC,1
PounceLaw LLC,1
"PounceLaw, LLC",1
Powell & Swanick,3
Powell & Swanick Attorneys at Law,1
Powell & Swanick Attys at Law,1
POWELL KUZNETZ & PARKER,2
Powell Law Firm,1
Powell Law Offices LLC,1
POWELL POWELL & POWELL,1
Powell; Powell & Powell,1
Powell; Powell; & Powell PA,1
POWER & BROWN LLC,1
Power & Brown LLC;Richard L Pomeroy,1
Power & Power Law,2
Power & Power; LLC,2
Power and Brown LLC,2
POWER AND BROWN LLC,1
POWER AND BROWN; LLC TRUST ACCOUNT,2
Power Beck & Matzureff,1
"Power Rogers, LLP",1
Powers & Santola LLP,3
Powers & Sellers LLP,1
Powers Law; LLC,1
Powers Taylor LLP,2
POWERS TR ACCT;SCHROEDER; MAUNDRELL; BARBIERE &;TODD M POWERS,1
Pozzuolo Rodden Pozzuolo P.C.,1
Prada Law Group PA,1
Prado & Tuy; LLP,2
Praemia Law; PLLC,3
Prato & Reichman,1
Prato & Reichman APC,2
"Prato & Reichman, APC",2
"PRATO & REICHMAN, APC",1
Prato & Reichman; APC,5
Prato and Reichman APC,1
"Prato and Reichman, APC",2
"PRATO and REICHMAN, APC",1
Praxis Consulting,11
Praxis Consulting Inc,3
PRAXIS CONSULTING INC,2
Praxis Consulting Inc.,1
"Praxis Consulting, Inc",1
"Praxis Consulting, Inc.",1
Praxis Consulting; Inc,1
Praxis Consulting; Inc.,1
Praxis Risk Services,4
"Praxis Risk Services, Inc.",4
"PRAXIS RISK SERVICES, INC.",1
Premier Law Group; PLLC,1
Premier Law Group;Premier Law Group McKn,1
Premier Law Group;Premier Law Group Prat,1
Prescott W May,1
President and Fellows of Harvard College,1
Pressler & Senftle,2
Pressler & Senftle PC,1
Pressler & Senftle; P.C.,1
PRESTON  DRAPER;SWEENEY SMITH DRAPER & CHRISTOPHER,1
PRESTON  EASLEY,2
PRESTON  TRIPPLETT,1
Preston & Preston; PC,1
Preston G. Sutherland; PLC,1
PRESTON WILKINS & MARTIN PLLC,1
PRETI FLAHERTY BELIVEAU & PACHIOS LLP,1
Preti Flaherty Beliveau and Pachios,1
Preuss Foster,2
Pribanic & Pribanic,2
PRIBANIC & PRIBANIC;VICTOR H PRIBANIC,1
Price & Randall,1
Price Benowitz LLP,2
"Price Benowitz, LLP",2
Price Benowitz; LLC,1
Price Benowitz; LLP,1
Price Petho and Associates,1
"Price, Petho & Associates",1
Price; Petho; & Anderson,1
Pride Law Firm,1
Pride Law Firm;Whitehurst; Harkness; Brees; Cheng;,1
Pridgeon Bjornsen & McCrum LLC,1
Prieto Marigliano Holbert & Prieto LLC,1
Prieto Marigliano Holbert Prieto; LLC,1
Prieto; Marigliano; Holbert & Prieto,1
Prince Law Offices,1
Prince Law Offices; P.C.,1
Prince Law Offices; PC,1
Prince Schmidt Korte & Baca LLP,2
PRINCE; SCHMIDT; KORTE & BACA LLP,1
PRINCEWILL O ANEKE,2
Principe & Strasnick; P.C.,1
Pringle & Herigstad PC,2
PRINGLE & HERIGSTAD TRUST ACCT,1
Priscilla  Frisby,1
Prisoner's Legal Services of New York,1
Prisoners Justice League of Colorado LLC,1
PRISONERS' JUSTICE LEAGUE OF COLORADO,1
Prisoners' Legal Services of New York,1
"Pritzker Hageman, PA",2
Pro  Per,1
Pro  se,1
Pro  Se,182
PRO  SE,53
Pro  Se;Pro Se,1
PRO  SE;PRO Se  PRO SE,1
Pro  Se;Womble Bond Dickinson LLP,1
Pro  So,1
pro se,1
Pro Se,137
Pro SE,1
PRO SE,11
Pro Se  Pro Se,20
PRO SE  PRO SE,5
Pro Se Pro Se,2
PROCOPIO,1
Procopio; Cory; Hargreaves & Savitch LLP,1
Proels & Proels LLC,1
Proels and Proels; LLC,1
Professional Lawyers Group,3
Proffitt & Cox LLP,1
Proffitt & Cox; LLP,1
Progressive,1
Progressive Insurance,1
Progressive Insurance Company,1
Project on Predatory Student Lending,1
Project Resource Group,1
Project Resources Group,2
Project Resources Group Inc,1
Project Resources Group Inc.,1
PROLY LAPORTE AND MULLIGAN PA,1
Promer & Promer,1
PROSKAUER ROSE LLP,1
Protas; Spivok & Collins LLC,1
Protas; Spivok & Collins LLC;Rosenberg & Fayne; LLP,2
Provizer & Phillips PC,1
Provizer & Phillips; P.C.,2
Provizier & Phillips; PC,2
Provost Umprey Law Firm; LLP,67
Prugh Law Office,2
Prusak; Winne & McKinley; LTD.,1
PRUZAN & PRUZAN,1
PSA LLC,1
PSEG Nuclear LLC,2
Public Citizen Foundation,1
Public Citizen Foundation; Inc.,1
Public Citizen Litigation Group,4
Public Counsel Law Center,2
Public Interest Defence Center PC,1
Public Interest Defense Center,6
PUBLIC INTEREST DEFENSE CENTER,2
Public Interest Defense Center PC,3
PUBLIC INTEREST DEFENSE CENTER PC,2
"Public Interest Defense Center, PC",1
Public Interest Defense Center; P.C.,1
Public Interest Environmental Law,1
Public Justice; PC,1
Public Service Trust,1
Puglise Law Firm,1
Pulverman & Pulverman; LLP,2
Purchase; George & Murphey; P.C.,1
Purco Fleet Services,1
PurCo Fleet Services,1
"PurCo Fleet Services, Inc.",1
PurCo Fleet Services; Inc.,1
Putnam Firm,1
Pyka Lenhardt Schnaider Zell PC,1
Pyka Lenhardt Schnaider; A Prof Corp,1
Quarles & Brady LLP,4
"Quarles & Brady, LLP",1
Quatrini Law Group,2
Quatrini Rafferty; P.C.,1
QUATRINI RAFFERTY; P.C.,1
QuatriniRafferty; P.C.,2
Queenan Law Firm PC,2
Queens Legal Services Corp.,1
Queller; Fisher; Washor; Fuchs; & Kool,1
Quetglas Law Offices,1
Quetglas Law PSC,2
Quick; Widis & Nalibotsky; PLLC,1
Quimette Goldstein & Andrews LLP,1
Quincey Becker Shuessler & Chase SC,1
QUINLAN KERSHAW & FANUCCHI,1
Quinlan Kershaw & Fanucchi LLP,1
Quinlan Kershaw & Fanucchi; LLP,1
QUINN  BROCK,1
Quinn Alsterberg LLC,1
QUINN E BROCK,1
Quinn Emanuel Urquhart & Sullivan,25
"Quinn Emanuel Urquhart & Sullivan, LLP",2
Quinn Emanuel Urquhart & Sullivan; LLP,25
Quinn L.L.C.,1
Quinn Law Firm,2
Quinn Law Firm PLLC,1
Quinones Law Firm LLC,1
Quiroga Law Office; PLLC,1
Qureshi Law PC,2
R & A Dripps; Winterscheidt & Blotevogel,1
R & M Law Offices,1
R BRUCE  FICKLEY PC,1
R Clarke  Speaks,2
R CRAIG  MCLAUGHLIN ELK & ELK CO,1
R Dale  Holmes,1
R Dale  Warren,1
R DERYL  EDWARDS,2
R DERYL  EDWARDS JR,1
R J Harris,1
R J HURWITZ PC,1
R J Marzella & Assoc,1
R MATTHEW  STEWART,1
R Scott Iles Attorney at Law,1
R W ARMSTRONG & ASSOCIATES;RONALD W ARMSTRONG,1
R W PARNELL TRUST ACCOUNT,1
R. BRENT  CUCRIA,1
R. Bruce Fickley; P.C.,1
R. DALE  HOLMES,2
R. DERYL  EDWARDS,1
R. Deryl Edwards,1
R. Deryl Edwards Sr. Law Office,2
R. Gregg Edwards; P.A.,2
R. JOHN  WESTBERRY,1
R. Joseph  Kerendian,1
R. KENT  BROWN,1
R. Laws PLLC,1
R. SCOTT  ILES,1
R. Thomas  Dorsey,2
R.L. Stephens PLLC,1
RA & Associates; APC,1
RABB  HAMILL; P.A.,1
Rabb & Rabb PLLC,1
RABB HAMILL PA,1
RABBITT; PITZER & SNODRASS PC;WILLIAM  THOMAS,1
Rabin & Assoc,1
Rabin & Associates,16
Rabin Kodner & Brown,2
Rabin; Kodner; & Brown,1
Rabner Law Offices PC,1
RABNER LAW OFFICES PC,1
RABY LAW OFFICE,1
RACHAEL  PERRY;WILBER AND  ASSOCIATES,1
Rachael A Lundy,2
RACHAEL A LUNDY,6
RACHAEL A WNDY,1
RACHAEL ADAIR  LUNDY,1
RACHEAL  PERRY,1
RACHEL  PERRY,1
Rachel  Pickard,1
RACHEL  PICKARD,1
Rachel  Slocombe,1
Rachel  Steinback,1
Rachel A Lundy,1
RACHEL L ABRAHAMSON,1
Rachel Z Bautista Esq.,1
RACHLIS DURHAM DUFF & ADLER,2
Rack Law Group PLLC,1
Rad  Law Firm P.C.,1
Rad & Associates,1
Rad Law Firm,1
Rad Law Firm; P. C.,2
Radano & Lide,1
Radford & Keebaugh LLC,1
Radford Law Firm,1
Radloff & Radloff P A,1
Radmore Firm LLC,1
RAED  GONZALEZ,1
Rafael  Baella-Ors,1
RAFAEL  GONZALEZ,1
Rafael  Shpelfogel,1
Rafael De La Garza,1
Rafael E Garcia-Rodon,3
Raffaele  Boccagna,2
RAFFAELE & PUPPIO,1
Raffi  Khorozian,1
RAFI LAW GROUP,1
Rafidi; Pallante & Melewski; LLC,1
Raheen Law Group,2
RAHUL  MALHOTRA,1
Rainboth Coughenour & Lown,1
"RAINBOTH, MURPHY & LOWN, PA",1
Rainer & Rainer LLC,1
Rainey Law; LLP,1
Rainsbury Law Group,2
Rainwater Holt & Sexton PA,1
Rainwater Holt & Sexton; P.A.,3
"Rainwater, Holt and Sexton",1
Rainwater; Holt & Sexton,2
RAINWATER; HOLT & SEXTON,2
Raipher D. Pellegrino Associates; P.C.,1
RAJ LIMITED PC TRUST ACCOUNT NO. 2,1
RALLS GRUBER & NIECE LLP,1
RALP F KEEN II ATTORNEY AT LAW TR ACCT;RALPH F KEEN,1
RALPH  BROWN,1
Ralph  DeSimone,2
RALPH  MIRANDA;WALTER L BOYAKI,1
RALPH  MIRANDA;WALTER L BOYAKI/RALPH MIRANDA,1
RALPH B PINSKEY CLIENTS TRUST,1
Ralph C Thomas,1
Ralph D Robinson PC,1
Ralph Ertz Law Office,1
Ralph F Pelaia Jr & Associates,1
Ralph K Strawn,2
RALPH K STRAWN,1
RALPH MIRANDA TRUST ACCOUNT,1
RALPH T GOLI;STEPHEN S PENNINGTON;WILLIAMS CUKER  BEREZOFSKY,1
Ralston Pope & Diehl LLC,1
RALSTON POPE & DIEHL LLC TR ACCT,1
Ralston Pope & Diehl; LLC,3
RALSTON POPE AND DIEHL LLC,1
Ralston; Pope & Diehl LLC,1
Ralston; Pope; & Diehl,1
RALSTON; POPE; DIEHL; LLC TRT ACCOUNT,1
Ramey & Hailey,2
Ramirez Law Firm,1
RAMON E LEWIS,2
RAMON I GARCIA,1
RAMON M GONZALES,1
Ramos & Ramos,2
Ramos Artunduaga Law Firm,1
Ramsey Law Office PLLC,1
Rand L Gelber; Attorney at Law,1
Randal L Gaines,1
Randall  Bunnell,1
Randall  Goldberg,1
RANDALL  HELDT,1
Randall  Johnson,1
Randall  Milazzo,2
RANDALL  SMITH;SMITH & FAWER LLP,1
RANDALL C BERG JR,1
RANDALL C ROBERTS,2
RANDALL D WEISSFELD,1
Randall Danskin,1
RANDALL DANSKIN PS,1
Randall Danskin PS IOLTA Trust Account,1
"Randall Danskin, P.S.",1
RANDALL DANSKINS PS IOLTA TRUST ACCOUNT,1
Randall E Phillips,2
RANDALL E PHILLIPS,4
RANDALL H BAKER,1
Randall L Kinnard Attorney at Law,1
Randall M Weiner,1
Randall Milazzo; P.C.,1
Randall Page PC,1
Randall S Fudge PC,1
Randall S Goldberg,3
"Randall Sullivan, PC",2
RANDI  FAITH MEZZY,2
Randi  Johnson,1
RANDI F MEZZY,1
Randles Mata LLC,3
"Randles Mata, LLC    KEMP",1
Randles Mata; LLC,3
RANDLES; MATA & BROWN,1
Randles; Mata & Brown; LLC,1
Randolph & Holloway,3
Randolph & Holloway LLC,7
"Randolph & Holloway, LLC",4
Randolph and Holloway,2
RANDOLPH H BARNHOUSE,1
Randolph H Wolf,1
RANDY  BUNNELL,1
RANDY  FAIR,3
Randy A Rankin,1
RANDY DIX LAW OFFICE,1
RANDY FAIR,1
RANDY J WILHARBER,1
RANDY J. FAIR & CALBOM & SCHWAB,1
Randy L Wagner,1
Randy S Nunez,1
RANDY S NUNEZ,1
RANDY S SLATER,1
Rank & Karnes Law PC,1
Rankin; Yeldell & Katz,1
Ransin Injury Law,2
Ranson Law Offices,3
RAPHAEL  SANTINI,2
Raphaelson & Levin Law,1
Raphaelson & Levine Law Firm PC,1
"Raphaelson & Levine Law Firm, P.C.",1
Raphaelson & Levine Law Firm; P.C.,2
Raphaelson Levine Law Firm P.C.,1
Rappaport Glass Levine & Zullo,1
Rappaport Glass Levine & Zullo; Esqs.,1
"Rappaport, Glass, Levine & Zullo, LLP",1
Rappaport; Glass; Levine & Zullo,1
Rappaport; Glass; Levine & Zullo LLP,3
Rappaport; Glass; Levine & Zullo; LLP,2
Rappaport; Glass; Levine; & Zullo; LLP,1
RAPPOPORT DEGIOVANNI & CASLOWITZ,1
Rappoport; Glass; Levine & Zullo; LLP,1
RAQUEL  RODRIGUEZ,1
"Rasmussen Injury Law, PLLC",3
Rasmusson Law Offices,1
Rasmusson Law Offices; PLLC,2
Rassas North & Associates,1
Rassas; North; & Associates,1
Rathbone Group,7
RATHBONE GROUP,1
Rathbone Group LLC,22
RATHBONE GROUP LLC,1
"Rathbone Group, LLC",19
"RATHBONE GROUP, LLC",1
Rathbone Group; LLC,14
RATHBONE GROUP; LLC FOR PROGRESSIVE,1
Rathbone Group; LLC.,1
Rathbun Cservenyak Kozol; LLC,1
Ratliff Law,17
RATLIFF LAW,1
Ratliff Law Firm,1
RATZAN & RUBIO PA IOTA TR ACCT,1
RATZAN & RUBIO PA TR ACCT;STUART  RATZAN,1
Raul  Yam,1
RAUL A GUAJARDO PLLC,1
RAUL A. MONTANER PA TRUST ACCOUNT,1
Raul C Lopez,1
Raul E Bandas,1
RAUL MEDINA ATTORNEY AT LAW,1
Raul Medina PC Law Office,1
Ravosa Law Offices,1
Rawl & McNelis,1
Rawl Law Group; PC,1
RAWLES MCNELIS & MITCHELL PC,1
RAWLIN GRAVENS CO LPA,1
RAWLIN GRAVENS CO LPA IOLA TRUST,1
Rawlings Law Firm,1
RAWLINGS LAW FIRM TRUST ACCT,1
"Rawlins Law Firm, LLC",1
"RAWLINS LAW, APC",1
Rawls & McNeilis,1
Rawls & McNelis,6
RAWLS & McNELIS - TRUST ACCT,1
RAWLS & MCNELIS LAW FIRM,1
Rawls & McNelis PC,1
RAWLS & MCNELIS PC,3
RAWLS & MCNELIS PC TR ACCT,1
RAWLS & MCNELIS PC TRUST ACCOUNT,2
RAWLS & MCNELIS PC TRUST ACT,1
RAWLS & MCNELIS TRUST ACCOUNT,1
Rawls & McNelis; P.C.,1
RAWLS & MCNELIS; P.C. TRUST ACCT,1
Rawls & McNelis; PC,1
Rawls & McNelis; PC Trust Account,1
RAWLS & MCNELLIS PC TRUST ACCOUNT,1
Rawls and McNelis,1
Rawls Law Grioup,1
Rawls Law Group,108
Rawls Law Group JOHN,1
Rawls Law Group P.C.,7
Rawls Law Group PC,31
"Rawls Law Group, P.C.",1
"Rawls Law Group, PC",1
Rawls Law Group;  PC,1
Rawls Law Group; LLC,1
Rawls Law Group; P.C.,5
Rawls Law Group; PC,7
Rawls Law Group; PC BROW,1
Rawls McNelis,5
RAWLS MCNELIS,2
RAWLS MCNELIS  & MITCHELL PC,1
Rawls McNelis & Mitchell,6
RAWLS MCNELIS & MITCHELL,6
Rawls McNelis & Mitchell IOLTA,2
Rawls McNelis & Mitchell Law Firm,1
Rawls McNelis & Mitchell P.C.,1
RAWLS McNELIS & MITCHELL P.C.,1
RAWLS McNELIS & MITCHELL P.C. ATTNY TRT,1
Rawls McNelis & Mitchell PC,10
RAWLS McNELIS & MITCHELL PC,1
RAWLS MCNELIS & MITCHELL PC,9
RAWLS MCNELIS & MITCHELL PC IOLTA,1
Rawls McNelis & Mitchell; P.C.,1
Rawls McNelis + Mitchell,2
RAWLS MCNELIS + MITCHELL,1
Rawls McNelis and Mitchell,1
Rawls McNelis and Mitchell PC,1
RAWLS MCNELIS AND MITCHELL PC,2
RAWLS MCNELIS MITCHELL P.A.,1
Rawls McNelis PC,8
RAWLS MCNELIS; P.C.,3
Rawls McNelis; PC,1
Rawls McNelis; PC COOK,1
Rawls McNelis; PC; Atty Trust Acct HOLM,1
Rawls McNells & Mitchell PC,1
Rawls; MccNelis & Mitchell PC,1
RAWLS; MCNELIS &  MITCHELL P.C.,1
RAWLS; MCNELIS &  MITCHELL PC ATTNY TRT ACCOUNT,1
Rawls; McNelis & Mitchell,19
Rawls; McNelis & Mitchell P.C.,1
Rawls; McNelis & Mitchell SILV,2
Rawls; McNelis & Mitchell; P. C.,2
Rawls; McNelis & Mitchell; P.C.,5
Rawls; McNelis & Mitchell; PC,6
Rawls; McNelis & Mitchell; PC;Suzanne  Villalon-Hinojosa,2
Rawls; McNelis + Mitchell,4
Rawls; McNelis; & Mitchell,2
Rawls; McNelis; & Mitchell PC,2
Rawls; McNelis; & Mitchell; P.C.,1
Rawls; McNells & Mitchell,1
Rawls; McNells; & Mitchell PC,1
Rawls; Scheer; Clary & Mingo; PLLC,2
RAWLS;McNELLIS; AND MITCHELL,1
RawlsMcNelis PC,1
RawlsMcNelis; P.C (Crowder),2
RAY  GIVENS,1
Ray  Gutierrez,1
Ray E Lewis Law Office,1
Ray H Stoess,1
Ray L Hanna,2
Ray Marglous Law Firm,1
Ray Quinney & Nebeker P.C. Trust Account;Ray Quinney & Nebeker P.C. Trust Acct.,1
Ray Quinney & Nebeker; P.C.,1
RAY R WHITLOW,1
Rayana  Thomas,1
Rayburn Law Office,1
Raymond  Armour,1
RAYMOND  ARMOUR,1
Raymond  Baldwin,1
RAYMOND  BRADY,1
RAYMOND  CARIGNAN,1
RAYMOND  GARVEY,1
Raymond  Goodwin,1
RAYMOND  MARTINEZ,1
RAYMOND  NEGRON,1
RAYMOND  SIMMONS,2
Raymond Baldwin; Seyfarth Shaw; LLP,1
Raymond C Durbin,1
RAYMOND CARIGNAN; ESQ LLC,1
RAYMOND D MARTINEZ,1
RAYMOND F BRADY,1
Raymond J Doumar,1
Raymond J Toney,1
Raymond J. Bradley and Associates,1
Raymond J. Doumar; P.C.,4
Raymond J. Noonan; LLC,1
Raymond Law,1
RAYMOND LAW,1
RAYMOND M SCHLATHER;SCHLATHER STUMBAR PARKS & SALK LLP,1
Raymond P White,1
RAYMOND R DEGEEST,1
RAZI LAW GROUP,1
Razzano Walsh & Torres; P.C.,1
RBRS Legal Group,4
RDP Law Group LLC,1
READ &  READ,1
Ready Law Firm,1
REAGAN LAW; PLLC,1
"Reardon Law Firm, PC",1
Reaves Coley PLLC,1
Reaves law Firm,1
Reaves Law Firm,2
Rebecca  Britton,1
REBECCA  COMAN SCOPP,1
Rebecca  Riley,1
REBECCA  SMITH;TIM  BECHTOLD,1
Rebecca A Loudbear;Stephen  McHugh;Steven D Gordon,1
Rebecca J Britton,1
REBECCA K SMITH,1
Rebecca Richardson,1
Rebein Brother; P.A.,2
Rebein Law,1
Receivables Control Corporation,1
Rechtsanwalte Dr. Cichon & Partner,1
Rechtsanwalte Leidecker & Leidecker,1
Recovery Partners,3
RECOVERY PARTNERS,1
Recovery Partners LLC,5
Recovery Services International,1
"Recovery Services International, Inc.",2
Rector Stuzynski LLC,1
Red Apple Claims,1
"Red Sneaker Law, PLLC",1
REDDY BARAN KRAL CO.,1
Redelman Law LLC,4
Rediger; McHugh; & Owensby LLP,1
Redman Law,1
Redmans Limited,1
Redmon; Peyton & Braswell; LLP,1
Redmon; Peyton & Broswell; LLP,1
REED  RUBENSTEIN,1
Reed  Smith;Steven M Kohn,1
Reed & Reed,1
Reed & Terry,1
Reed Smith,1
Reed Smith LLP,26
REED SMITH LLP,5
Reed Smith; LLP,4
REED SODESTROM PRINGLE & HERIGSTAD,1
REED TECKENBROCK WINCKLER & HARVEY,1
REED; MCLAIN & GUERRERO L.P.,2
REESE & REESE TRUST ACCOUNT,1
Reese Law Group,10
REESE LAW GROUP,1
"Reese Law Group, APLC",1
Reese Smalley Wiseman & Schweitzler LLP,1
Reeves & Mestayer,1
REEVES & MESTAYER PLLC,1
"Reeves & Mestayer, PLLC",1
Reeves & Mestayer; PLLC,1
REEVES AMODIO,1
Reeves and Lyle,1
Reeves and Lyle; LLC,1
Reeves and Mestayer PLLC,2
REFUGEE & IMMIGRANT CENTER (RAICES),1
Refugee & Immigrant Center for Edu & Legal Services,8
Refugee & Immigrant Center for Education & Legal Services,1
Refugee and Immigrant Center for Education and Legal Resources (RAICES),1
Refugee and Immigrant Center for Education and Legal Services,5
REFUGEE IMMIGRANT CENTER FOR EDUCATION,2
Refugio del Rio Granda; Inc,1
Refugio del Rio Grande,1
REGAN  ZAMBRI,1
Regan S Russell,1
Regan Zambri & Long,1
Regan Zambri & Long PLLC,2
Regan Zambri & Long; PLLC,3
Regan Zambri Long,1
Regan Zambri Long PLLC,5
"Regan Zambri Long, PLLC",1
Regan Zambri Long; PLLC,2
REGINA SCOTT  WEDIG,1
REGINALD  LUSTER,1
Reginald Luster; P.A.,1
Reginald M Jones,4
REGIS M MCCLELLAND,1
REGIS M MCCLELLAND;THE MCCLELLAND LAW GROUP PC,1
Rehan  Nazrali,1
Rehan Nazrali; Esq.,1
Rehm Bennett Moore Rehm & Ockander PC,1
REID G RISCHMILLER,2
Reif & Hunsaker; P.C.,1
Reifman Law Firm PLLC,1
Reilly Wolfson Law Offices,1
Reimer Law Firm,1
Reimer Law Office,1
"Reimer Law Office, P.C., L.L.O.",1
Reinaldo Guillermo  Cote Ruiz,1
REINER & SLAUGHTER LLP,1
Reiner; Slaughter; McCartney & Frankel,1
Reiter & Walsh; PC;Whitehurst; Harkness; et al,3
Rejas Hua & Hoang PLLC,1
Relman Dane & Colfax LLC,1
Relman; Dane & Colfax,5
Relman; Dane & Colfax PLLC,9
Reman; Dane & Colfax; PLLC,1
"Remer, Georges-Pierre & Hoogerwoerd PLLC",1
Reminger Co.; LPA,1
Rene  Cota,1
RENE S ALCOVERDE,1
Renee  Higginbotham-Brooks,1
Renee  Vogt,1
Renee T Vogt Client Fund Acct,1
Rennert Vogel Mandler & Rodriguez; P.A.,2
RENO H GONZALEZ,1
Reno Law Group,1
Reno Law Group LLC,1
Rensch Law Office,1
Rensin & Rosenstein LLP,2
Rensin & Rosenstein; LLP,2
RENSIN AND ROSENSTEIN LLP,3
Rental Concepts Inc,1
Rental Concepts Inc. dba Fleet Response,3
Rental Concepts Inc. DBA Fleet Response,1
"Rental Concepts, Inc",1
REPPER; PAGAN; COOK; LTD,1
RESIN & ROSENSTEIN LLP,1
Resnin & Rosenstein; LLP,1
Retacco Law Offices; Inc.; P.S.,2
Retamar & Millian; P.A.,1
REUBEN  ESSANDOH,1
Reuben B Collins,1
REX  CARR,1
Rex A Wagner Law Office,1
Rex J. Ridenour; Attorney,1
REY  HASSAN,2
Rey Perez & Associates P.C.,1
Rey Perez & Associates PC,1
Rey Perez & Associates; P.C..,1
REYES  VALENZUELA,1
Reyes & Reyes,1
Reyes & Reyes Law Firm,3
Reyes and Reyes Law Firm,1
Reynolds Law Office,1
Reynolds; Gold & Grosser; P.C.,1
Reynolds; Gold & Grosser; PC,4
Reynolds; Gold; & Grosser,1
Reynolds; Horne & Survant,1
Reza  Athari,1
Reza Athari & Associates,2
Reza Athari Associates; PLLC,1
"Reza Athari, Mills, and Fink PLLC",1
RFE Law Firm,1
RG Law PLLC,2
RGF Law Firm;Rivera; Garriga & Fernandini Law Firm,2
Rhatigan Law Offices; LLC,3
"RHD Legal, PLLC",1
Rheingold Giuffra Ruffo and Plotkin,1
"Rheingold Giuffra Ruffo Plotkin Hellman, LLP",1
Rheingold Valet Rheingold Shkolnik,1
"Rheingold, Giuffra, Ruffo, & Plotkin, LLP",1
"Rheingold, Giuffra, Ruffo, and Plotkin",1
"Rheingold, Giuffra, Ruffo, and Plotkin, LLP",1
RHETT M POWERS,1
Rhoades & Morrow,1
Rhoades and West,1
Rhodes Law Firm; LLC,2
Rhodunda & Williams; LLC,2
RHONDA  LYNN RHODES;WILLIAMS & RHODES LLP,1
Rhonda  Wood,1
"Ribail Law, PLLC",1
Ribstein & Hogan LLC,1
RIBSTEIN & HOGAN LLC,1
Ricardo  Yanez;Selvino  Padilla,1
RICARDO M MARTINEZ-CID,2
Ricardo Perez Law Firm PLLC,1
Ricci Law Firm,2
Ricci Law Firm P.A.,1
Ricci Law Firm PA,5
Ricci Law Firm; P.A.,3
Ricci Law Firm; PA,1
Rice & Bloomfield; LLP,1
Rice & Kendig,1
Rice & Kendig Attorneys At Law,1
Rice and Kendig,2
Rice McGowan,1
RICH  BOWERS,1
Rich Rich Cooksey & Chappell PC,1
Richard  Anderson,1
Richard  Baum,1
RICHARD  BAUM,2
Richard  Benavidez,1
Richard  Berlan,1
RICHARD  BREITMAN,2
RICHARD  BURCHETT,1
Richard  Cohn,1
Richard  Culbertson,9
Richard  DiTomaso,1
Richard  Dunn,1
Richard  Fisk,1
Richard  Frankel,1
Richard  Gasperini,1
Richard  Gerber,1
RICHARD  JANOWITZ,1
Richard  Lundin,1
Richard  Mah,1
RICHARD  MARRS,1
RICHARD  MORRIS,1
RICHARD  PATRICK,1
RICHARD  PAUL,1
RICHARD  PENISTON,1
Richard  Recto,1
RICHARD  RITORTO,1
RICHARD  ROGERS,1
Richard  Rosenstock,1
Richard  Salzman,1
RICHARD  SANDOVAL,1
RICHARD  SCHELL-ASAD,1
Richard  Seelig,1
RICHARD  SEGERBLOM,1
RICHARD  SHEINSON,1
RICHARD  SKELTON,1
RICHARD  SLY,3
Richard  Snyder,1
RICHARD  STEWART;SEELING LAW OFFICES,1
Richard  Strunks,1
RICHARD  TOON,1
RICHARD  TOWNSEND,2
RICHARD  TURBIN,1
RICHARD  URICK,1
Richard A Baum,3
RICHARD A BAUM,3
Richard A Castillo,1
Richard A Cohn,1
Richard A Culbertson,83
RICHARD A CULBERTSON,2
Richard A DeTar,1
Richard A Dillenburg,1
RICHARD A ENGELBERG,1
RICHARD A HARRIS,5
RICHARD A KERNER,1
Richard A Peniston,1
RICHARD A REGNIER,6
Richard A Robb,1
Richard A Salzman,2
RICHARD A SANDERS,1
Richard A Schwartz,1
RICHARD A SHALLCROSS,1
RICHARD A WEISBORD,2
Richard A. Castillo P.L.L.C.,1
Richard A. Shallcross & Associates,1
Richard A. Shallcross PLLC,1
Richard and Rosenberg; LLC,1
RICHARD B BURKE,1
RICHARD B BURKE TRUST ACCT,1
RICHARD B CLIFFORD JR,1
Richard B Grabow,2
Richard B Oliver,2
RICHARD B ROBINS,1
RICHARD B STONE;STONE MANDIA LLC  ATTORNEY TRUST ACCOUNT,1
RICHARD BREEN LAW OFFICES PSC IOLTA,1
RICHARD C STODDARD,2
Richard C. Stoddard,1
RICHARD D CARTER,2
Richard D Gronna,1
Richard D Hobbs & Assoc,1
RICHARD D WAYNE,1
Richard E Donaldson,2
RICHARD E DONALDSON,1
Richard E Genter,1
Richard E Genter IOLTA,1
Richard E Harrison,1
RICHARD E JOHNSON,1
Richard E. Johnson; PA,2
Richard F Brian,2
Richard F Foley,3
Richard F McGinty,3
RICHARD F MCGINTY,1
RICHARD F WALSH,1
Richard F. Brian,3
Richard F. Silber; PLLC,1
RICHARD G ABBOTT,1
Richard G McManus,2
RICHARD H BARKER,1
Richard H Dalrymple,1
RICHARD H GASPERINI,1
RICHARD H LIPPSON,1
RICHARD H ROSENSTOCK,1
Richard H Silvas,3
Richard H Strunks,1
"Richard H. Schurman, Attorney at Law",1
Richard H. Strunks; Attorney at Law,1
Richard Harris Law,1
Richard Harris Law Firm,4
RICHARD HARRIS LAW FIRM,2
RICHARD HARRIS LAW FIRM IOLTA,1
Richard I. Feingold & Associates,1
Richard I. Feingold & Associates; P.C.,1
Richard J Barnes,1
Richard J Dimanin,1
RICHARD J DIMANIN PC,1
Richard J Fernandez Law Office,1
RICHARD J GRELLNER Esq.,1
Richard J Hackerman,1
RICHARD J JAEGERS,1
Richard J Paul,4
RICHARD J PAUL,2
Richard J Perry,1
Richard J Plouffe,1
RICHARD J RINEAR,1
Richard J Suzuki,1
Richard J Weber,1
RICHARD L CONSTANCE,1
Richard L Elem,1
Richard L Frankel,5
RICHARD L FRANKEL,5
Richard L Frankel; Esq.,1
Richard L Frenkel; Esq.,1
Richard L Group,2
RICHARD L GROUP,4
RICHARD L JAKLITSCH,1
Richard L Jones,1
RICHARD L KREGER ATTORNEY PLLC,1
Richard L Mahfouz II,1
richard l peaster,1
RICHARD L RODEMEYER,1
RICHARD L WYATT,1
Richard L. Jaklitsch; LLC,1
Richard Law Firm LLC,1
Richard Lowell  Frankel,1
RICHARD M BARNETT,1
Richard M Chisholm,1
RICHARD M KIRSHNER,2
RICHARD M MARTIN,1
Richard M Rogers,1
Richard M. Barnett; APLC,1
RICHARD P DEARING,1
RICHARD P EDELMAN,1
RICHARD P JACOBS;SCOTT  KIENZLE; PA,1
RICHARD P MORRIS,2
Richard P Valentine,1
Richard R Klein,3
Richard R Madore,1
RICHARD R MARQUEZ,1
Richard R. Marquez Attorney at Law; PC,1
Richard Ruben Law,1
RICHARD S PLATTNER,1
Richard S Skelton,1
RICHARD S SKELTON,1
Richard Schwartz and Associates; P.A.,1
RICHARD T CULBERTSON,1
RICHARD T PAFUNDI,1
RICHARD T PAFUNDI ESQ AAL,1
RICHARD T PUFUNDI,1
RICHARD TURBIN AAL,1
RICHARD V KOHNKE,1
RICHARD W BERLAN,2
RICHARD W GOEKEN,2
RICHARD W GOEKEN;SMITH CURRIE & HANCOCK,1
Richard W Hay,1
Richard W Hosking,2
RICHARD W POTTER,1
RICHARD W ZAWTOCKI,1
Richard Wern Lawyers,2
RICHARD; BRANDT; MILLER & NELSON,1
Richard; Schwartz; & Associates PA,1
Richards & Minore PC,1
Richardson and Rosenberg; LLC,1
RICHARDSON CALLAHAN & FREDERICK,2
Richardson Law Firm; LLC,1
RICHARDSON RICHARDSON BOUDREAUX KEESLING,1
Richardson Thomas Haltiwanger,1
Richardson; Fair & Cohen,1
"Richie, Richie & Oberle, LLP",1
"Richmond Vona, LLC",1
Ricigliano & Filopei; P.C.,1
RICK  DAVIS,1
Rick  Dworek,1
RICK  FINBERG,1
Rick  Peasley,2
RICK  SAUER,1
Rick B Clark,4
RICK B CLARK,2
Rick C Gikas,1
Rick P Sauer,1
RICK P SAUER,4
Rick S Vasquez,1
RICKEY  MINIEX,1
RICKEY G BUNCH,1
Rickner PLLC,6
RICKY B CLARK,1
RICKY BRIAN  CLARK,1
Riddle & Brantley,8
Riddle & Brantley LLP,2
RIDDLE & BRANTLEY LLP,1
"Riddle & Brantley, LLP",1
Riddle & Brantley; LLP,2
Riddle & Brantley;Riddle & Brantley; LLP,1
Riddle and Brantley,1
Riddle and Brantley LLP,2
RIDGE & MCLAUGHLIN,1
Ridley & Brantley,1
RIEDERS TRAVIS HUMPHREY HARRIS WATTERS &,1
Rieders Travis Law Firm,2
"Rieders, Travis, Dohrmann,",1
Riegler & Berkowitz,1
Riesen Law Firm; L.L.P,1
Rigano LLC,7
Rigg Law Firm,1
RIGGINS LAW FIRM PA,1
RIGGS & ELLSWORTH; PC,1
RIGGS ABNEY NEAL TURPEN ORBISON & LEWIS,1
Riggs Ellsworth and Porter; PLC,1
Riggs; Ellsworth & Porter,1
Rights Behind Bars,14
"Rights Behind Bars, Inc.",2
Riguer  Silva,1
"Riguer Silva, LLC",1
Riguer Silva; LLC;Wilber & Associates,1
Rikard & Protopapas,2
Rikard & Protopapas; LLC,2
Riker Danzig LLP,1
Rilee & Associate PLLC,2
Riley & Jackson,1
Riley & Jackson PC,1
"Riley & Jackson, P.C.",1
"Riley & Jackson, PC",1
Riley & Riley; Attorneys at Law,1
Riley and Jackson PC,1
"Riley and Jackson, P.C.",2
Riley L Fenner,11
RILEY L FENNER,2
Riley L. Fenner Law Firm,1
Riley Safer Holmes & Cancila,1
RING & GREEN,1
Ring & Green Attorneys,1
Ring & Green; APC,1
RING and GREEN APC,1
Ring and Green;Southern California Law Associates,2
Ring Jimenez; P.C.,1
RINGLER AND ASSOC. INC,1
Ringler Associates,2
RINGLER ASSOCIATES,1
RINGLER ASSOCIATES BELLEVE INC;ROBERT S PERKINS,1
RINGLER ASSOCIATES INC,1
RINGLER ASSOCIATES;SEAN B CRONIN,1
Riojas Law Firm,1
Rios & Cruz PS,1
RIOS & CRUZ PS,1
RIOS CANTOR PS,1
Rios Law Firm,1
Ripley & Associates,1
RISCASS & DAVIS,1
RISCASSI & DAVIS,1
"Risk Financial Services, INC",1
Risk Management Services,1
Risner & Graham,9
RISNER & GRAHAM,1
Risner and Graham,3
Rispoli Law; PLLC,2
RITA  DATTILO,1
RITCHIE LAW GROUP PLLC,5
Ritchie Reieresen Law,1
RIVERA & FERNANDEZ REBOREDO; PSC,1
Rivera Law Offices,1
RIVERA LAW OFFICES,1
RIVERS BECK DALRYMPLE & LEDET,2
Riviere Advocacy Group; LLC,1
Rizio & Nelson,2
RIZIO HAMILTON & KANE PC,1
Rizzo & Diersen; S.C.,1
RIZZO & DIERSON SC,1
Rizzo Law Firm,2
RJS Law Group,1
RKB Legal,1
Roach Law Firm,1
Rob  Roy; Attorney,1
ROB LEVINE & ASSOCIATES,1
Rob Levine & Associates Ltd.,1
Rob Sneed Law Firm LLC,1
Rob Wiley; P.C.,4
Rob Wiley; P.C.;Rob Wiley; PC,1
ROBB S KRUEGER,1
"Robb, Taylor & O'Connor",1
Robberts & Kirkman,1
Robbins & Curtin PLLC,1
Robbins Law; PLLC,1
Robbins Salomon & Patt LTD,1
"Robbins,  Curtin, Millea &  Showalter",1
ROBBINS; KELLY; PATTERSON & TUCKER,1
Robert  Adamo,1
ROBERT  AMENDOLA,1
Robert  Angelle,1
Robert  Applegate,1
ROBERT  APPLEGATE,6
ROBERT  BLACKBURN,1
Robert  Brown,1
ROBERT  BROWN;TOMMY KLEPPER & ASSOCIATES PLLC,1
ROBERT  BRUNO,1
Robert  Burns,1
Robert  Dietrich,1
Robert  Donati,1
ROBERT  DONATI,5
ROBERT  FEINBERG,1
Robert  Friedman,57
ROBERT  FRIEDMAN,93
ROBERT  GAMMEL,1
Robert  Gittleman,1
Robert  Goss,1
Robert  Hempson,1
Robert  John,1
ROBERT  KEHOE,1
Robert  Kelly,1
ROBERT  KIELIAN,2
Robert  Kirsch,1
ROBERT  KLOTZ,1
ROBERT  KNOWLES,1
ROBERT  MAZZIE,1
ROBERT  MESA,1
Robert  Meyer,1
Robert  Montgomery,1
ROBERT  MOORE,1
Robert  Munroe,1
ROBERT  NADLER,1
Robert  Paul;The Shim Law Firm; P.C.,1
ROBERT  PAUW,1
Robert  Raskas,1
ROBERT  REGER,1
ROBERT  REGES,2
Robert  Rickner,1
ROBERT  ROSIN,1
Robert  Rubenstein PA,2
Robert  Savoy,14
ROBERT  SAVOY,5
ROBERT  SCHUTLE,1
Robert  Seldon,1
Robert  Sgarlato,2
Robert  Shapiro,1
Robert  Simms Thompson;Tiffany  Johnson Cole,2
ROBERT  SLAUGHTER,1
ROBERT  SOLOMON,1
Robert  Starney,1
ROBERT  STOLL,1
Robert  Stone,1
ROBERT  SULLIVAN,1
ROBERT  VARSEK;ROSEN VARSEK & ROSEN,1
ROBERT  WATT,1
ROBERT A  FRIEDMAN & ASSOC,1
ROBERT A BRADY,1
ROBERT A CANNER,2
ROBERT A CARDALI & ASSO LLP,1
ROBERT A CARDALI & ASSOCIATES LLP,1
Robert A Costantino,1
Robert A Culbertson,1
Robert A Donati,2
ROBERT A DONATI,1
ROBERT A FLAUGHER,1
Robert A Free,1
Robert A Friedman,16
ROBERT A FRIEDMAN,12
ROBERT A FRIEDMAN & ASSOC,2
ROBERT A FRIEDMAN & ASSOC INC,1
ROBERT A FRIEDMAN & ASSOCIATES,1
ROBERT A GROSSER,2
Robert A Hofmann PA,1
Robert A Langendorf PC,1
Robert A Mautino,1
ROBERT A PETRUZZELLI,2
Robert A Rush,1
ROBERT A SIMONE,1
ROBERT A SPARKS ATTY TR-ACCT,1
Robert A Waller,1
Robert A Whitlow,1
Robert A. Chitty; PA,1
Robert A. Friedman and Associates,1
Robert A. Wilks & Associates,1
Robert B Holmes,1
Robert B Jackson,1
ROBERT B JACKSON,1
Robert B Lewis,1
ROBERT B LIPMAN AND ASSOCIATES,1
Robert B Nichols,3
Robert B Sykes & Assoc Trust Fund,1
ROBERT B TAYLOR,1
ROBERT B WOOMER,1
Robert B. Fitzpatrick; PLLC;Sloan & Associates,29
Robert Boyd & Assoc PLLC,1
Robert Burns Attorney & Counselor at Law,1
Robert C Angermeier,2
Robert C Bateson Cl Tr Acct,1
ROBERT C DAWES,1
ROBERT C DEAN,1
Robert C Dodge P A Attorney at Law,2
Robert C Gray,1
ROBERT C GRAY,1
Robert C Herman,2
Robert C Kielian,1
ROBERT C KIELIAN,1
Robert C Rogers Jr,1
ROBERT C ROTHKOPF;THOMAS L LANDWERLEN,1
Robert C Seldon,2
ROBERT C SELDON & ASSOCIATES PC,1
Robert C Strong & Associates LLC,1
Robert C Williamson,1
Robert C. Seldon & Assoc.; P.C.,2
Robert C. Seldon & Associates; P.C.,2
Robert D Ahearn,1
ROBERT D ARB LC ATTORNEY'S TRUST ACCOUNT,1
Robert D Cohan,1
Robert D Murphy,1
ROBERT D ORTMAN,1
Robert D Shoecraft,1
ROBERT D STEIN,2
Robert D Stein Law Firm,1
ROBERT E APPLEGATE,2
ROBERT E DALLMAN,1
ROBERT E HEMPSON,2
Robert E Holden,14
Robert E Joyce,1
Robert E Langway,1
ROBERT E MARKEL,1
Robert E Piper,1
ROBERT E. BROWN; ATTY PLLC TRUST ACCT,1
ROBERT F DANZI,1
Robert F Gehrke,2
ROBERT F PEZZIMENTI,1
Robert F Rupinski,1
Robert F Sprick,8
ROBERT F WEBBER,1
Robert F. McKee; P.A.,1
ROBERT G BARBOUR;WATT; TIEDER; HOFFAR & FITZGERALD; LLP,1
Robert G Bidewell,1
ROBERT G DOLTON,1
Robert G Hicks,2
ROBERT G MAZEAU,7
Robert G Mazeau Attorney Trust Account,1
Robert G Mazeau Law Firm,1
ROBERT G PALMER,1
Robert G Ryan,1
Robert G. Mazeau Law Firm,3
ROBERT G. MAZEAU LAW FIRM,2
Robert Gillikin,3
Robert Gittleman Law Firm PLC,1
Robert H Crick,1
Robert H Ebbs Law Office,1
Robert H Gibbs,1
ROBERT H GIBBS,1
Robert H Moyer,1
Robert H Stier,7
Robert H Wendt,1
Robert I Simon,1
ROBERT J BORRELLO;RUSSOMANNO &  BORRELLO PA,1
Robert J Debry & Associates,1
ROBERT J DRABANT,1
Robert J Engler,2
ROBERT J ENGLER,3
ROBERT J FARRELL,2
Robert J Kessler,1
ROBERT J LANE,1
Robert J MacDonald,1
ROBERT J NICHOLS TRUST,1
Robert J Reynolds,1
Robert J. Debry & Associates,2
Robert J. DeBry & Associates,1
ROBERT J. DEBRY & ASSOCIATES,1
Robert J. Renna; P.C.,1
"Robert J. Rosati, dba, ERISA Law Center",1
ROBERT K COX,1
Robert K Gaecke,4
Robert K Gaecke Jr,1
Robert K Reges,2
ROBERT K REGES,1
ROBERT KELVIN  GRUBER,1
ROBERT L BARLOW,1
ROBERT L BECK,1
ROBERT L F  POLSKY,1
Robert L Frankel,1
ROBERT L GOLDSTEIN,1
ROBERT L HEMPEN,1
ROBERT L KENNY,1
ROBERT L LEWIS,2
Robert L Lovett,1
ROBERT L MELLINGER ATTORNEY,1
ROBERT L OTSEA,1
Robert L Palmer & Associates,1
Robert L Parks,1
Robert L Smith,3
Robert L. Lewis & Associates,1
ROBERT L. LOVETT,1
ROBERT L. LOVETT; PC,1
Robert Le; PC Attorney at Law,2
Robert Le; PC Attorney At Law,1
ROBERT LF  POLSKY,1
ROBERT M BARNES,1
ROBERT M BECNEL,1
ROBERT M BYRNE,1
Robert M Carpenter,1
ROBERT M GRAFF,1
ROBERT M HINOJOSA,1
ROBERT M KNOWLES,2
Robert M Liechty,1
ROBERT M TATUM;WILLIAM J MORGAN,1
Robert M Vercuysse,1
Robert M. Seines Attorney at Law,1
Robert M. Tucker; Esq,1
Robert O Bergstrom,1
ROBERT O HOMES,1
ROBERT O KURTH JR,1
ROBERT O LAMPL,1
ROBERT P DENNISON,1
Robert P Petyak,1
Robert P Stockman,1
Robert P Sullivan,8
ROBERT P YOUNG,2
Robert P. Groszek; LLC,1
Robert P. Ramirez Law Firm PLLC,2
Robert Peirce & Associates,1
ROBERT PEIRCE & ASSOCIATES,1
"Robert Peirce & Associates, P.C.",1
Robert Peirce & Associates; P.C.,3
Robert Peiroe & Associates,1
Robert Q Bergstrom,1
Robert R Pandaleon,1
ROBERT R. JENSEN; TRUST ACCOUNT,1
ROBERT ROVNER P.C.,1
Robert S Allen,1
Robert S Altagen,1
ROBERT S JARRELL,1
Robert S Perkins,1
Robert S Peters,1
Robert S Reger,1
ROBERT S SHIEKMAN,1
Robert Simeone Law Offices,1
Robert T Carney,1
Robert T Kelsey,1
Robert T Nguyen,1
Robert V Berthold,1
Robert W Bergstrom,1
ROBERT W BROWNLIE,7
Robert W Durkin,1
ROBERT W GILLIKEN,1
Robert W Gillikin,5
ROBERT W GILLIKIN,2
Robert W Gillikin II,2
ROBERT W GILLIKIN II,2
ROBERT W GILLIKIN; II,1
Robert W Guth,1
ROBERT W KATZ,1
Robert W Norton;Roger J Donahue,1
Robert W Tate,1
"Robert W. Gillikin II, LLC",1
"Robert W. Gillikin, II LLC",1
"Robert W. Gillikin, II, LLC",4
Robert W. Gillikin; II; LLC,1
Robert Weber,1
Roberto  Bolorin Santiago,2
Roberto L Sanchez,1
ROBERTO L SANCHEZ,2
Roberto L. Sanchez; Attorney at Law,1
Roberto Marquez Law Office,1
Roberto Montiel,1
Roberton Lopez,1
ROBERTS & ROBERTS,1
Roberts & Roberts Law Firm,1
"Roberts Labor Law & Consulting, LLC",4
Roberts Law Firm,1
Roberts; Kirkman & Engler; LLLP,1
Roberts; P.A.,1
ROBERTSON  WENDT; JR,2
ROBERTSON & ROBERTSON P.A.,1
Robertson & Robertson PA,1
Robertson Duric Attorney at Law,1
Robertson H Wendt,16
ROBERTSON H WENDT,19
Robertson H Wendt Jr,8
Robertson H Wendt Jr.,3
Robertson H Wendt PA,6
Robertson Wendt Disability,7
ROBERTSON WENDT DISABILITY,1
Robertson Wendt Disablity,1
"Robertson, Beasley, Shipley & Robinson",1
Robertson; Bodoh & Nasrallah,1
ROBEY NAMBA P.S.,1
Robey Namba PS,16
ROBEY NAMBA PS,3
Robey Namba; P.S.,6
ROBEY NAMBA; P.S.,1
Robey Namba; PS,1
Robey Teumer Drash Kimbrell Nati,1
Robey; Teumer; Drash Kimbrell & Counts,1
Robichaud; Schroepfer & Correia,1
Robin  Cooley,1
ROBIN  CURTISS;VAN DORN & CURTISS PLLC,1
Robin  Foster,1
ROBIN  ZEPHIER,3
ROBIN J HERMANN,1
ROBIN R PARTIN,1
ROBIN S STITH,1
ROBINA  ALI - BINDER & BINDER,1
Robins Kaplan LLP,5
Robins Kaplan; LLP,1
Robins; Kaplan; Miller & Ciresi LLP,1
Robins; Kaplan; Miller & Ciresi; LLP,1
Robinson  Iglesias,1
ROBINSON & ASSOCIATES TRUST ACCOUNT,1
Robinson & Kole PS Inc,1
ROBINSON & MCELWEE,1
"Robinson Bradshaw & Hinson, P.A.",1
"Robinson Di Lando, APLC",1
"Robinson, Bradshaw & Hinson, P.A",3
"Robinson, Bradshaw & Hinson, P.A.",1
Robinson; Bradshaw & Hinson; P.A.,2
Robles; Rael; Anaya PC,1
Roby & Manges Law Firm,2
Robyn  Rebers,4
Robyn B Nicoll,1
Robyn G March Law Office,1
ROBYN L PUGSLEY,1
Robyn M Rebers,13
ROBYNN S DIXON,1
Robynn Sena Dixon Attorney at Law,1
ROCHARD  COSHNEAR,1
Rochlin Settleman & Dobres PA,1
Rockefeller Law Center PC,1
Rockne W Onstad,1
Rocky McElhaney Law Firm,1
Rodeny C Dahlquist,1
Roderick  Hannah,1
Roderick C Lopez,1
RODERICK C. LOPEZ P.C.,1
RODERICK E EDMOND,1
Roderick Linton Belfance LLP,1
Roderick Walls & Associates,1
Rodger L Smith,1
Rodger W Lofton,1
RODNEY  SUCH,1
Rodney  Sutch,7
Rodney  Williams,1
Rodney A Melkonoff,1
RODNEY A MELKONOFF,3
Rodney W Sipes,1
Rodolfo  Bunagan,1
Rodolfo  Lozano,1
Rodolfo Ruiz-Velasco Law Firm,1
Rodolfo T Bunagan,1
Rodrigo Camargo  Barbosa,1
Rodrigo V Ramos,1
Rodriguez & King,1
Rodriguez & Sanabria PLLC,1
RODRIGUEZ & SANABRIA PLLC,1
ROEBUCK & THOMAS,1
"Roeder, Cochran, Phillips, PLLC",1
Roehl Law Firm,1
Roehl Law Firm PC,1
Roeser & Whitlock,1
Roeser & Whitlock LLP,2
Roeser & Whitlock; LLP,1
Roeser Law Firm PLLC,1
Roeser Law Firm; PLLC,1
Roetzel & Andress LPA,1
ROGELIO R OLIVER,1
ROGELIO RAMON  OLIVER,1
ROGER  DRISKILL,2
Roger  Florio,3
ROGER  GELB,1
ROGER  KENT BROWN,1
ROGER  MOORE;ROGER MOORE ATTORNEY TR ACCT,1
Roger  Plata,4
Roger  Sharp,2
ROGER B BUTCHER,1
Roger D Allen,1
Roger D Drake,5
ROGER D RIGGS,4
ROGER I SMITH,1
ROGER J MARSULLA,1
Roger K Brown,1
Roger K Fuston,1
Roger L Gilbert,1
ROGER M DRISKIL,1
Roger M Driskill,40
ROGER M DRISKILL,41
ROGER MOORE ATTY TRUST ACCT,1
Roger S Reger,1
ROGER T NUTTALL INC,3
ROGER T SHARP;ROGER T SHARP LLC IOLTA,1
Roger W Plata,17
ROGER W PLATA,3
Rogers  Hicks,1
Rogers Joseph O'Donnell,1
ROGERS JOSEPH O'DONNELL,1
"Rogers Patrick Westbrook & Brickman, LLC",4
"Rogers, Patrick, Westbrook & Brickman",1
"Rogers, Patrick, Westbrook & Brickman LLC",1
"Rogers, Patrick, Westbrook & Brickman, LLC",2
"Rogers, Patrick, Westbrook and Brickman, LLC",1
"Rogers, Patrick, Westrook & Brickman, LLC",1
ROGERS; EHRHARDT; WEBER & HOWARD,1
Rogers; Lewis; Jackson; Mann,2
Rogers; Patrick; Westbrook & Brickman,1
Rogert M Driskill,1
Rohfling & Kalagian LLP,1
Rohlfing & Kalagian LLP,2
"Rohlfing & Kalagian, LLP",2
Rohlfing & Kalagian; LLP,5
Rohlfing and Kalagian,1
Rohlfing and Kalagian; LLP,1
ROLAND  BARBOSA;RUBEN  BARBOSA,1
ROLAND  HUGHES,2
Roland G Ottley,1
Roland M Cercone,1
Rolessa L Coleman,1
Rolling; Perrilloux & Sledge,1
Rollins & Kavanaugh; PC,1
Rollins Law Office,1
ROMALLUS  MURPHY,1
ROMANO LAW,1
Romano Law Group,1
Romanovsky Law Offices,1
Romanucci & Blandin LLC,1
ROME MCGUIGAN PC,11
Romero & Winder; PC,3
Romero Law Firm,1
RON  DIXON;THE DIXON FIRM,1
Ron  Honig,1
Ron  Kuis,1
RON  MAIDENBERG,1
RON  POIRIER & MARK ELLIS,1
Ron  Reyna,1
RON  REYNA,1
RON  SCHMIDT,1
Ron  Vinograd,1
RON C WEEMS,2
Ron R Hutchinson,1
RON W ARMSTRONG,1
Ronald  Cina,1
RONALD  GOODBREAD,1
Ronald  Honig,6
RONALD  HONIG,5
RONALD  HUTCHINSON,1
Ronald  Kuis,4
RONALD  POPE,1
RONALD  YARRIS,1
Ronald A Arendt,1
Ronald A Clearfield & Assoc PC,1
RONALD A RAMOS,1
Ronald A Roth,1
RONALD A. CLEARFIELD & ASSOCIATES,1
Ronald A. Clearfield & Associates; PC,1
RONALD ALAN  YARRIS,1
RONALD C COX,1
Ronald Cox,1
Ronald D Honig,18
RONALD D HONIG,10
Ronald D Pope;The Kaw Valley Stat Bank & Trust Company,1
RONALD E NORMAN,1
Ronald G Gabler,1
RONALD G HARRIS,1
RONALD H HECK,1
RONALD H TONKIN IOLTA ACCT,1
RONALD H WATSON,2
RONALD J ATTANASIO,1
RONALD J DESIMONE,1
Ronald J Mishkin,1
RONALD J MISHKIN,1
RONALD J MISHKIN ESQ,1
RONALD J RESMINI,1
Ronald J Wagenaar,1
Ronald J Zuker,1
RONALD K BRUCE,1
Ronald Kuis,2
Ronald Kuis Esq.,1
Ronald L Briggs,1
RONALD L CROFT,1
RONALD L EPSTEIN,1
RONALD L GOLDSTEIN,2
Ronald L Kuis,6
RONALD L KUIS,1
RONALD L MCKIM,1
"RONALD M. SCHERBAN, P.C.",1
Ronald M. Scherban; P.C.,1
Ronald P Ackerman,1
Ronald P Pope,1
RONALD T TOMASKO,1
Ronald W Amstrong,1
Ronald W Armstrong,1
Ronald W Downs PC,1
Ronald W Parnell,1
RONALD W PARNELL,1
Ronald W Williams,1
Ronald W. Parnell,1
Ronald W. Parnell P.C.,1
"Ronald W. Parnell, PC",1
Ronald W. Parnell; P.C.,4
Ronald W. Parnell; PC,1
Ronemus & Vilensky LLP,2
RONEMUS & VILENSKY LLP,1
RONNIE  GOLDY,1
RONNIE  RUDERMAN,1
Ronnie D Wilson,1
RONNIE M STRONG,1
Roopal  Gupta,1
Roose & Ressler,9
ROPES  GRAY,1
Ropes & Gray,5
Ropes & Gray LLP,3
Rory  Linerud,1
RORY  LINERUD,1
Rosa & Taing Law; LLC,1
Rosa M Lopez,1
"Rosales Del Rosario, P.C.",1
Rosalio  Munoz,1
Rosalio  Munoz; Jr.,1
Rosalio Munoz,1
ROSANNE  GUGINO,1
ROSANNE M GUGINO,1
ROSARIO  GANGI,20
ROSATO  LUCCIOLA,1
Rosche Immigration Law PLLC,1
ROSE A MCPHILLIPS,1
Rose Consulting Law Firm,2
ROSE CONSULTING LAW FIRM LLC,1
Rose Klein & Marias LLP,1
Rose Law Firm,1
ROSE LAW FIRM LLC,1
Rose Legal Adv. Trust Acct.,1
Rose Legal Advocates,1
Rosemary  Alcantar,1
ROSEMARY  ALEXANDER,1
ROSEMARY  COOK,1
Rosemary  Schuman,1
Rosemary  Schurman,38
ROSEMARY  SCHURMAN,47
Rosemary  Shurman,1
Rosemary B Schurman,70
ROSEMARY B SCHURMAN,29
Rosemary B Schurman Esq.,1
Rosemary B Sherman,1
Rosemary B Shurman,2
Rosemary B. Schurman,1
"Rosemary Schurman, Attorney at Law",2
"ROSEMARY SCHURMAN, ATTORNEY AT LAW",6
Rosemary Schurman; Attorney at Law,11
Rosen Bien Galvan & Grunfeld LLP,9
Rosen; Varsek & Rosen,1
ROSENBAUM & ASSOCIATES PC,1
"Rosenbaum & Rosenbaum, P.C.",1
Rosenbaum & Rosenbaum; PSC,1
Rosenberg & Fayne,2
Rosenberg & Fayne LLP,2
Rosenberg & Gluck LLP,3
Rosenberg & Gluck; LLP,1
ROSENBERG & MCKAY,2
ROSENBERG & MCKAY CLIENT TRUST ACCT,1
Rosenberg & Rodriguez PLLC,1
ROSENBERG & ROSENBERG PA,2
ROSENBERG KIRBY CAHILL & STANKOWITZ,1
ROSENBERG KIRBY CAHILL STANKOWITZ,1
Rosenberg McKay Hoffman,3
Rosenberg; Fayne & Rayden,1
Rosenberg; Fortuna & Laitman; LLP,1
Rosenberg; Minc; Falkoff & Wolff; LLP,1
Rosenberg; Shpall & Zeigen,1
Rosenberg; Shpall & Zeigen; APLC,1
ROSENBLUM &  ROSENBLUM LLC,1
Rosenblum & Reisman Law Office,1
Rosenblum & Reisman PC,1
ROSENBLUM & REISMAN PC,1
Rosenblum & Reisman; PC,2
ROSENBLUM & ROSENBLUM,1
ROSENBLUM & ROSENBLUM LLC,3
Rosenblum and Reisman PC,1
Rosenblum and Rosenblum; L.L.C.,1
ROSENCRANZ & ASSOCIATES,1
Rosendo  Almarez,1
Rosenfeld & Morgan,1
ROSENFELT & BUFFINGTON,1
Rosensteel Fleishman,1
Rosenthal &  Levy,2
ROSENTHAL & LEVY PA,1
Rosenthal and Ganister; LLC,3
Rosenthal Law,1
ROSENTHAL; LEVY & SIMON; P.A.,1
"Rosette, LLP",1
Rosette; LLP,1
Roshanzamir Law Firm,1
Ross  and Suchoff,1
ROSS  TUCKER,1
ROSS &  SUCCHOFF LLC,1
Ross & Pines,1
Ross & Suchoff,1
ROSS & SUCHOFF,1
Ross & Suchoff LLC,1
"Ross & Suchoff, LLC",1
Ross & Suchoff; L.L.C.,1
ROSS AND  SUCHOFF LLC,1
ROSS AND SUCHOFF LLC,2
Ross Anderson Law Office,1
ROSS B ROTHENBERG;ROTHENBERG LAW FIRM LLP,1
Ross Law LLC,1
ROSSETTI & DEVOTO,1
Rossetti & DeVoto PC,2
Rossier & Boock LLC,1
Rossiter & Boock LLC,3
ROSSITER & BOOCK LLC,1
Roth Law Office; P.C.,1
Roth Law Offices; LLC,1
Rothberg Logan & Warsco LLP,1
Rothenberg Rubenstein Berliner & Shinrod,1
Rothman Schneider Soloway & Stern,1
"Rothman, Schneider, Soloway and Stern, LLP",1
ROTHSCHILD & ROTHSCHILD,2
Rothstein Law Group; PLLC,1
ROTHSTEIN LAW PLLC,1
ROUNTREE LOSEE LLP,1
Rourke & Blumenthal; LLC,4
Rovner; Allen; Rovner; Zimmerman et al,1
Rowe & Hamiliton,1
Rowe and Hamilton Attorneys at Law,1
Rowe Weinstein & Sohn Attys & Counselors,1
Rowland & Yauger,1
Rowley Chapman & Barney LTD,1
Roxanne Barton  Conlin,1
ROY  DWYER,1
Roy A Klein,1
ROY H BINDER,1
ROY J BELL,1
Roy Jorgensen Associates,1
Roy S Haber,1
ROY S HABER,1
ROY T ENGLERT,1
Roy T Ogawa,1
ROY; LARSEN; CARNES & ROMM; P.C.,1
RS  Radford,1
RSH Legal,1
RSH Legal Trust,1
RSH Legal; P.C.,1
RTR Law,1
Ruben  Ortiz,1
Ruben M Ruiz,1
Ruben P Hernandez,1
RUBEN P HERNANDEZ,3
RUBEN T NIGAGLIONI,1
RUBENSTEIN LAW OFFICES,1
Rubenstein Law PA,1
RUBENSTEIN LAW PA TRUST ACCOUNT,1
Rubenstein Law; P. A.,3
Ruberto Israel & Weiner PC,1
Rubin & Badame,1
RUBIN & BADAME P.C.,1
Rubin & Machado LTD,1
Rubin and Badame,1
Rubin and Badame Law,1
RUBIN AND BADAME LAW,1
"Rubin and Badame, P.C.",1
RUBIN ASSOCIATES INTERNATIONAL LAW; P.C.,1
Rubin Glickman Steinberg & Gifford PC,2
Rubin Machado Rosenblum Ltd,1
"Rubin, Glickman, Steinberg and Gifford, P.C.",1
Rubin; Glickman; Steinberg,1
Rubin/Anders  Scientific; Inc.;Sheppard Mullin Ricther & Hampton LLP,1
Rubinstein Law Offices,1
RUBINSTEIN LAW OFFICES PC,1
RUBIO & ASSOCIATES PLLC,2
Rubio & Associates; PLLC,1
RUBY PEREZ ATTY AT LAW,1
Ruby R Wharton,1
RUBY R WHARTON;WHARTON & WHARTON ATTY AT LAW,1
Ruchti & Beck PLLC,1
Ruchti & Beck; PLLC,1
Rucker & Assoc.; P.C.,1
Rucker & Assoc.; PC,1
Rucker & Associates; P.C.,2
RUCKER & ASSOCIATES; P.C.,1
Rucker & Henry; P.C.,1
Rucker and Assoc. P.C,2
RUCKER RUCKER & GILLEY,1
"Rucker, Rucker & Aymett, P.C.",1
Rucker; Rucker & Aymett; P.C.,1
Rudberg Law Offices; LLC,1
Rudrakumaran & Associates PC,1
RUDY  VALENZUELA,1
Rue & Ziffra PA,1
Rue & Ziffra; PA,1
RUGGERO  PROVENGHI,1
Ruhmann Law firm,1
Ruhmann Law Firm,2
RUHMANN LAW FIRM PC,1
RUIZ & ASSOCIATES PC,1
RUIZ LAW FIRM,1
Ruiz Law Firm PLLC,1
Rukin Hyland & Riggin LLP,3
Ruloff Swain Haddad,1
Ruloff Swain Haddad Morecock et al,1
Ruloff Swain Haddad Morecock Talb,1
Ruloff Swain Haddad Morecock Talbert,1
"Ruloff, Swain, Haddad, Morecock, Talbert & Woodward, P.C.",1
Ruloff; Swain; Haddad; etc. P.C. (HOUG),1
Rumbaugh Rideout  Barnett & Adkins,1
RUMIZEN & WEISMAN,1
Rumizen & Weisman  Co Ltd,1
Rumizen Weisman Co Ltd,2
RUNDLETT LAW FIRM; PLLC,1
Rupp Baase Pfalzgraf Cunningham,1
Rupp Pfalzgraf LLC,2
Rusby Law; PLLC,1
RUSH  HANNULA,1
Rush & Rush,2
Rush & Rush; Attorneys at Law,1
RUSH D LAWSON,1
RUSH HANNULA HARKINS & KYLER LLP IOLTA;VERNON W HARKINS,1
Rush Hannula Harkins & Kyler PLLC,1
Rush Hannula Harkins Kyler LLP,1
RUSH HANNULA HARKINS KYLER LLP,1
"Rush, Hannula, Harkins & Kyler PLLC",3
RUSH; HANNULA; HARKINS & KYLER LLP,1
Rush; Hannula; Harkins & Kyler; LLP,1
Rusing Lopez & Lizardi; PLLC,1
Russ E Robbins,3
RUSS; WORTH & CHEATWOOD; P.L.L.C.,1
Russell  Bowling,1
Russell  Reynolds,1
RUSSELL &  HILL ATTORNEYS,1
Russell & Hill PLLC,2
"Russell & Hill, PLLC",1
Russell & Hill; PLLC,2
Russell A Neverdon,1
Russell A Spatz,1
Russell and Hill. PLLC,1
RUSSELL C STILL,1
Russell D Cook,2
RUSSELL D COOK,1
Russell Dean Clark LLC,1
Russell Hodgdon Samaha; PA,1
RUSSELL J GOLDSMITH,1
RUSSELL L BOWLING,1
RUSSELL L POTTER,1
Russell M Barnett & Assoc LLC,1
"Russell M. Barnett & Associates, LLC",3
Russell N Flickinger,1
Russell R Bowling,9
RUSSELL R BOWLING,5
Russell S Gill,1
Russell S Gill Alsp,1
Russell S. Gill; P.L.L.C,1
Russell Smith Law Office,1
Russell's Law Firm,1
Russo & Graham,3
RUSSO & GRAHAM;SULLIVAN LAW FIRM LLC,1
RUSSO RUSSO & SLANIA PC,1
RUSSOMANNO BORELLO; P.A. TRT ACCOUNT,2
RUSSOMANNO BORRELLO PA,1
RUSTY HARDIN & ASSOCIATES,1
RUSTY HARDIN & ASSOCIATES LLP,2
RUSTY HARDINE & ASSOCIATES LLP,1
Rutgers School of Law,2
Ruth  Carter,1
RUTH  IRVIN,1
Ruth  Vogel,1
Ruth Ann  Azeredo,1
RUTH D WEISSMAN,1
RUTH E GANISTER,1
RUTH J IRVIN,1
Ruth K Irvin,1
RUTH K IRVIN,4
Rutkowski Law,1
Rutter Mills,7
Rutter Mills Attorneys at Law,1
Rutter Mills Attorneys At Law,1
Rutter Mills LLP,20
RUTTER MILLS LLP,1
RUTTER MILLS LLP;W E LUPTON,1
Rutter Mills; attorneys at law LLP,2
Rutter Mills; LLC,3
Rutter Mills; LLLP,1
Rutter Mills; LLP,35
RUTTER MILLS; LLP,12
Ruttermills; LLP,1
RUTTERMILLS; LLP,4
Rutzick Law Offices,1
RW ARMSTRONG IOLTA ACCOUNT,1
Ryals Law Firm,1
RYAN  ALEXANDER,1
RYAN  CUNNINGHAM,1
Ryan  Kaiser,1
Ryan  Krebs,1
RYAN  PERLIN;SALSBURY CLEMENTS BEKMAN MARDER & ADKINS,1
Ryan  Perno,1
RYAN  PERNO,1
Ryan  Schwartz,1
Ryan  Talbott,2
Ryan  Woodworth,1
RYAN  WOODWORTH,1
Ryan & Brown,3
Ryan & Brown LLP,1
Ryan & Brown P. A.,1
Ryan & Brown P.A,1
Ryan & Brown P.A.,10
RYAN & BROWN P.A.,2
Ryan & Brown P.A. IOLTA,1
RYAN & BROWN P.A. IOLTA,1
Ryan & Brown P.A.; Attorneys At Law,1
Ryan & Brown PA,4
Ryan & Brown PA Iolta,1
Ryan & Brown PA IOLTA,3
RYAN & BROWN PA IOLTA,1
Ryan & Brown; P.A.,15
RYAN & BROWN; P.A. IOLTA TRUST ACCT,1
Ryan & Brown; P.C.,1
Ryan & Brown; PA,5
Ryan & Kuehler PLLC,1
RYAN AND BROWN PA,1
RYAN AND BROWN; P.A.,2
Ryan and Brown; PA,1
Ryan B Kalashian,1
Ryan B Peck,1
Ryan Bisher Ryan & Simons,1
RYAN D KIRZNER,1
RYAN D. KIRZNER,1
Ryan Krebs; M.D.; J.D.,1
RYAN N LINDINGER,1
Ryan Paulus Law Firm,1
Ryan Turchik; P.C. IOLTA,1
RYAN UPTEGRAFT & MONTGOMERY INC PS,1
Ryberg & Happe; S.C.,1
Ryder & Associates,1
RYNEARSON SUESS SCHNURBUSH&CHAMPION ESQ,1
"Rywant, Alvarez, Jones, Russo & Guyton, P.A.",1
S D ROBERTS MOORE,1
S Kay  Dansby,2
S Perry  Penland Jr,1
S Randall  Sullivan,2
S. AFTAB  SHARIF,1
S. ALAN  COOK,1
S. CAITLIN  DOLAN,1
S. JEROME  LEVY,1
S. Malman & Assoc.,1
S. RANDALL  SULLIVAN,1
S.A.  Randle,1
S.A. Randle &  Associate PC,1
S.E. Farris Law Firm,1
S.R.  ANDERSON,1
SA Randle & Assoc,1
Saalfield Shad; P.A.,1
Saban and Solomon,2
Sabbeth Law PLLC,1
Sabri Sari,1
SABRINA  ACIEMO,1
Sabrina Martin,1
Sacchetta &  Falcone,1
Sacchetta & Baldino,2
Sacco & Fillas,1
Sacco & Fillas LLP,1
"Sacco & Fillas, LLP",1
SACCO & FILLAS; AS ATTORNEYS;TONINO  SACCO,1
Sacco & Fillas; LLP,1
Sachs Earnest &  Associates LTD,1
Sachs; Ernest and Associates,1
Sack and Chapin PC,1
Sackett & Associates,1
Sackett and  Associates,1
Sackett and Associates,8
Sackett and Associates APLC,1
Sacks & Sacks PC,1
Sacramento Municipal Utility District,3
Saddler Law,1
SAENZ & RODRIGUEZ,1
Safa V Hodges,1
SAFECO,1
Safeco Insurance,1
Saffren & Weinberg,1
Sagal Filbert Quasney & Betten PA,1
Sagal; Filbert; Quasney et al PA,1
Sage Law Offices,1
SAHER J MACARIUS,1
Sahhar Law Firm,1
Sailer Law Firm,2
"Saint Charles Law, LLC",7
Saint Charles Law; LLC,13
SAIONTZ & KIRK PA,2
Saiontz & Kirk; PA,1
SAIONTZ KIRK & MILES,1
Saiontz; Kirk & Miles; P.A.,1
SAKAI IWANAGA SUTTON LAW GROUP,1
Sakkas Cahn & Weiss LLP,2
Sal Indomenico; Sal Indomenico & Asso,1
Salamirad; Morrow; Timpane & Dunn; LLP,1
SALCH & ASSOCIATES PA,1
Salem Legal Services,1
Salenger Sack Kimmel & Bavaro LLP,1
Salenger; Sack; Kimmel & Bavaro LLP,1
Salenger; Sack; Kimmel & Bavaro; LLP,1
Salerno & Goldberg; P.C.,1
Salerno & Leavitt,1
Saller Lord Ernstberger & Insley,1
Saller; Lord; Ernstberger; & Insley,1
Sally A. Morris,1
SALLY J MAGNANI,1
"Salmanson Goldshaw, PC",1
Salomone and Morelli,1
"SALPETER GITKIN, LLP",1
Salsbury Clements Bekman & Adkins LLC,1
Salsbury Clements Bekman Marder &,2
SALSBURY CLEMENTS BEKMAN MARDER & ADKINS,1
Salsbury Sullivan LLC,1
SALTMAN & STEVENS PC,1
Saltman & Stevens; PC,3
Saltz Mongeluzzi & Bendesky PC,1
Saltz Mongeluzzi Barrett & Bendesky; PC,2
Saltz; Mongeluzzi; Barrett & Bendesky,4
Saltz;Mongeluzzi; Barrett & Bendesky,1
"Salus Disability, LLC",2
Salus Law,2
Salus Law PLLC,4
SALUS LAW PLLC,3
"Salus Law, PLLC",7
Salus Law; PLLC,16
SALVADOR M BROCATO,1
Salvatore  Montemagno,9
Salvatore Ciulla,3
Salvatore Giulla,1
Salvatore Guilla,1
Salvatore J DeSantis,1
Salvatore P Vito,1
Salvi Schostok & Pritchard PC,1
Salvi; Schostok & Pritchard,1
Salvino Padilla Attorney at Law,2
SALZMAN & WINER  LLP,1
SAM  CUBA,1
Sam  Nicholson,1
"Sam Aguiar Injury Lawyers, PLLC",1
Sam C Mitchell & Associates,1
Sam G Nicholson,1
Sam L Brannen,1
SAM L LEVINE,1
Sam M Coring,1
SAM M CORING,2
SAM Z GDANSKI,1
Samaine & Stipelcovich APLC,1
Samanie & Stipelcovich APLC,1
Samantha  Xander,3
SAMANTHA  XANDER,1
"Sammis Law Firm, P.A.",2
Samuel  Fishman,5
SAMUEL  FISHMAN,1
SAMUEL  SVALINA,1
Samuel D Harms,1
SAMUEL D HOUGH;THOMAS E LUEBBEN,1
Samuel D Ingham III,1
Samuel D Pratcher,1
Samuel F Furgiuele,3
SAMUEL F FURGIUELE,4
"Samuel F Furgiuele, Jr.",1
Samuel F Furgiuele; Jr.,3
Samuel Fishman Law Offices,1
Samuel G Oliver,1
Samuel Hirsch & Associates PC,1
SAMUEL HORNREICH ATTORNEY AT LAW,1
Samuel I Kane,1
"Samuel I. Kane, P.A.",1
Samuel I. Kane; P.A.,1
SAMUEL J EATON,1
SAMUEL J FORTIER,1
SAMUEL JEFFERSON  FRAZIER,1
SAMUEL L CAPPAS,1
SAMUEL M SHAPIRO; P.A.,1
Samuel M Spatzer,1
SAMUEL M YAFFA,1
"Samuel Ogbogu, Inc.",1
Samuel S Blaufeld,1
Samuel S Hansuld,1
San Carlos Apache Tribe,1
San Diego  Law Center,1
San Diego Employment Law Group,3
San J R Campos,1
SANBERG PHOENIX & VON GONTARD,1
SANCHEZ & PINON,1
Sanchez Law Group LLC,1
Sandberg Phoenix & von Gontard; PC,1
Sanderford and Carroll; P.C.,1
SANDERS & SANDERS,1
Sanders & Simpson PC,1
Sanders and Associates,1
Sanders Law Firm,1
Sanders Phillips Grossman Bullock PLLC,1
SANDERS SANDERS BLOCK WOYCIK VIENER &,1
Sanders Sanders Block Woycik Viener PC,1
Sanders Viener & Grossman LLP,1
"Sanders, Aronova, Grossman, Woycik, Viener and Kalant, PLLC",1
Sanders; Sanders; Block; Woycik;,1
SANDFORD  BETHUNE,1
Sandford Bethune,1
Sandijean  Fuson,1
SANDIJEAN  FUSON,1
Sandler & Marchesini PC,1
SANDMAN LEVY & PETRICH,2
SANDRA  GRANADOS,1
SANDRA  LAUREL,1
Sandra  Widlan,13
SANDRA  WIDLAN,20
SANDRA H HANSON,1
Sandra J Sheppard,1
Sandweg & Ager,2
Sandweg & Ager PC,4
Sandweg & Ager; PC,1
Sandy  McMath,1
SANFORD  KOWAL,1
Sanford Heisler Sharp LLP,1
Sanford W Harvey,1
SANGA  TURBULL;TR ACCT OF HARDAWAY TURNBULL LAW FIRM,1
Sanocki Newman & Turret LLP,1
Sanocki Newman & Turret; LLP,1
SANTANNA LAW OFFICES,1
Santiago E Juarez,1
SANTORIELLA DITOMASO PC,1
Santoro & Santoro,1
Sanyal Law Firm,1
Sanyal Law Firm; LLC,1
Sara  Betz,1
Sara  Bloom,1
Sara  Waldroup,6
SARA  WALDROUP,5
Sara B Farabow,1
Sara G Neill,1
Sara J Powell,1
Sara L Gabin,1
SARA L GABIN,1
Sara L. Gabin; P.C.,2
Sara L. Gabin; P.C.; Attorney at Law,2
Sara M Herr-Waldroup,2
SARA M HERR-WALDROUP,2
SARA M PETERS,1
Saracco Law,1
Sarah  Fort,1
SARAH  IRWIN,1
Sarah  Meeks,3
SARAH  MEEKS,2
SARAH  OKRZYNSK,1
Sarah  Schairbaum,1
Sarah  Schauerte,1
Sarah  Sullivan,3
Sarah A Bohr PA,3
Sarah D Cora,1
Sarah E Dranoff,1
SARAH E DRANOFF,2
Sarah E Lavoie,1
Sarah E Mueller,1
SARAH E WHITE,1
Sarah H Bohr,20
Sarah H. Bohr,3
Sarah L Dickey,1
Sargent Law APC,1
Sargent Law Firm,1
SARIOL LEGAL,1
Sarisohn Carner &DeVita,1
Sarkisian Sarkisian & Assoc.; PC,1
Sarkisian; Sarkisian & Associates P.C.,1
Sartain Law Offices,2
Sarwinder S Dhanjan,1
Sasscer; Clagett and Bucher,1
Sasscer; Claggett & Bucher,1
Sasser Law Firm,1
Sasser Law Firm; P.A.,1
Sasslau; Kohler & Simcox,1
Satcher Law Firm; PLLC,1
Satterfield Law Firm,1
SAUL  LANGSAM,1
SAUL  LANGSAM;SILVERS LANGSAM & WEITZMAN PC,1
"Saul Ewing, LLP",1
Saunders & Saunders,3
Saunders and Chabert Attorneys at Law,1
Saunders and Saunders,3
Saunders Law Group,1
Saunders Law Group PC,1
SAUTER - SULLIVAN LLC,1
Sauter Sullivan LLC,1
SAVAGE & TURNER IOLTA ACCOUNT,1
SAVAGE & TURNER IOLTA ACCT;[REDACTED FOR PRIVACY],1
Savage Law Firm,7
Savage Turner Durham Pinckney & Savage,1
SAVOCA JUSTICE LLC,1
SAWL LAW GROUP,1
Sawyer  Marglous,1
SAWYER & MYERBERG PA ESCROW ACCT,1
"Sawyer & Myerberg, P.A.",1
Sawyer Law Firm; LLC,1
Sayles Werbner PC IOLTA Trust Acct.,1
Sayre & Levitt; LLP,2
Sbarbaro Law Offices LLC,1
SC TRUST ACCOUNT;VICTOR  HARDING;WARSHAFSKY ROTTER TARNOFF & BLOCH,1
SCACCIA & ASSOCIATES,1
SCACCIA & ASSOCIATES LLC,1
SCALE LLP,1
"Scale, LLP",1
SCANA Company,1
SCANA Corporation,8
SCANES YELVERTON TALBERT; LLP,1
Scanlon & Wojton,1
"Scanlon & Wojton, LLC",2
Scanlon & Wojton; LLC,1
SCARTELLI DISTASIO & KOWALSKI PC,1
SCARTELLI OLSZEWSKI PC,1
Schachter; Hendy & Johnson PSC,1
Schackow & Mercadante; P.A.,1
SCHADEN KATZMAN LAMPERT & McCLUNE,1
SCHADEN KATZMAN LAMPERT & MCCLUNE,1
SCHAEN LAW OFFICE,1
Schall & Barasch LLC,1
Scharmer Law,2
"Schatz & Steinberg, PC",1
"Schatz, Steinbert & Klayman",1
Schauermann Thayer,3
Schechter McElwee Shaffer & Harris,4
SCHECHTER MCELWEE SHAFFER & HARRIS LLP,1
Schechter; McElwee; Shaffer & Harris LLP,1
SCHECHTER; MCELWEE; SHAFFER & HARRIS LLP,1
Schecter McElwee  & Harris LLP,1
Scheid Cleveland LLC,1
Schell & Bobonis Zequiera Legal Services,1
SCHELL & BOBONIS-ZEQUEIRA,1
Schell Law Office,4
Scherer & Associates PLLC,1
SCHERFFIUS BALLARD STILL & AYRES LLP;TAMARA M AYERS,1
Scherr & Legate,1
SCHERR & LEGATE PC;VICTOR J BIEGANOWSKI,1
Scherr & Legate PLLC,8
SCHERR & LEGATE PLLC,5
SCHERR & LEGATE; PLLC,2
Scherr & Legate; PLLC; Attorneys at Law,1
Scherr Legate,1
Scherr Legate PLLC,1
Scherwin Law Firm,1
Scheveck & Salminen Law Office; PLLC,1
Schey and Holguin,1
Schiff & Associates CO,1
Schiff & Associates Co.; L.P.A.,1
Schiff & Associates Co.; LPA,1
SCHIFF & HULBERT,1
Schiff Hardin LLP,1
Schiffer Hicks & Johnson PLLC,1
Schiffman Firm; LLC,2
Schiffman Law,34
Schiffman Law Office,2
SCHIFFMAN LAW OFFICE,1
Schiffman Law Office P.C.,4
"Schiffman Law Office, P.C.",4
Schiffman Law Offices,1
Schiffman Puig; P.C.,1
Schiller Law Offices,2
Schiller Law/Jennifer Schiller LLC,1
Schlather; Stumbar; Parks and Salk; LLP,1
SCHLEHOFER LAW OFFICES TRUST ACCOUNT,1
Schleicher Law Firm,1
SCHLEICHER LAW FIRM,1
"Schleicher Law Firm, PLLC",1
Schleicher Law Firm; PLLC,3
Schleier Law Offices; P.C.,1
SCHLESINGER &  DEVILLENUVE,1
SCHLESINGER SCHLESINGER & SOMMO LLC,1
SCHLOSSER JOZWIAK & SOMERVILLE,1
Schlueter Law Firm; PC,1
Schmidt & Copeland,1
"Schmidt Kramer, P.C.",1
Schmidt Sethi & Akmajian,1
Schmidt; Kirby & Sullivan,4
Schmidt; Kirby & Sullivan; P.C.,1
Schmitt Law Firm,1
Schmittinger & Rodriguez; P. A.,1
Schnader Harrison Segal & Lewis; LLP,1
SCHNEIDER & LALIKOS LLP,1
Schneider & Onofry,2
Schneider & Onofry; PC,1
Schneider Hammers; LLC,1
Schneider Kerr & Robichaux,8
Schneider Kerr & Robiehaux,1
Schneider Kerr Law Offices,1
Schneider Law,1
Schneider Rothman,2
Schneider Rothman Intellectual,1
Schneider; Kerr & Robichaux,1
Schnonbrun Seplow Harris & Hoffman LLP,1
"Schochor and Staton, P.A.",1
Schoech Law Group,1
Schoenwald & Thompson,1
SCHOETER GOLDMARK & BENDER,1
Scholle Law,1
SCHONBERG LAW OFFICES,1
Schonberg Law Offices Hudson Valley PC,1
Schonbrun Seplow Harris & Hoffman,1
Schonbrun Seplow Harris & Hoffman LLP,2
Schonbrun; Seplow; Harris & Hoffman,1
Schonbrun; Seplow; Harris and Hoffman,1
"Schoone, Leuck, Kelley, Pitts & Pitts, S.C.",1
Schoonover & Moriarty LLC,2
SCHORR LAW  FIRM P.C.,1
Schott Mauss and Associates; P.C.,1
Schott Mauss and Associates; PC,1
Schreiber Knockaert; PLLC,2
Schroeder; Maundrell; Barbiere & Powers,1
Schroeter  Goldmark & Bender,1
Schroeter Goldmark & Bender,5
SCHROETER GOLDMARK & BENDER,3
Schroeter Goldmark & Bender; PS,1
SCHROETER GOLDMARK AND BENDER,1
Schroeter; Goldmark  & Bender,1
Schroeter; Goldmark & Bender,3
SCHROETER; GOLDMARK & BENDER,1
Schroth Schroth & Madigan,1
Schroth; Schroth & Madigan,1
Schubert Johckheer & Kolbe LLP,1
Schubert Jonekheer & Kolbe LLP,2
Schuler Halvorson Weisser et al,1
Schuler Halvorson Weisser Zoeller,1
Schuler Halvorson Weisser Zoeller & Over,2
"Schuler, Weisser, Zoeller, Overbeck",1
"Schuler, Weisser, Zoeller, Overbeck & Baxter, P.A.",1
Schuler; Halvorson,1
SCHULER; HALVORSON &  WEISSER; PA TRUST,1
Schuler; Halvorson; Weisser; Zoelle,1
Schuler; Havlorsen; Weisser; and Zoeller,1
Schulman & Kaufman,1
Schultz & Associates LLP,1
Schultz & Myers,1
Schultz & Trombly; P.C.,2
Schultz & Trombly; PLLC,1
"Schultz Law Group, APC",1
Schultz Law Group; PC,1
SCHUSTER JACHETTI; LLP,1
SCHWARTS; GOLDSTONE; CAMPISI; LLP,1
Schwartz - Roller,1
Schwartz & Associates,1
SCHWARTZ & ASSOCIATES,1
Schwartz & Associates PA,3
Schwartz & Associates; P. A.,1
Schwartz & Associates; P.A.,3
SCHWARTZ LAW FIRM,1
Schwartz Roller LLP,1
Schwartz Roller LLP Trust Account,1
Schwartzapfel  Truhowsky Marcus Sachs,1
Schwartzapfel Lawyers,1
Schwartzapfel Lawyers PC,1
Schwartzapfel Lawyers; P.C.,1
SCHWARTZAPFEL TRUHOWSKY MARCUS; P.C.,1
Schwebel Goetz and Sieben,1
Schwebel; Goetz; and Sieben,1
Schwed; Adams & McGinley,1
Schwed; Adams; Sobel & McGinley,2
Schwed; Adams; Sobel & McGinley PA,1
Schweigert; Klemin & McBride; P.C.,1
Schwendler Doolittle Law Group; PLLC,1
SCIANO TINSMAN & SCIANO INC,1
Sciretta & Venterina; LLP,1
Scolinos; Sheldon & Nevell,1
SCOLINOS; SHELDON & NEVELL,1
SCOT  STUART BROWER,1
Scot G Miller,1
SCOTT  BLAIR,1
SCOTT  BORG,1
Scott  DeSalvo,1
Scott  Gould,4
SCOTT  HEIMBERG,1
SCOTT  HENRIE;  KASTNER,1
SCOTT  HORNGREN,1
SCOTT  MORRO,2
Scott  Murphy,1
Scott  Reddock,1
Scott  Sartin,1
SCOTT  VASQUEZ,1
Scott & Scott; Professional Assocation,1
SCOTT A BARBOUR,1
SCOTT A BOWLING,1
Scott A Faultless,1
SCOTT A FAULTLESS,1
SCOTT A PRYOR,1
Scott A Stefanski,1
Scott B Bennett,2
Scott B Dormer,1
Scott B Elkind,6
SCOTT B ELKIND,4
SCOTT B ELKINS,1
SCOTT B GOLDIE,1
Scott C. Harris,1
Scott D Desind,2
SCOTT D GLASSMITH,1
Scott D Pollock & Associates PC,1
Scott D. Hughes; APLC,1
Scott E Borg,2
SCOTT E BORG,2
SCOTT E SILBERT,2
SCOTT F VOORHEES,1
SCOTT G GOWEN,1
Scott G Reddock,1
Scott Holmes Esq,1
SCOTT J ROTHENBERG,1
Scott J Senft,1
SCOTT J SENFT,1
"Scott Jay Senft, LLC",1
SCOTT K KAWAMURA,1
Scott L Davis,5
SCOTT L JOHNSON,1
Scott M Blumen Attorney at Law,1
SCOTT M MISHKIN,1
Scott M. Schlegel; Attorney,1
SCOTT MICHAEL  MISHKIN,1
Scott N Bergman,1
Scott N Bergman Law Offices,1
Scott Pollock & Associates,1
Scott R Goldstein,1
SCOTT R McMILLAN,1
Scott R McMillen,1
Scott S Harris,1
Scott S Kang,1
SCOTT T MCCULLOUGH,1
Scott Trial Lawyers APC,1
Scott Trial Lawyers; APC,1
SCOTT V. WHITLOW; P.C.,1
SCOTT W CHRISTENSEN,1
Scott W Williams,1
Scott Warrick Employment Law Services,1
SCOTT WEBRE APLC IOLTA TR ACCT,1
Scott;Scott;Scott,1
Scranton Law Firm,1
SCRANTON LAW FIRM,2
SCREVEN MARC LLC,1
Scriven Law Offices,1
Scura Wigfield Heyer & Stevens,1
SCV Law Firm,2
SD Advocacy Service,1
SE Farris Law Firm,2
SEACAT & SEACAT,2
Seacat & Seacat Attorneys at Law,1
Sean  Burke,1
SEAN  CLEARY,1
Sean  Day,7
SEAN  KENDALL,1
Sean  O'Meara,1
Sean  Sobel,1
SEAN A CASEY,1
Sean A Dolan,1
Sean B Cronin,2
SEAN B CRONIN,1
Sean E Judge,1
SEAN K CLAGGET,1
SEAN P HENNICK,1
Sean P Pilliard,1
Sean R Day,1
Sean Riddell,1
Sean S Sobel,1
SEAN T MALONE,1
Sean T O'Meara,2
SEAN W O'SHEA,1
Seanna R Brown,1
Seaport Law Group; LLP,1
Searcy Denney Scarola Barnhart & Shipley,1
Searcy Denny Scarola Barnhart & Shipley,1
Sears Injury Law,2
SEARS INJURY LAW,1
Seattle Law Offices of Michael E. Mazon,1
Seattle Service Bureau,1
Sebastien Lheureux,1
Seckar Law Office,1
Second Look,5
"Second Look AS, LLC",1
Second Look Inc,2
Second Look Inc.,7
Second Look Subrogation Inc,1
Second Look Subrogration,1
"Second Look, Inc",1
"SECOND LOOK, INC",1
"Second Look, Inc.",3
Second Look; Inc,1
Second Look; Inc.,1
SECOND LOOK; INC.,1
Sedgewick Claims Management Services,1
Sedgwick,2
Sedgwick  CMS (Claims Mngmnt Srvc),1
Sedgwick Claims,1
Sedgwick Claims Management,1
Sedgwick Claims Management Services,4
Sedgwick Claims Management Services Inc,1
Sedgwick Claims Mgmt. Services Inc,2
Sedgwick CMS,8
Sedor; Wendlandt; Evans & Filippi; LLC,1
Sedwick Claims Management Services,1
SedwickLaw; P.C.,1
Seelig Law Office LLC,1
Seelig Law Office; LLC,1
Seelig Law Offices,10
Seelig Law Offices LLC,6
"Seelig Law Offices, LLC",3
Seelig Law Offices; LLC,32
Seener & Seener Esqs,1
SEEWALD MIELNICKI & PETRO; LLP,1
Segal Law Offices PC,1
Segal Law Offices; PC,1
Segal McCambridge Singer & Mahoney,2
SEGAL ROTHMAN LLP,1
SEGEL & MARMELSTEIN P.C.,1
Sehat Law Firm; PLC,1
Seiden Law Group; P.C.,1
Seidlitz Law Offce,1
Seidlitz Law Office,33
SEIDLITZ LAW OFFICE,2
SEIDMAN MARGULIS & FAIRMAN LLP,1
Seidman; Margulis & Fairman; LLP,1
Seiller Waterman LLC,1
Seiller Waterman; LLC,1
Selarz & Sarbaz LLP,1
Selarz Law Corporation,1
Selas Archipel,3
SELAS ARCHIPEL,1
Selbach Law Office,1
Selbach Law Office; PC,1
Selbach Law offices PC,1
Selbach Law Offices PC,1
Selbach Law Offices; P.C.,1
Selbach Law Offices; PC,1
Seldon Boffinger & Assoc.,1
Seldon Bofinger & Assoc. PC,1
Seldon Bofinger & Assoc.; P.C.,1
"Seldon Bofinger & Associated, PC",1
"Seldon Bofinger & Associates, P.C.",1
Seldon Bofinger & Associates; P.C.,2
Seldon Bofinger & Associates; PC,2
Selective Fire and Casualty Insurance Company,1
Seledee Law Group LLC,1
Seledee Law Group; LLC,3
Sellers & Associates PLLC,1
Sellers Ayers Dorich and Lyons PC,1
"Sellers, Ayers, Dortch & Lyons, PA",1
Sellers; Ayers; Dortch & Lyons; P.A.,2
Sellers; Ayers; Dortvch & Lyons; PA,1
Sellitti; Nogay & McCune; P.L.L.C.,1
Sellitti; Nogay & Nogay,1
Selvino  Padilla,2
SELVINO PADILLA,1
SEMMES BOWEN & SEMMES,1
Semple & Eicher Co. LPA,1
Senn Legal; LLC,1
Sequoia Financial Services,4
SEQUOIA FINANCIAL SERVICES,2
Sequoia Financial Svc,1
Sera H Russell,2
Serafini & Serafini,1
"Serafini, Michalowski, Derkacz & Assoc.",1
Serge A Arsianian,1
Sergio Alejandro  Alonso Colexcua,2
SERGIO LOZANO ATTORNEY AT LAW,1
Serpe; Andree & Kaufman,1
SERPICO PETROSINO & DIPERO LTD,1
Sessums Dallas PLLC,1
Sessums Dallas; PLLC,1
SESSUMS; DALLAS & MORRISON PLLC,1
Seth  Johnson,1
SETH  KRETZER,1
Seth  Thompson,2
SETH  THOMPSON,1
SETH LOVIS & CO.,1
Seth Schofield,2
SETH W POUNDS,1
Setliff Law PC,1
SEVAK  MAGUMVAN,1
SEVERANCE BURKO & SPALTER P.C.,1
Severance Burko & Spalter PC,1
SEVERANCE BURKO & SPALTER PC,1
Severance Burko & Spalter; P.C.,1
Severance Burko Spalter & Masone PC,3
Severance Burko Spalter Masone,3
Severance Burko Spalter Masone P.C.,5
Severance Burko Spalter Masone PC,17
"Severance Burko Spalter Masone, P.C.",1
Severance Burko Spalter Masone; P.C.,2
"Severance, Burko & Spalter, P.C.",3
"Severance, Burko & Spalter, P.C.,",1
"Severance, Burko, Spalter, Masone, P.C.",3
Severance; Burko & Spalter,1
Severance; Burko & Spalter; P.C.,7
Severance; Burko; & Spalter; P.C.,1
Severance; Burko; Spalter & Masone PC,1
Severance; Burko; Spalter & Masone; P.C.,1
Severance; Burko; Spalter; Masone,1
Severence; Burko; Spalter PC,1
SEVERIANO  RODARTE,2
Severiano A Rodarte,4
SEVERIANO A RODARTE,1
Seward Tally & Piggott PC,1
Seyfarth Shaw LLP,4
SF Subro IQ,1
Sgro and Roger Attorneys at Law,1
SGRO Hanrahan Durr and Rabin,2
Sgro; Hanrahan; Durr; Rabin; & Bruce LLP,1
Shadoan Michael & Wells LLP,1
Shadoan; Michael & Wells; LLP,1
Shadowitz & Associates,1
Shaffer & Gonor Law Offices,1
Shaffer & Shaffer; PLLC,1
Shah Law Group; P.C.,1
Shahab  Shamsi,1
Shaheen & Gordon PA,3
Shakeshaft and Gorman Law Firm LLP,1
Shakeshaft Law Firm,1
SHAKETTA  DENSON,1
Shambaugh; Kast; Beck & Williams; LLP,1
Shamberg Johnson & Bergman,3
Shamberg Johnson Bergman Chtd,2
Shamberg; Johnson & Bergman,1
Shamberg; Johnson & Bergman; Chtd.,1
SHAMIEH LAW; PLLC,1
Shamp Jordan & Woodward LLC,1
Shamp Jordan Woodward,1
Shamp Jordan Woodward LLC,1
"Shamp Silk, LLC",1
Shanan  Queen,1
SHANE  McLAUGHLIN,1
Shane  Swindle,1
SHANE C SIDEBOTTOM ATTORNEY AT LAW;WOLNITZEK & ROWEKAMP,1
SHANE C SIDEBOTTOM;WOLNITZEK & ROWEKAMP PSC,1
Shane Law,1
Shane Smith Law,1
SHANE SMITH LAW,1
Shankin & Associates,1
Shannon & Wright LLP,1
Shannon L Goessling,1
Shanny J Lee,10
SHANNY J LEE,1
"Shapero & Roloff Co., L.P.A",1
Shapero & Roloff Co.; L.P.A.,1
Shapiro & Appleton; PC,1
Shapiro & Sternlieb LLC,1
SHAPIRO BETTINGER CHASE LLP; TRUST ACCT,1
Shapiro Injury Group; P. A.,1
SHARIF & ASSOCIATES,1
Sharif & Associates PC,1
SHARIF & ASSOCIATES PC,1
Sharmine  Persaud,8
SHARMINE  PERSAUD,4
Sharon  Gornstein,6
SHARON  GORNSTEIN,1
SHARON  HORNER,1
Sharon  Maynard,2
SHARON  MAYNARD,9
Sharon  Maynard;Wendy  Ramsay,1
Sharon  Sigman,1
SHARON  WILSON,1
SHARON E  HAKIM,1
"Sharon Horner & Associates, PLC",1
Sharon J Meyers,25
SHARON J MEYERS,6
Sharon M Barrett,5
Sharon N Horner & Assoc PLC,1
"Sharon N. Horner & Associates, PLC",1
Sharon N. Horner & Associates; P.L.C,1
Sharon N. Horner & Associates; PLC,3
Sharon R Newlon,1
SHARONA  ESLAMBOLY HAKIM,1
Sharp Law Firm; P.A.,2
SHARP LAW FIRM; P.A.,1
Shatz Law Group PLLC,1
Shaub Ahmuty Citrin & Spratt LLP,1
Shaughnessy & McDonald,1
SHAUN  HUPPERT,1
Shaun M Rose,1
Shaunna R Jammal,1
Shaw & Shaw PC,1
Shaw and Hanover; PC,1
Shaw Cowart LLP,2
"Shaw Cowart, L.L.P.",1
Shaw Cowart; LLP,1
Shawn  Frank,3
Shawn A Luiz,1
SHAWN A WARNER;WARNER LAW OFFICE (CLIENT TRUST),1
Shawn C Reed,1
Shawn Council LLC,1
SHAWN P MULLIGAN,1
Shawn S. Chalich; Attorney at Law,1
Shawn Steel Law Firm,1
Shawne E Caine,1
Shaye  Mann,1
Shea  Fugate,1
SHEA & SHEA,1
Shea A Fugate,16
SHEA A FUGATE,4
Shea Disability,4
Shea Disability Litigation,3
Shea Law Office LLC,4
SHEARMAN & STERLING,2
Sheck Yosif  Yazid,1
"Sheehan and Ramsey, PLLC",1
SHEFSKY & FROELICH; LTD,1
Shegerian and Associates,1
Shegerian and Associates Inc;Wootton Law Group LLP,3
Shegerian and Associates Inc.,1
Sheila  Dennis,1
Sheila Beasley Law Office,1
Sheila Campbell Law,1
Sheila F Campbell,3
SHEILA F CAMPBELL,1
Sheila F. Campbell Law Firm,1
Shelby  Burnett,1
SHELDON J MILLER,1
SHELI  FULCHER-KOONTZ,1
Shelley  Davidson,5
SHELLEY  DAVIDSON,4
Shellist Lazarz Slobin LLP,2
Shelly Leeke Law Firm,5
Shelly Leeke Law Firm  Mitc,1
Shelly Leeke Law Firm LLC,1
Shelly Leeke Law Firm; LLC,3
Shelton Davis PLLC,1
SHELTON LAW FIRM TRUST ACC'T,1
Shelton Law Group,1
Shemp Speed Jordan & Woodward,1
Shenderovich Shenderovich & Fishman,1
SHENDEROVICH; SHENDEROVICH & FISHMAN,1
Shepard; Plunkett; Hamilton & Boudreaux,2
SHEPERD; LAYJA; DOOLIN,1
Sheppard; Mullin; Richter & Hampton LLP,1
SHEPPARD; MULLIN; RICHTER & HAMPTON LLP,1
Sher Edling LLP,5
"Sher Tremonte, LLP",1
"Sheridan and Rund, PC Kahroba",1
SHERIFF K SAKLA;STEPHANIE C REUTHER,1
SHERMAN & HOWARD LLC,1
Sherman & Howard; LLC,1
Sherman & Sherman,1
SHERMAN & SHERMAN TRUST ACCOUNT,1
Sherman & Stearling,1
Sherman and Sherman,1
Sherman Law PLLC,1
SHERRARD; GERMAN & KELLY; PC,1
SHERRI  ALLEN,2
Sherrill P Cline,1
Sherris Legal; P.A.,2
SHERRY  MCKEEL,1
SHERRY D DEJANES,1
SHERWIN  SCHREIER,1
Sherwood  Reese,1
SHERWOOD AND MCCORMICK,1
Sherwood J Reese,5
Sherwood Law Firm,1
Sheryl  Gandel Mazur,4
SHERYL  GANDEL MAZUR,2
Sheryl G Mazur,9
SHERYL G MAZUR,3
Sheryl Gandel Mazur; P.C.,11
Sheryl Gander Mazur; P.C.,1
Shevin Law Firm PLLC,1
"Shevin Law Firm, PLLC",1
Shewmaker & Shewmaker,1
Shield Global Partners,1
Shield Global Partners - T1,1
Shield Global Partners G1,1
Shield Global Partners LLC,1
Shield Law Group; P.A.,1
SHIFFERMILLER LAW OFFICE,1
SHIFFERMILLER LAW OFFICE PC LLO,1
Shiller Preyar Law Office,1
Shim & Chang,2
SHIM AND CHANG AAL ALC,1
Shine Law Firm,1
Shine Law Firm LLC,1
Shipman & Wright LLP,1
SHIRLEY  BLUHM,1
SHIRLEY BLUHM LLC,1
SHIRLEY L BLUHM,1
SHIVELY LAW OFFICES PC,1
"Shiver, Hamiliton, Campbell, LLC",1
Shlesinger & de Villeneuve Attorneys; PC,1
Shlesinger & deVilleneuve,1
SHLESINGER & DEVILLENEUVE,1
Shlesinger & deVilleneuve Attorneys,1
SHLESINGER & DEVILLENEUVE; PC,1
Shlomit Guterman-Kaspi,2
Shollenberger; Januzzi & Wolfe; LLP,1
Shook & Stone Chtd,1
Shook & Stone CHTD,1
Shook Hardy & Bacon LLP,6
SHOOK HARDY & BACON LLP,1
Shook Hardy & Bacon; LLP,1
"Shook, Hardy & Bacon L.L.P.",9
SHOSHANA  PAHOWIC,1
Shoshana  Pehowic,3
SHOSHANA  PEHOWIC,2
Shoshana  Perhowic,1
SHOSHANA K PEHOWIC,1
Shoshana R Pehowic,3
SHOSHANA R PEHOWIC,21
SHOSHANNA  PEHOWIC,1
Shoshanna R Pehowic,5
Shrader & Associates LLP,1
"Shrader & Associates, LLP",2
Shrager & Sachs,1
SHRIVELY LAW OFFICES PC LLO,1
SHROEDER MAUNDRELL BARBIERE & POWERS,1
Shulman and Hill,1
Shulman Rogers,8
Shulman Rogers Gandal Pordy (SPAN),1
Shulman Rogers Gandal Pordy & Ecker,1
Shulman Rogers Gandal Pordy & Ecker PA,8
Shulman Rogers Gandal Pordy & Ecker; PA,2
Shulman Rogers Gandal Prody Ecker,1
Shulman Rogers Gandal Purdy & Ecker,1
SHULMAN ROGERS GANDAZ PORDY ECKER,1
Shulman Rogers P.A.,1
Shulman; Rogers; Gandal; Pordy & Ecker,3
SHULMAN; ROGERS; GANDAL; PORDY & ECRER,1
Shulman; Rogers; Gandal; Pordy; & Ecker,1
SHULMAN;ROGERS; GRANDAL; PORDY & ECKER,1
Shuman; McCuskey & Slicer; PLLC,2
SHUMATE FLAHERTY EUBANKS AND BAECHTOLD,1
Shumsky & Backman,7
"Shumsky & Barkman, PLLC",1
Shunnarah Injury Lawyers,1
shunnarah injury lawyers pc,1
Shunnarah Injury Lawyers PC,1
"Shunnarah Injury Lawyers, PC",1
Shunnarah Injury Lawyers; PC,1
Shunnarah Injury PC,1
"Shute, Mihaly & Weinberger LLP",1
Shute; Mihaly & Weinberger LLP,1
SHUTTLEWORTH LAW FIRM,1
Shuttleworth Ruloff Swain Haddad,1
Shuttleworth Ruloff Swain Haddad et al,1
SHUTTLEWORTH RULOFF SWAIN HADDAD; ETC,1
SHUTTS & BOWEN OPERATING ACCT,1
Sibbernsen & Stigenz PC,2
SIBBERNSEN & STRIGENZ PC,2
SIBBERNSEN & STRIGENZ; P.C.,1
SIBBERNSEN & STRIGENZ; P.C. TRUST ACCT,1
Sibbernsen Law Firm,3
SIBBERNSEN STRIGENZ & SIBBERNSEN,1
Sibbernsen; Strigenz; & Sibbernsen; P.C.,2
Sibbernsen; Stringenz & Sibbernsen,1
Sibyl  Bomer,1
SICILIANO MYCHALOWYCH & VAN DUSEN,1
Sickels; Frei & Mims P.C.,1
Sickels; Frei; & Mims; LLP,1
Sidley Austin LLP,26
Sidley Austin LLP;Stewart Wald LLP,1
Sidley Austin; LLP,2
Sidley Austin;Steward; Wald,1
SIDNEY  AUSTIN LLP,1
SIDNEY  GOROVITZ,1
Sidney  Schupak,1
Sidney Austin LLP,1
SIDNEY L. GOLD & ASSOCIATES PC,1
Sidney L. Gold & Associates; P.C.,2
"Sidonia Cellai, Chiara Conti",3
Sieben  Carey,1
Sieben Carey LTD,1
SIEBEN CAREY; LTD,1
Siebert & Johnson,1
SIEBERT & JOHNSON,1
SIEBERT & JOHNSON; PLLC ESCROW ACCOUNT,1
Siegel & Coonerty LLP,1
SIEGEL & SIEGEL PC,1
Siegel Brill PA,1
Siegel Brill; P.A.,1
Siegel Brill; PA; Attoreys at Law,1
"Siegel, Yee, Brunner & Mehta",3
Siegfried &  Jensen Trust Account,1
Siegfried & Jensen,2
Siegfried and Jensen,2
Sierra Club,1
Sierra Club Environmental Law,1
Sigelman & Associates,1
SILBERBLATT MERMELSTEIN,1
Silberblatt Mermelstein PC,1
Silberstein; Awad & Miklos; P.C.,1
SILBERT & GARON LLP,1
Silbert & Garon; L.L.P.,2
SILBERT GARON PITRE & FRIEDMAN LLP,1
Silbert; Garon; Pitre; & Friedman,1
Silbiger & Silbiger,1
Silva Injury Law Inc,1
Silvana  Mollica,2
SILVER  KOLKER,1
Silver & Archibald LLP,1
Silver & Silver,16
SILVER & SILVER,1
Silver Kolker LLP,1
SILVERMAN LAW FIRM LC,1
Silverman Law Office,1
Silverman McDonald & Friedman,1
"Silverman Thompson Slutkin White, LLC",1
Silverman; Trotman & Schneider,1
Silverstein Wolf,1
Silverstein; Silverstein & Silverstein,1
Silverthorne Attorneys,1
SILVERTHORNE ATTORNEYS,1
Sima Aghai Law Offices,2
Simeone & Miller,1
Simeone & Miller LLP,2
SIMEONE & MILLER LLP,1
Simeone & Miller; LLP,3
SIMEONE & MILLER; LLP,1
Simmons Hanly Conroy,4
Simmons Law Firm,1
SIMMONS MORRIS & CARROLL IOLTA,1
Simmons Perrine Moyer Bergman PLC,2
Simmons Perrine Moyer Bergmann PLC.,1
Simmons; Perrine; Moyer; Bergman PLC,1
Simms Showers LLP,1
SIMON  FINLOW,1
SIMON  KAMPWERTH,1
SIMON  RAMONE,1
Simon & McClosky Ltd,1
Simon & McClosky; LTD,1
SIMON & SIMON,1
Simon & Simon P.C.,1
Simon & Simon PC,3
SIMON B LANDSBERG,1
Simon Law Firm; P.C.,1
Simona  Siotto,1
Simonian and Simonian; APLC,1
Simons & Wiskin,1
Simpson and Deardorff; S.C.,1
SIMPSON KOPLER & EDWARDS LLC,1
Simpson Law,1
"Simpson Law Firm, LLC",1
Simpson Law Firm; Prof. LLC,1
Simpson Thacher & Bartlett LLP,1
Sinclitico & Burns; APLC,1
Singer Hoffman LLC,1
SINGLETON & ASSOCIATES CLIENT TRUST,1
Singleton Law Firm,2
Singleton Law Firm APC,1
Singleton Law Firm; APC,1
"Singleton Schreiber, LLP",2
Sink Law Firm,1
SINKO ZIMMERMAN; LLC,1
Sinnitt Law Firm; Inc.; P.S.,1
Sirhall Law,1
Siri & Glimstad LLP,1
Siskind & Siskind; LLC,1
Sitlinger; McGlincy & Theiler,1
Sixto & Associates: Clearwater Legal CT,1
Skaar Law,1
Skadden Arps Slate Meagher & Flom LLP,1
"Skadden, Arps, Slate, Meagher & Flom LLP",1
Skadden; Arps; Slate; Meagher & Flom LLP,2
SKAMBIS & SKAMBIS,1
Skapik Law Group,1
Skaug Law PC,1
SKEDSVOLD; WHITE AND WESLEY; LLC,1
SKEEN & KAUFFMAN LLP,2
Skelton & Stevens Legal Group; Pllc,1
SKIP  DUROCHER,3
Skipper Law LLC,1
Sklare Law Group,1
Sklare Law Group LTD,1
Sklute & Associates,1
Skolnick & Rosenthal,1
SKOLROOD LAW FIRM PC,1
Skousen Gulbrandsen & Patience PLC,1
SKOUSEN GULBRANDSEN & PATIENCE PLC,1
Skupin & Lucas PC,1
SKUPIN & LUCAS PC,1
"Skupin and Lucas, P.C.",3
Skye  Mathieson,1
SLACK AND DAVIS LLP; IOLTA ACCT,1
Slack Davis Sanger,1
Slack-Mendez Law,4
Slack-Mendez Law Firm,1
Slagle & Finney,2
"Slappey and Sadd, LLC",1
Slater & Zurz; LLP,1
Slater Slater Schulman,3
Slater Slater Schulman LLP,25
"Slater Slater Schulman, LLP",4
"Slater, Slater, Schulman",1
Slatter Law Firm,3
Slaughter & Lupton Law,1
Slaughter and Lupton Law,1
Slaughter Law PLLC,1
Slaven Law Group,2
Slaven; Snyder & Wise,1
Slavic Legal Assistance Group,1
Slavin and Slavin; Esqs.,1
Slavin; Stauffacher & Scott; LLC,1
Slepian Law Office,8
Slepian Smith,1
Slerkin Sinclair & Mahfouz LLP,1
SLH Law PLLC,1
SLINKMAN AND SLINKMAN PA,1
Sloan  Law Firm PC,1
SLOAN EISENBARTH GLASSMAN MCENTIRE,1
SLOAN EISENBARTH GLASSMAN MCENTIRE &,1
Sloan Law Firm,2
"Sloan, Eisenbarth, Glassman,",1
SLOAN; EISENBARTH; GLASSMAN; McENTIRE,1
Sloane and Walsh; LLP,1
SLOAT & NICHOLSON PC,1
Slocumb Law Firm,8
SLOCUMB LAW FIRM,1
Slocumb Law Firm IOLTA,1
Slocumb Law Firm LLC,2
SLOCUMB LAW FIRM LLC,1
"Slocumb Law Firm, LLC",1
Slocumb Law Firm; LLC,5
SLUSKY & WALT,1
SLUSKY AND WALT PC,1
Smack and Associates,1
SMART & HARRIS;STEPHEN H HARRIS,1
SMART; CONNELL; CHILDERS & VERHULP,2
SMBGM LLC,1
Smeloff & Associates,1
SMITH & BEHLING,1
Smith & Cockett; Attorneys at Law,2
Smith & Crockett,4
SMITH & CROCKETT,2
Smith & Green,1
SMITH & KLEIN,1
SMITH & KLEIN;THOMAS H KLEIN,4
SMITH & LOWERY PLLC,1
Smith & Lowney PLLC,1
SMITH & LOWNEY PLLC,1
Smith & Lowney; PLLC,6
Smith & Parnell; LLC,1
Smith & Valentine Law,1
Smith Alston; PLC,3
Smith and Cockett,5
Smith and Lowney PLLC,1
Smith Anderson Blount Dorsett Mitchell,1
SMITH BUSH CLIENT TRUST ACCT,1
Smith Cashion & Orr; LLC,1
Smith Currie & Hancock LLP,6
SMITH CURRIE & HANCOCK LLP,1
Smith Currie and Oles LLP,1
Smith Currie Oles,1
Smith Currie Oles LLP,4
Smith Curry & Hancock;Smith Curry & Hanock,1
Smith Debnam,2
Smith Fila Law Firm,1
SMITH GRAHAM & CRUMP,1
Smith Himmelmann; AAL; ALC,1
SMITH HIMMELMANN; AAL; ALC,1
Smith Jordan; P.A.,1
SMITH JORDAN; P.A.,2
Smith Law  Office LLC;William J Smith,1
Smith Law Firm LLP,2
Smith Law Offices,2
Smith Law Offices APC,1
Smith Law Offices LLP,3
SMITH LAW OFFICES PA,1
Smith Law Offices; APC,1
Smith Law Offices; LLP,2
Smith Law; LLC,1
Smith Legal Group,1
Smith Marco P.C.,1
Smith Massey Brodie Thumond,1
Smith Massey Brodie Thumond Guynn Mayes,1
"Smith Mirabella Blake, LLC",1
Smith Mohlman Injury Law LLC,1
Smith Oblander & Meade; PC,1
Smith Pachter McWhorter PLC,5
SMITH PACHTER MCWHORTER PLC,2
SMITH VANTURE & BOGANI LLP,1
Smith Zitano Law Firm; LLP,1
Smith; Currie & Hancock LLP,6
Smith; Currie; & Hancock LLP,2
Smith; Graham; & Crump LLC,2
Smith; Massey; Brodie; Guynn & Mayes,1
Smith; Mohlman; Leroy; LLC,1
Smith; Pachter; et al.,1
Smith; Rolfes & Skavdahl; Co; LPA,1
SMITH;FISHER;MAAG;HOWARD & LLOYD PC,1
SmithMarco; P.C.,1
Smittick Law Firm,1
SMLPC Personal Injury,1
Smolen Law,2
"Smolen Law, PLLC",2
Smollen Law,5
Smouse and Mason; LLC,1
SMTIH & KLEIN,1
SMTIH & LOWNEY; PLLC,1
SMUD,1
Smythe Whitley LLC IOLTA,1
Snap-On SecureCorp,2
Snell & Wilmer LLP,4
SNELL & WILMER LLP,6
SNELL & WILMER; LLP,1
Snellgrove Langley Culpepper et al,1
SNIDER & ASSOCIATES ESCROW ACCOUNT,1
"Snider & Associates, LLC",75
Snider & Associates; LLC,59
Sniderman Law,1
Snowden Geffrard LLC,2
Snyder & Gonzalez; P.A.,1
Snyder Sarno D’Aniello Maceri & da Costa,1
"Sobel, Wade & Mapley",1
SOBO & SOBO LLP,1
Sobo & Sobo; LLP,1
Sobo & Sobo; LLP;Sobo and Sobo LLP,1
Social Justice Law Collective PL,1
Social Security Law Center,3
Social Security Law Center LLC,2
"Social Security Law Center, LLC",1
Social Security Law Center; LLC,3
Sodhi Spoont,1
Soffietti Johnson Teegen Argueta Bawcum,2
Sofiye Williams P.A.,1
Sokol & Associates,1
Sokol Larkin LLC,1
Sol  Rozen,1
Sol J Cohen,1
Solberg Law Firm,1
Solberg; Stewart; Miller,1
Solnick & Levin; LLC,1
Soloff & Zervanos,1
Soloff & Zervanos PC,1
SOLOFF & ZERVANOS PC,1
Soloff & Zervanos; P.C.,1
SOLOFF & ZERVANOS; PC,1
Soloff and Zervanos PC,1
SOLOMON & SOLOMON,1
Solomon Berschler Campbell & Thomas PC,1
"Solomon Law firm, PLLC",1
"Solomon Law Firm, PLLC",1
Solomon Law Firm; PLLC,1
Solomon Law Group,1
SOLOMON SULLIVAN ROMO & DURRETT,1
"Solomon, Maharaj & Kasimati, P.A.",2
Solomon; Maharaj & Kasimati; P.A.,1
Solow Law Group PLLC,1
Soloway Law Firm,2
SOLOWAY LAW FIRM,1
Somach Simmons & Dunn,1
Sommers Schwartz,2
SOMMERS SCHWARTZ IOLTA,3
Sommers Schwartz Law Offices,1
Sommers Schwartz PC,3
SOMMERS SCHWARTZ PC,1
"Sommers Schwartz, P.C.",2
"Sommers Schwartz, PC",1
SOMMERS SCHWARTZ; P.C.,1
SONIA B ALFARO DE LA VEGA,1
SONJA  THOMPSON,1
SONJA L DEYOE,1
Sonoksy Chambers Sachse Endreson & Perry,1
Sonosky Chambers LLP,1
SONOSKY CHAMBERS SACHS,1
SONOSKY CHAMBERS SACHSE & PERRY LLP,1
SONOSKY CHAMBERS SACHSE ENDERSON,1
SONOSKY CHAMBERS SACHSE ENDERSON PERRY,1
Sonosky Chambers Sachse Endreson,4
SONOSKY CHAMBERS SACHSE ENDRESON,2
SONOSKY CHAMBERS SACHSE ENDRESON &,1
Sonosky Chambers Sachse Endreson & Perry,30
SONOSKY CHAMBERS SACHSE ENDRESON & PERRY,12
Sonosky Chambers Sachse Endreson & Perry;Sonosky Chambers Sachse Miller & Monkman,1
Sonosky Chambers Sachse Endreson et al,1
Sonosky Chambers Sachse Endreson Perry,1
Sonosky Chambers Sachse et al,2
SONOSKY CHAMBERS SACHSE MILLER & MUNSON,2
"Sonosky, Chambers, Sachse, Miller & Monkman, LLP",1
Sonosky; Chamber; Sachse; Endreson &,1
SONOSKY; CHAMBERS; SACHSE,2
SONOSKY; CHAMBERS; SACHSE & ENDRESON,1
SONOSKY; CHAMBERS; SACHSE ENDRESON &,1
SONOSKY; CHAMBERS; SACHSE LLP,4
SONOSKY; CHAMBERS; SACHSE; ENDERSON,1
Sonosky; Chambers; Sachse; Endreson,4
SONOSKY; CHAMBERS; SACHSE; ENDRESON,8
SONOSKY; CHAMBERS; SACHSE; ENDRESON &,1
Sonosky; Chambers; Sachse; Enreson,3
SONOSKY; CHAMBERS; SACHSE; ENRESON,1
Sonosky; Chambers; Sachse; Et Al LLC,1
Sonosky; Chambers; Sachse; LLP,1
Sonosky; Chambers; Sachse; Miekle LLP,1
SONOSKY;CHAMBERS  SACHSE; ENDRESON & PERRY LLP,1
SONOSKY;CHAMBERS;SACHSE; ENDRESON,1
SONOSKY;CHAMBERS;SACHSE;ENDRESON & LLP,1
SONOSKY;CHAMBERS;SACHSE;ENDRESON & PERRY,1
Sonosky;Chambers;Sachse;Endreson&Perry,1
SONOSKY;CHAMERS;SACHSE;ENDRESON & LLP,1
SONYIA  BYRD,1
Sophie  Remouchamps,2
Sophie  Stolker,1
Sophrer & Dodd,1
Sophrer & Dodd; P.L.,1
Soraya Marisol  de Pena Pellerano,2
Soren Law Group; PA,1
Sorrell & Traube,1
Sortland Law Office PLLC,1
SOSSLAU & KOHLER,1
Sosslau and Kohler,1
SOSSLAU; KOHLER & SIMCOX,1
Sosslau; Kolher & Simcox,1
Soule Bradtke & Lambert,3
SOUTH DAKOTA ADVOCACY SERVICES,5
SOUTHBRIDGE LAW FIRM LLC,1
Southeastern Legal Services Corp,1
Southern Atlantic Law Group; PLLC.,1
Southern California Edison Company,1
Southern Environemental Law Center,1
Southern Environmental Law Center,6
Southern Institute for Medical & Legal,1
Southern Poverty Law Center,15
"Southern Poverty Law Center, Inc",1
Southworth PC,2
SOUTHWORTH PC,1
SOUTHWORTH PC IOLTA GEORGIA BAR FOUNDAT,1
Sovany Law Firm,1
Spagnoletti & Associates,2
Spagnolo & Hoeksema; LLC,1
Spangenberg Shibley & Liber,1
Spangenberg Shibley & Liber LLP,3
"Spangenberg, Shibley, & Liber, LLP",3
Spangler Jennings & Dougherty PC,1
SPANGLER JENNINGS & DOUGHERTY PC,1
Spar & Bernstein; P.C.,1
SPARTAN  RECOVERIES,1
Spartan Recoveries LLC,5
Spartan Recoveries; LLC,2
SPEAR & GREENFIELD; P.C.,1
Spear Greenfield,3
SPEAR GREENFIELD & RICHMAN PC,1
Spear Greenfield PC,1
SPEAR GREENFIELD RICHMAN & WEITZ PC,1
Spear Greenfield Richman Weitz & Taggart,1
SPEAR; GREENFIELD & RICHMAN; PC,1
Spears & Filipovits; LLC,1
Spears Law Office; PLLC,1
SPECIAL TRUST LITIGATION FUND,18
Speckhals Law; P.C.,1
Spector & Lanz P.C.,1
Spector & Lenz,23
Spector & Lenz PC,16
"Spector & Lenz, P.C.",9
"Spector & Lenz, PC",2
Spector & Lenz; P.C.,17
Spector & Lenz; PC,3
Spector and Lentz; P.C.,1
Spector and Lenz,1
Spector and Lenz PC,2
Spector and Lenz; PC,1
Spector Gadon  & Rosen PC,1
Spector Gadon & Rosen P.C.,1
Spector Law Offices,1
"Speegle, Hoffman, Holman & Holifield, LLC",1
"Speegle, Hoffman, Holman& Holifield, LLC",1
SPEER HOYT LLC;WILLIAM F CLORAN,1
SPEICHER LAW FIRM,1
Speiser Krause PC,4
Spence Law Firm LLC,1
SPENCER A LEEDS,1
SPENCER EISENMENGER LAW LLC,1
"Spencer Fielding, PLLC",1
Spencer H Calahan LLC,1
Spencer H. Calahan; LLC,1
Spencer Law Firm,1
Spencer Law Group,1
Spencer S Busby,1
Spencer S. Busby & Associates,1
Sperling Law Offices; LLC,2
Spiegel & McDiarmid LLP,1
Spinner Law Firm,1
Spiros Law PC,1
"Spiros Law, P.C.",1
SPK,1
Spohrer & Dodd,2
Spohrer & Dodd PL,3
SPOHRER & DODD TRUST ACCOUNT,1
"Spohrer & Dodd, PL",1
Spohrer & Dodd; P.L.,2
Spohrer & Dodd; PL,1
Spohrer and Dodd; P.L.,1
Sprenz & Associates,1
Spriggs Law Group,1
SPRL Herve  Deckers  Avocat,1
Spurlock & Associates PC,1
Squire Patton Boggs LLP,2
SrA  Baker,1
SRB Hawaii Law Sick,1
SRIPLAW,2
SS Disability Benefits Law Center,1
SSA Lawyers,13
"SSA Lawyers, P.A.",6
SSD Benefit Law Center,1
SSD Benefits Law Center,1
"St. Clair, Gilbreth & Steppig, LLC",1
Stacey  DeVeaux,1
Stacey  Hardin Hibbard,1
STACEY  HARDIN HIBBARD,1
STACEY  TEMPEL ST JOHN,1
Stacey b deveaux,1
Stacey B DeVeaux,35
STACEY B DEVEAUX,3
Stacey H Hibbard,1
STACEY H HIBBARD,1
Stacey Hardin Hibbard; PLLC,2
STACEY L VANDERGRAFT,1
"Stachel & Associates, PC",1
Stachler & Harmon; Inc. MCHA,1
Stacy  Tolchin,1
STACY  TOLCHIN,10
STACY  VOGELTANZ,1
STACY B DEVEAUX,1
"Stacy Hardin Hibbard, PLLC",1
STADTMAUER & ASSOCIATES,1
Stakenborg Law PA,1
Stalwart Law Group,1
STAMM LAW FIRM-ATTORNEY LOLA,1
Stampone; O'Brien; Dilsheimer Law,1
Standly & Hamilton; LLP,1
Stanely F Denman,1
Stanford K Clontz,1
STANFORD K CLONTZ,1
Stanford University - Mills Legal Clinic,1
Stanga & Mustain; PLC,1
Stanislaw Ashbaugh LLP,1
Stanley  Dritz,1
Stanley  Greenberg,1
STANLEY  MARKS,1
STANLEY  MICHAEL,1
Stanley & Schmitt;Stanley & Schmitt PC,1
Stanley B Powell PA,1
Stanley E Hilton,1
Stanley F Denman,1
Stanley J Michael,1
Stanley J Thompson,1
STANLEY J THOMPSON,1
STANLEY LAW FIRM LLC CLIENT TR ACCT,1
Stanley Law Office,1
Stanley Law Offices,1
Stanley Law Offices; LLP,2
Stanshine & Sigal; P.C.,1
STAPLETON & STAPLETON,1
Stark & Stark,2
STARK & STARK,3
Stark & Stark PC,1
Stark and D'Ambrosio,1
Stark and Stark,1
Stark Law Firm,1
Starks Law Firm; PLLC,1
Starn O'Toole Marcus & Fisher,3
STARN O'TOOLE MARCUS & FISHER,1
Starn; O’Toole; Marcus; & Fisher,2
Starr Gem Davison and Rubin,1
State Farm,1
STATE FARM ACCT;TROY R LOTANE;VANCE; LOTANE & BOOKHARDT PA,1
State Farm Insurance,1
STATE FARM INSURANCE,1
State Farm Insurance Co,1
State Farm Mutual Insurance #43-U634-031,1
STATE FARM MUTUAL;STUART LIPPMAN AND ASSOCIATES INC,1
STATE FARM-SUBROGATION,1
State of South Carolina,7
"Stathis & Leonardis, LLC",1
Staton Doster Post & Silverman,1
"Stawicki, Anderson & Sinclair",1
"Stawicki, Anderson & Sinclair, P.C.",1
Stawicki; Anderson and Sinclair,1
Stawicki; Anderson; Sinclair Atty at Law,4
Stebelton Snider,2
Stebelton Snider LPA,1
"Stebelton Snider, LPA",1
Steck Law dba Clarior Law,1
Steelman; Gaunt & Horsefield,1
Steese; Evans; Frankel; P.C.,1
STEFAN  EBAUGH,1
STEFAN R LATORRE; P. A.,1
STEFAN R LATORRE;STEFAN R LATORRE PA,1
Stefan R. Latorre; P.A.,2
Stefania  Pesce,1
Stefano Barillari,1
Stehen J Britt,1
Steiden Law Offices,1
STEIDER & ASSOCIATES; PC TRUST ACCT,1
Steigmann Law PC,1
STEIN MITCHELL & MUSE LLP,2
Stein Mitchell Cipollone Beato & Missner,1
Stein Mitchell Cipollone Beato Missner,1
Stein Mitchell Muse & Cipollone Attorney,1
STEIN MITCHELL MUSE CIPOLLONE & BEATO,1
Stein Sperling Bennett DeJong Driscoll,1
Stein Sperling PC,1
Steinberg & Gruber; P.C.,1
Steinberg Goodman & Kalish,1
Steinberg Injury Lawyers,3
Steinberg Law Firm; L.L.P.,4
Steinberg; Polacek & Goodman,1
STEINER SANDOE & COOPER,1
Steinger Greene & Feiner,1
STEINGER ISCOE & GREENE PA,1
"Steinger, Greene & Feiner",1
Steinger; Greene & Feiner,2
Steinger; Greer & Feiner,1
Steinger; Iscoe & Greene PA,1
Steinhardt Siskind and Lieberman LLC,1
"Steinkemper Law, PC, LLP",1
Stepanovich Law,1
Stephan A Hampton,1
Stephan Filip PC,1
Stephan Filip; P.C.,2
Stephan J Freeman PA,2
Stephani L Ayers,1
Stephanie  Baxter,1
Stephanie  Lake,6
STEPHANIE  LAKE,11
STEPHANIE  MARSH,1
STEPHANIE  MENSING,1
Stephanie  Mitterhoff,1
Stephanie  Parent,2
STEPHANIE  SEIBOLD,1
Stephanie  Wallace,1
STEPHANIE  ZEHREN-THOMAS,1
Stephanie A Christel,1
STEPHANIE A TAYLOR,2
Stephanie D Ritchie,1
STEPHANIE L QUINN,1
Stephanie M Balmer,1
STEPHANIE M. SIMPSON LAW OFFICES,1
Stephanie R Seibold,1
STEPHANIE R SEIBOLD,1
Stephen  Bailey,1
Stephen  Bennett,2
STEPHEN  BLOCH,1
STEPHEN  BOUTROS,1
Stephen  Dunn,1
STEPHEN  GRAYSON;STEPHEN P GRAYSON APC ATTORNEY,1
STEPHEN  GRAYSON;STEPHEN P GRAYSON APC ATTORNEY CLIENT;TRUST ACCOUNT,2
STEPHEN  GREECHER,1
Stephen  Klinge,1
STEPHEN  KNIGHT,1
Stephen  Maddox,2
STEPHEN  MADDOX,1
STEPHEN  NORRIS,2
STEPHEN  OLDEN,1
STEPHEN  OMALLEY,1
Stephen  Paul,1
Stephen  Santo,1
Stephen  Scavuzzo,1
Stephen  Shea,1
STEPHEN  SMITH,1
STEPHEN  SPEICHER,3
STEPHEN  WINSHIP,1
STEPHEN  ZARKY,1
STEPHEN A BAMBERGER LAW OFC ESCROW ACCT,1
STEPHEN A CERRATO,1
STEPHEN A DUGGAN,1
Stephen A Dunnigan,1
Stephen A Hampton,1
STEPHEN A HAMPTON,1
STEPHEN A JUSTINO PC,1
Stephen A Maddox,2
STEPHEN A MARKEY IOLTA,1
STEPHEN A SALTZBURG;VALENZUELA LAW FIRM,1
Stephen A. Skor; Esquire,1
Stephen B Hurlbut,1
Stephen B Shapiro; Jessy J Vasquez,1
STEPHEN BOUTROS; LTD,1
STEPHEN C CIOCCA,1
Stephen C Offutt,1
STEPHEN C PIPKIN,1
STEPHEN D BROWN,1
Stephen D Foster,5
STEPHEN D FOSTER,3
Stephen D Foster Esq LLC,1
STEPHEN D GERTLER,1
Stephen D Knight,2
STEPHEN D MASHUDA,1
STEPHEN D OSBORNE,1
STEPHEN D PENNINGTON,2
STEPHEN D. FOSTER; ESQ.,1
STEPHEN D. FOSTER; ESQ. LLC,1
STEPHEN E GARNER,1
Stephen E Garner; P.C.,1
STEPHEN E GERTLER,2
STEPHEN E ROADY,1
Stephen F Lombardi,1
Stephen F Shea,25
STEPHEN F SHEA,13
Stephen F Shea Esq.,5
Stephen F Shea; Esquire,1
Stephen F. Lawless; P.A.,1
STEPHEN G DENIGRIS,1
Stephen G Linder,1
STEPHEN G LINDER,1
STEPHEN G ROOT,2
Stephen G Sanders,2
Stephen G Seliger,3
Stephen G. DeNigris PC,1
Stephen H Cornet,1
STEPHEN H HARRIS,1
STEPHEN H OLDEN,3
Stephen H Osborne,2
Stephen H. Harris; LLC,1
STEPHEN I LESHNER,1
STEPHEN J BROWN,1
STEPHEN J DUNN,1
Stephen J Haedicke,2
Stephen J Mathieu,1
Stephen J Owens,1
Stephen J Pajcic,1
Stephen J. Austin; LLC,2
Stephen Johnson Law,1
Stephen K Newcombe,1
STEPHEN L BRAVE,1
Stephen L Bulzomi,1
STEPHEN L GERDES,1
Stephen L Raymond,1
STEPHEN L RAYMOND,1
STEPHEN L SPEICHER,1
"Stephen L. Raymond, ESQ",1
STEPHEN M CHABRE,1
STEPHEN M GRACHANIN,1
STEPHEN M JACKEL,1
STEPHEN M KATZ ATTY AT LAW TR ACCT,1
Stephen M Moon PA,1
STEPHEN M O'BRIEN,1
Stephen M O'Brien III PLLC,1
Stephen M Seeger,1
Stephen New & Associates,55
Stephen New & Assocs,2
Stephen New Attorney at Law,1
Stephen P Bergen,1
Stephen P Carrigan,1
Stephen P Kelly,1
Stephen P Maguire,1
STEPHEN P MAGUIRE,2
Stephen P New,1
Stephen P New Attorney at Law,15
STEPHEN P SHELDON,2
STEPHEN R AYRES,1
STEPHEN R FOWLER,1
Stephen R Krawitz; LLC,1
Stephen R Paul,1
STEPHEN S KENT,1
STEPHEN S PENNINGTON,1
STEPHEN S PENNINGTON;WILLIAM CUKER  BEREZOFSKY;WILLIAMS CUKER  BEREZOFSKY,2
STEPHEN S PENNINGTON;WILLIAMS C BEREZOFSKY,5
STEPHEN T COLLINS,1
Stephen T Fieweger,1
Stephen T Mealor,3
STEPHEN T MEALOR,1
Stephen V Quesenberry,1
STEPHEN W BRICKER,1
Stephen W McCarty,1
STEPHEN W THOMPSON,2
STEPHEN Z SMITH,1
Stephens & Klinge LLP,3
Stephens and Klinge LLP,1
Stephenson Disability Services,4
Stephenson Harwood LLP,1
Stepleton Law LLC,1
Stepovich & Vacura Law Office,1
STEPOVICH & VACURA LAW OFFICE,1
Steptoe  & Johnson,1
Steptoe & Johnson LLP,4
STEPTOE & JOHNSON LLP;WILLIAM T HASSLER,1
Steptoe & Johnson PLLC,4
Sterling DeRamus,1
Sterling DeRamus Lawfirm,1
STERLING L DERAMUS,1
Sterling L. DeRamus,1
Sterling Law,1
Sterling Law Firm,1
Stern Law Group,4
Sternlicht; Hearp; & Broadfoot; P.A.,1
STEVAN B WOLTER,1
STEVE  CLARK,1
Steve  Gerlach,1
Steve  Gimblin,1
STEVE  GRIMMINGER,1
Steve  Hamilton,1
Steve  Hoskins,1
Steve  Lamb,1
STEVE  TILTON,1
STEVE  WATSON;WATSON & CARROLL PC LLO,1
STEVE  WATSON;WATSON & CARROLL TRUST ACCOUNT,1
Steve  Wolf,1
STEVE  WOLF,1
Steve A Bumanglag,1
Steve A Rothenburg,1
Steve A Troutman,1
STEVE A TROUTMAN,2
Steve C Davis,1
Steve Dimopoulos; LLC,1
STEVE HARMAN LAW P.L.L.C.,2
STEVE J EDWARDS ATTY AT LAW TRUST ACCT,1
Steve K Gordon,1
STEVE KUHNKE-WILBER & ASSOCIATES,1
STEVE M TILTON,1
Steve R Warren,1
STEVEN  ABED,1
STEVEN  ALMANZAR,1
Steven  Archer,1
Steven  Bruce,1
STEVEN  CHABRE,1
STEVEN  DENNIS RATHFON,1
Steven  Dolson,2
STEVEN  ESCALERA,1
Steven  Floyd,1
Steven  Fulk,1
Steven  Gaechter,5
Steven  GAECHTER,1
STEVEN  GAECHTER,3
STEVEN  GORDON,2
STEVEN  GUNN,1
Steven  Harris,1
Steven  Harvey,2
Steven  Held,1
Steven  Lander,1
STEVEN  PACKARD,1
Steven  Parke,2
Steven  Pfeiffer,5
STEVEN  ROBY,4
STEVEN  ROLLINS,1
Steven  Scoggin,3
STEVEN  SCOGGIN,1
Steven  Scroggin,1
Steven  Seligman,1
STEVEN  TILTON,1
Steven  Tipler,1
Steven  Wald,4
Steven  Zeehandelar,1
Steven A. Wright; P.C.;Troutman Sanders LLP,1
Steven Amster Law,1
STEVEN B ALDERMAN,1
Steven B Muslin Ltd,1
Steven C Glickman,1
STEVEN C JAYNE,4
STEVEN C THOMPSON,1
STEVEN C THOMPSON;STEVEN C THOMPSON;MOORE WALTERS;THOMPSON; PAPILLION & CULLENS,1
Steven Cohn; P.C.,1
Steven D Elias,1
STEVEN D GERTLER,1
Steven D Tennant,1
Steven D Weier,1
STEVEN E BACON,1
STEVEN E HEINTZ PA,1
STEVEN E HERETICK,1
STEVEN E NORTH;STEVEN E NORTH PC,1
STEVEN E PETROU,1
STEVEN E SOILEAU,1
Steven E. North; P.C.,1
STEVEN E. PETROU IOLTA,1
Steven G Farber,2
Steven G Schiesel,1
Steven G. Thomakos; LLC,2
Steven Gaechter,2
Steven Gaechter Esq.,2
STEVEN GILBERTO  GONZALES,1
Steven Granberg; Attorney at Law; PA,1
STEVEN H FINE,1
STEVEN H HANEY A LAW CORPORATION,1
STEVEN H HEISLER,5
Steven H Heisler Law Offices,2
Steven H Kaminski,2
STEVEN H PATIENCE,1
Steven H. Kaminskie,1
STEVEN HILL IOLTA TR ACCT;STEVEN L HILL,1
Steven I Kastner,1
STEVEN I KASTNER,1
Steven I Kastner Attorney At Law,1
Steven J Baker,3
STEVEN J BAKER,1
Steven J Gunn,3
Steven J Jacobson,1
Steven J Plotkin,7
STEVEN J PLOTKIN,2
Steven J Silverberg,1
Steven J Weinber,1
Steven J Wells,1
STEVEN J. BAKER; PA,1
Steven J. Jacobson; P.A.,1
STEVEN L BUTLER,1
Steven L Herrick,1
Steven L Jackson,1
STEVEN L KESSLER,1
STEVEN L RASKIND; ATTORNEY AT LAW,1
STEVEN M BOUDREAU APLC TR ACCT,1
Steven M Burris LLC,1
Steven M Calcutt,1
STEVEN M CHABRE,1
Steven M Cronin,2
STEVEN M HOUDE,1
Steven M Masiello,1
STEVEN M ROBEY,1
Steven M Rollins,4
STEVEN M ROLLINS,3
STEVEN M STEPPER,1
STEVEN M WALD,1
STEVEN M WILLNER,1
Steven M. Chabre Law Offices,1
STEVEN M. LIPSCHUTZ; PC,1
Steven Mitchell  Howie,1
STEVEN MUSLIN LTD DBA MUSLIN & SANDBERG,1
Steven New & Associates,1
STEVEN O TEAL,1
Steven P Roberts,1
Steven P Taylor,1
Steven R Davis,1
STEVEN R DOLSON,2
Steven R Dolson Law Office,2
STEVEN R PFEIFER,1
Steven R Pfeiffer,26
STEVEN R PFEIFFER,9
Steven R Pfieffer,1
Steven R Smith,1
Steven R. Pfeiffer Prof. L.L.C.,1
Steven S Honigman,1
STEVEN S PACKARD,1
Steven S Siegel,1
Steven T Parkman,1
Steven T Potts,1
Steven T. Fieweger PC,1
Steven V Angarella,1
STEVEN YORK CLIENT TRUST,1
Stevens and Sullivan,1
Stevens Law Firm; P.A.,2
STEVENS LAW GROUP,1
Stevenson Klotz,1
Stevenson Klotz LLP,1
Steward Law Group,1
Steward Wald & McCulley LLC,1
Steward; Wald & McCulley; LLC,2
STEWARD; WALD & MCCULLEY; LLC,1
Stewart  Vance,1
Stewart & Ray; PLLC,1
STEWART & STEWART,2
STEWART & TORGERSEN PA,1
STEWART C CRAWFORD,1
STEWART C CRAWFORD JR,1
Stewart J Guss & Assoc,1
Stewart J Guss & Associates,1
Stewart J Guss & Associates PLLC,1
Stewart Johnson Conner & Manson LLP,1
Stewart Law CS; LLC,1
Stewart Law Firm; PLLC,1
STEWART LEE  KARLIN,1
"Stewart Lee Karlin Law Group, P.C.",1
Stewart Sokol & Larkin LLC,1
Stewart Sokol & Larkin; LLC,1
Stewart Tilghman Fox Bianchi & Cain PA,1
Stewart Wald & McCulley,4
STEWART WALD & MCCULLEY,3
Stewart Wald & McCulley LLc,5
Stewart Wald & McCulley LLC,49
STEWART WALD & MCCULLEY LLC,4
Stewart Wald McCulley LLC,1
"Stewart, Wald & Smith",16
"Stewart, Wald & Smith, LLC",5
"STEWART, WALD & SMITH, LLC",1
"Stewart, Wald, & Smith",2
"Stewart, Wald, & Smith, LLC",7
Stewart; Wald & McCulley,18
Stewart; Wald & McCulley LLC,6
Stewart; Wald & McCulley LLC;Stewart; Wald; & McCulley LLC,1
STEWART; WALD & MCCULLEY; L.L.C,1
STEWART; WALD & MCCULLEY; L.L.C.,3
Stewart; Wald & McCulley; LLC,32
Stewart; Wald & Smith; LLC,2
Stewart; Wald; & McCulley LLC,4
Stewart; Wald; McCulley LLC,1
Stiles Law; Inc.,1
Stiller Disability Law Firm,1
Stillman & Associates,1
Stillman & Associates PC,1
STINSON LEONARD STREET LLP,1
Stinson LLP,2
Stinson Morrison Hecker LLP,2
STINSON MORRISON HECKER LLP,7
Stipe Harper Laizure Uselton Belote,1
Stipe Law firm,2
Stipe Law Firm,1
Stitt Vu Trial Lawyers,1
Stockwell Sievert Law Firm,1
STOEL  RIVES,1
STOEL  RIVES LLP,1
Stoel Rives LLP,13
STOEL RIVES LLP - UTAH IOLTA,1
Stoel Rives; LLP,1
STOEL RIVES; LLP,1
STOKES & CLINTON,1
"Stokes & Clinton, PC",1
Stokes and Clinton,1
STOLL GLICKMAN & BELLINA LLP,1
Stoll Law Firm LLC,1
STOLL NUSSBAUM & POLAKOV APC,1
Stoll; Glickman & Bellina,1
Stoll; Glickman & Bellina LLP,1
Stoll; Glickman & Bellina; LLP,2
STOLL; NAUSSBAUM & POLAKOV LAW FIRM,1
Stoll; Nussbaum & Polakov; A.P.C.,1
Stoll; Nussbaum & Polakov; APC,2
Stone Law,1
Stonecroft Attorneys APC,2
Stoney & Walker LLC,1
Stoney; Gouldon & Roddey; LLP,1
Stopper Lopez LLC,1
Storer Injury Lawyers PLLC,1
Storms Dworak LLC,1
STOTIS BAIRD CHARTERED CLIENT TRUST,1
STOUT & HEUKE,1
Stout & Heuke Attorneys at Law,1
STOUWIET MAYO PLLC,1
Stovall & Associates,1
Stovall & Associates of Nevada,2
Stovall and Asssociates; P.C. IOLTA,1
Stowers & Weddle PC,2
Stracci Law Group; PC,1
STRACENER & NEELY PLLC;W ANDREW  NEELY,1
"Stradley Ronon Stevens & Young, LLP",1
Straggas & Associates,1
STRATTON & KUBE P C,1
STRATTON FAXON TRAIL LAWYERS,1
Strauch Green & Mistretta; PC,1
Strauss Factor Laing & Lyons,2
STRAUSS FACTOR LAING & LYONS,1
Strauss Troy Co; LPA Trust Account#2,1
"Strawn & Robertson, LLC",1
Streck & Davis Law Firm,1
Strelka Law Office; PC,1
STRELLIS & FIELD CHARTERED,1
STRINDBERG & SCHOLNICK; LLC,1
Stris & Maher LLP,1
Strom Law Firm,4
Strom Law Firm LLC,1
Strom Law Firm; LLC,7
Strong Garner Bauer P.C.,1
Strong Law,2
Strook & Strook & Lavan LLP,1
Stuart  Barasch,5
STUART  BARASCH,2
Stuart  Clarke,1
STUART  EISENBERG,1
Stuart  Eisenberg PC,1
STUART  KODISH,1
STUART  LIPPMAN & ASSOC.,1
STUART  MARKOWITZ,1
Stuart  Yothers,1
Stuart A Carpey,1
Stuart A. Wilkins; LLC,1
STUART ALLAN & ASSOCIATES,1
STUART D GAVZY,1
Stuart D Markowitz,4
STUART D MARKOWITZ,7
Stuart D Markowitz PC Law Offices,1
Stuart D. Markowitz; PC,1
Stuart E. Shelton Injury Law; PLLC,1
Stuart Eisenberg PC,1
Stuart I Seiden,1
Stuart K Gechlik,1
Stuart Lippman & Associates,1
Stuart Lippman and Assoc Inc,1
Stuart Lippman and Associates,1
STUART LIPPMAN AND ASSOCIATES,2
Stuart Lippman and Associates Inc,1
Stuart Lippman and Associates; Inc.,1
Stuart T Barasch,2
STUART T BARASCH,1
Stuart Wilcox,1
Stuart-Lippman & Associates,1
STUART-LIPPMAN & ASSOCIATES,1
Stuart-Lippman & Associates Inc.,1
Stuart-Lippman and Assoc Inc,1
Stuart-Lippman and Associates,1
Stubbs & Schubart,1
"Stubbs & Schubart, P.C.",1
Stubbs & Schubart; P.C.,1
STUDIO LEGALE,1
STUDIO LEGALE ASSOCIATO,1
Studio Legale Cerrai,1
Studio Legale Libertini & Associati,1
STUDIO LEGALE RORTORELLA,2
Stumpf; Vickers & Sandy; P.A.,1
Sture Legal Services,1
STURE LEGAL SERVICES LLC,1
STURGILL TURNER BARKER & MOLONEY,1
STURGILL TURNER BARKER & MOLONEY ESCROW,1
STURGILL; TURNER; BARKER & MOLONEY; PLLC,1
Sturla  Olsen,4
Sturla Olsen,2
Suat Hauyri  Tanriseven,1
Subashi; Wildermuth and Justice,1
SUBIN ASSOCIATES LLP,1
Subin Associates; LLP,2
Sublette Law,2
SUBLETTE LAW; P.A.,1
Sublette Law; PA,1
subro claims,1
Subro Claims,21
SUBRO CLAIMS,3
Subro Claims - GEICO,1
Subro Claims Inc,11
Subro Claims Inc.,7
"Subro Claims, Inc.",4
"SUBRO Claims, Inc.",1
Subro Claims; Inc,3
Subro Claims; Inc.,3
SUBRO CLAIMS; INC.,2
Subro IQ,12
Subro IQ National,1
SubroCaims;SubroClaims,1
Subroclaims,3
SubroClaims,15
SUBROCLAIMS,1
Subroclaims Inc,2
SubroClaims Inc,4
SUBROCLAIMS INC,1
SubroClaims Inc.,1
"Subroclaims, Inc.",1
"SubroClaims, Inc.",1
SubroClaims; Inc,5
SubroClaims; Inc.,1
Subroclaims;SUBROCLAIMS,1
Subrogation CC,1
SUBROGATION DEPARTMENT,1
Subrogation Division Inc,3
Subrogation Division Inc.,3
Subrogation Division; Inc,1
Subrogation Division; Inc.,2
Subrogation Management Team,1
Subrogation Recoveries,1
SUBROGATION TEAM,1
SubroIQ,7
SubroSmart,1
SubsroSmart,1
Sudbury Law Office,1
"Sudduth & Associates, LLC",2
Sugarman and Sugarman; P.C.,2
"Sugarman Law, LLC",1
Suisman Shapiro Wool Brennan & Gray PC,1
Sukhman Yagoda Law Firm,1
Sukhman Yagoda LLP,1
Sullivan & Brill LLP,1
Sullivan & Galleshaw; LLP,1
SULLIVAN & SULLIVAN LLP,1
Sullivan & Terranova,1
Sullivan and Cromwell LLP;Washington Lawyers Committe for CV Rgts,1
Sullivan and Kehoe,1
Sullivan and Kehoe; LLP,1
Sullivan Dapain PC,1
Sullivan Law Firm,4
Sullivan Law Group PLC,1
Sullivan Law Group; P.L.C. (Crump),2
Sullivan Law; P.A.,1
Sullivan Papain Block McGrath & Cannavo,1
SULLIVAN PAPAIN BLOCK MCGRATH & CANNAVO,3
Sullivan Papain Block McManus Coffinas & Cannavo,2
Sullivan Stolier Schulze & Grubb LLC,1
Sulton Law Offices,1
"Summers, Rufolo and Rodgers",1
Summit Disability PLLC,4
Sumsion Steele & Crandall PLLC,1
Sung & Hwang LLP,1
Sunlight Law; PLLC,1
Sunner & Sunner,1
Super Law Group LLC,1
Super Law Group; LLC,1
Suppa; Trucchi  & Henein; LLP,1
Suppa; Trucchi & Henein,1
Sureplan USA Inc.,1
Surinder K Aggarwal,1
SURINDER K AGGARWAL,1
Surinder K Aggarwal Esq.,1
SUSAK & POWELL,1
SUSAN  DAVIS,1
Susan  Hamilton Jones,1
SUSAN  PACZAK,2
SUSAN  SANICH,1
Susan A Waddell,1
SUSAN A WADDELL,2
Susan Benson & Associates LLP,1
SUSAN BENSON & ASSOCIATES LLP,1
SUSAN BLACK  DUNN,1
Susan E Hamm,1
SUSAN E HAMM,1
Susan E Loggans,1
Susan E Loggans & Assoc PC,1
Susan E Loggans and Associates PC,1
Susan E. Loggans & Associates; P.C.,1
Susan Kuis,1
Susan L Florence & Associates,2
Susan Lynn Mimura & Assoc,1
SUSAN M ANDORFER,1
Susan M Benson,2
SUSAN M BENSON,2
SUSAN M BENSON & ASSOCIATES,1
SUSAN M BENSON & ASSOCIATES LLP,1
Susan M O'Malley,2
SUSAN M O'MALLEY,5
SUSAN M OMALLEY,2
Susan M. Benson & Associates,1
Susan M. Benson & Associates LLP,1
Susan M. Benson & Associates; LLP,1
SUSAN R GREEN,1
Susan von Reusner,1
Susanne M Herald,1
Sussman & Associates,1
Sussman Selig & Ross; Attorneys at Law,1
SUSSMAN; SELIG & ROSS CLIENT FUNDS ACCT,1
Sutherland & Belk PLC,1
SUTHERLAND ASBILL & BRENNAN LLP,1
Suthers and Thompson,2
Suthers Law Firm,1
Sutter Maritime; LLC,1
Sutter O'Connell,1
Sutterfield Law Firm PC,1
Sutterfield Law Office,2
Sutterfield Law Offices,2
Sutterfield Law Offices PC,4
Sutterfield Law Offices; PC,2
Sutton & Jacobs; LLP,2
SUTTON ALKER & RATHER LLC,1
SUZANNE  FLUHR,1
Suzanne  Harris,1
SUZANNE  POSNER,1
SUZANNE  VILLALON HINOJOSA,1
Suzanne  Villalon-Hinojosa,1
SUZANNE  VILLALON-HINOJOSA,1
SUZANNE F GOULDING,1
Suzanne J Hayden,4
Suzanne L Harris,11
SUZANNE L HARRIS,1
Suzanne V Hinojosa,1
SUZANNE VILLALON-HINOJOSA,1
SUZETTE  HUTCHENS,1
SUZETTE V SIMMS,1
Suzette V Sims,1
Svalina Law Firm,1
Sven  Brandt-Erichsen,1
Sven  Erichsen,2
Swafford Law Firm,1
SWANSON LATHEN ALEXANDER MCCANN ETC,1
Swanson Sweet LLP,2
SWANSON THOMAS & COON,8
SWANSON THOMAS AND COON,1
Swanson; Lathen; Alexander; McCann et al,1
Swanson; Lathen; Prestwich; PC,1
SWANSON; THOMAS & COON,1
SWANSON; THOMAS; COON & NEWTON,1
Swartz & Reed LLP Client Trust Account(I,1
Swartz & Reed; L.L.P.,2
Swartz & Reed; LLP,2
Swartz and Associates PA,1
Swartz Culleton,1
"Swartz Culleton Ferris, PLLC",2
Swartz Culleton PC,5
Swartz Taliaferro Swartz & Goodove PC,1
"Swartz, Taliaferro, Swartz & Goodove",2
Swartz; Taliaferro; Swartz & Goodove,1
Swati Walterboro LLC,1
SWE ZIN  HTAIK,1
Sweeney & Bechtold,1
Sweeney & Bechtold LLC,1
SWEENEY & BECHTOLD LLC,1
Sweeney & Bechtold; LLC,2
Sweeney & Fiser; PLLC,2
SWEENEY AND ASSOCIATES,1
Sweeney Law Firm,28
SWEENEY LAW FIRM,1
Sweeney Law Frim,1
"Sweeney Scharkey, LLC",1
Sweet James Lawyers LLP,1
Swensen & Perer,1
SWICH & SHAPIRO PC,2
Swick & Shapiro,5
Swick & Shapiro P.C.,1
Swick & Shapiro PC,1
Swick & Shapiro; P.C.,17
Swick & Shapiro; PC,5
Swick and Shapiro; PC,3
"Swift & Swift, Attorneys at Law, PLLC",1
Swift & Swift; Attorneys at Law; PLLC,1
SWIFT CURRIE MCGHEE & HIERS LLP,1
Swor & Gatto; P.A.,1
SYED  AHMED,1
Syfrett; Dykes; & Furr,1
Sykes McAllister Law Offices; PLLC,1
Sylvia  Esparza,1
Symkoviak Law Firm,1
SYMMONDS & SYMMONDS; LLC,1
SYREGELAS LAW OFFICES,1
Szaferman Lakind Blumstein & Blader PC,1
Szaferman; Lakind; Blumstein & Blader,1
T A Sneed,2
T J  McGillicuddy PC,1
T L Thompson &  Associates Inc,1
T L THOMPSON & ASSO,1
T L Thompson & Associates,1
T L Thompson and Assoc,1
T Stephen  Corcoran,1
T. M.  Gaylord;TATE; GAYLORD; LUCAS  PURDOM & WORKMAN; LLP,1
"T. Madden & Associates, P.C.",1
T. S. Francis,1
T.J.  Grimaldi,1
T.L.  THOMPSON,1
T.L. THOMPSON,1
T.L. Thompson & Assoc.,1
T.L. Thompson & Associates,2
T.L. Thompson & Associates Inc,1
T.O. GILSTRAP JR; PC TRUST ACCT IOLTA,1
Tabak Law LLC,8
TABAK LAW LLC,1
Tabak Law; LLC,1
Tabakin Wolfe; LLP,1
Tabatha  Branch,1
Tabor & Byers,1
Tabor Law Firm,1
"Tabor Law Firm, LLP",3
TABOR LINDSAY & ASSOC,1
TABOR LINDSAY & ASSOCIATES,1
Tabor Lindsay & Associates PLLC,2
TABOR LINDSAY & ASSOCIATES PLLC,1
Tabor Lindsey & Associates,1
Tacoma Injury Law Group Inc; PS,1
Tadda Law Firm,5
Taft Sherman & Howard,1
Taft Stettinius & Holister LLP,1
Taft Stettinius & Hollister,2
Taft Stettinius & Hollister LLP,2
TAFT STETTINIUS & HOLLISTER LLP,1
Taft Stettinius & Hollister LP,1
"Taft Stettinius & Hollister, LLP",1
"Taft Stettinius & Hollister, LP",1
Taft; Stettinius & Hollister; LLP,1
Takvorian & Associates LLC,1
Talabi & Associates,2
Talabi & Associates PC,2
"Talisman, Rudin & DeLorenz, P.C.",1
Talismar Rudin &  DiLorenzo,1
Talkin Muccigrosso & Roberts LLP,1
TALKIN MUCCIGROSSO & ROBERTS LLP,1
Talkin; Muccigross & Roberts; LLP,1
TALWAR LAW PLLC;TALWAR LAW PLLC DELA,3
TALWAR LAW PLLC;TALWAR LAW PLLC DELA;TALWAR LAW PLLC11,1
Tamaki Law Offices,1
Tamar  Ekizian,1
TAMAR A EKIZIAN,1
Tamara  Barsich-Rangel;The de la Toree Law Office LLC,1
Tamara  Clower,1
TAMARA  CLOWER,2
Tamara  Miller,1
TAMARA N GALLAGHER,1
Tamara S Clower,1
Tamer Mohammad  Saleh AlGhneimin,1
Tamez & Ortegon PLLC,2
TAMEZ & ORTEGON PLLC,1
Tampa Legal Team; LLC,1
Tandy Law Firm,1
TANEZ & ORTEGON; PLLC,2
Tango Dickinson Esqs.,1
"Tango Dickinson Lorenzo McDermott & McGee, LLP",1
Tango Dickinson Lorenzo McDermott Esqs,1
Tango Dickinson Lorenzo McDermott McGee,1
Tango; Dickinson; Lorenzo; et al,1
Tanner & Associates; P.C.,1
TANNER LAW FIRM,1
Tantone & Gulotta Attorneys at Law,1
Tanusha Thuraisingam Esq.,1
"Tanusha Thuraisingam, Esq",1
Tanya  O'Neil,3
Tanya  O'Neill,4
Tapella & Eberspacher Law Firm,3
TAPELLA & EBERSPACHER LLC,1
TARA B CHIARELLI,1
Tara L McKenzie,1
"Tarantino Law Firm, LLP",1
Tarasenko Law Office,1
TAREK S ABDEL-ALEEM,2
Tarik  Davis,1
"Tarpey Jones & Schroeder, LLC",1
Tarpy Cox Fleisman & Leveille,1
TARSHIS CATANIA LIBERTH MAHON &,1
TARSHIS CATANIA LIBERTH MAHON ET AL,1
Tart Law Group; PA,1
Tate Rehmet Law Office PC,1
TATE; BYWATER; FULLER PLC,1
Tatum & Atkinson; PLLC,4
Tatum & Wade Law Firm,1
Tatum & Wade; PLLC,1
Tatum Law Firm,1
Tauber Law Offices,1
Taubman Kimelman & Soroka; LLP,1
Tavakoli & Associates,1
TAVSS FLETCHER LAW FIRM,1
Tavss Fletcher Maiden & Reed PC,2
"Tawney, Acosta, & Chaparro, P.C.",3
Tawwater Law Firm,2
TAXMAN; POLLOCK; MURPHY & BEKKERMAN,4
Taylor  King,2
TAYLOR  KING,1
Taylor & Gomez LLP,2
Taylor & King,1
Taylor & Knight,1
Taylor & Strubhar; PLLC,3
Taylor Foster Mallett Downs,1
Taylor Foster Mallett Downs Et Al,1
Taylor Hughes Zahler; LLP,1
Taylor King & Associates PA,1
Taylor King Law,3
Taylor King Law PA,1
Taylor Law Firm,1
Taylor Law Group LLC,1
Taylor Law Partners; LLP,1
Taylor Lucas Locke & Corbin,1
Taylor Tucker & Jones LLC,2
Taylor-Martino; PC,1
TAYLOR; LUCAS & ASSOC.,2
Teague Rotenstreich Stanaland Fox & Holt,1
Teal  Parham,21
TEAL  PARHAM,27
Teal M Parham,15
TEAL M PARHAM,13
Team Green Law,1
Team Tice P.A.,2
Ted  McGowan,1
Ted  Smith,1
TED  ZUKOSKI,1
Ted A. Greve & Associates,1
Ted B. Lyon & Associates,1
Ted Lyon & Assoc.,1
Ted R Frame,1
Ted R Hendrickson,1
Ted Smith Law Group,2
Ted WIlls; Attorney at Law,1
Tedesco Sociedade de Advogados,1
TEKER TORRES & TEKER P C,1
Temika L Hampton,1
Temple & Associates,1
Temple Law School,1
Temple University Beasley School of Law,2
Tennesse Bar Foundation,1
TENNESSEE BAR FOUNDATION,1
Tennessee Valley Authority,10
Tennyson Law Firm,1
Tepper Dardeck & Levins; PLC,1
Teresa  Abbott,4
TERESA  ABBOTT,1
TERESA  GRASSO,1
Teresa  Grasso-Herlan,1
Teresa  Grasso-Merlan,1
TERESA  MARIE GRASSO,1
Teresa Abbott,4
Teresa Abbott; P.C.,1
Teresa H Abbott,6
TERESA H ABBOTT,1
Teresa H. Abbott; Esq.,1
Teresa M Grasso,1
TERESA M GRASSO,2
Teresa M Meacher,1
Teresa M Meagher,14
TERESA M MEAGHER,5
TERESA M MEAHGER,1
TERI  GLEASON,1
TERI  GUTMAN-VALDES,1
Teri  Guttman Valdes,2
Teri G Valdes,1
Teri Guttman Valdes LLC,2
TERI GUTTMAN VALDES LLC TRUST ACCT,2
TERPAK & SHAKIL PPLC,1
TERRANCE  DEMPSEY,1
Terrance  Little,1
Terrance G Faye,2
Terrance W. Hall and Associates,1
Terrell Hogan,3
TERRELL HOGAN,1
TERRELL HOGAN ELLIS YEGELWEL; P.A.,1
Terrell Hogan Yegelwel; P.A.,3
Terrell Hogan; P.A.,2
Terrell Marshall Law Group PLLC,1
Terrence  Grady,1
Terrence E Dempsey,1
Terri A Merriam,1
Terris; Pravlik & Millian; LLP,2
Terris; Pravlik; & Millian,1
TERRY  ALBERTSON,1
Terry  Chalker,16
Terry  Hyatt,1
Terry  Kaiser Park,1
Terry  Pechota,4
Terry  Singleton,1
Terry & Peterman; LLP,1
Terry Bryant PLLC,1
TERRY BRYANT PLLC,1
Terry Chalker,7
TERRY D GOLDBERG & ASSOCIATES,1
TERRY E LUMSDEN INC PS,1
Terry Garmey & Associates,1
Terry L Albertson,2
Terry L Pechota,2
Terry Law Firm,1
Terry M Rosenblum & Associates; P.A.,1
TERRY M WOOD PC,1
TERRY R MARSTON,1
TERRYl T MATT,1
TERRYL T MATT,2
TERSCHAN STEINLE & NESS,1
TESKE; MICKO; KATZ & ROCHEL PLLP IOLTA,1
Tesser; Ruttenberg & Grossman LLP,1
Tessmer Law Firm PLLC,1
Tessmer Law Firm PLLC Iolta Tr Acct,1
Tessmer Law Firm; P.L.L.C.,3
Tessmer Law Firm; PLLC,2
Tessmer Law Firm; PLLC IOLTA Trust Acct,1
Tetzel Law,3
Tewksbury &  Kerfeld,1
Tewksbury & Kerfield,1
TEXAS IOLTA TR,1
Texas Public Policy Foundation,1
Texas Rio Grande Legal Aid Inc,1
TEXAS RIO GRANDE LEGAL AID INC,2
Texas RioGrande Legal Aid; Inc,1
Tha  Win,1
Thad L Myers,1
Thad L. Myers PA,2
Thad Myers and Associates,2
Thaddeus Driscoll,3
Thaler Liebeler; LLP IOLTA,1
Thaler Lliebeler; LLP IOLTA,1
Thamman Law Office,2
Than Law; P.A,1
Thane D Somerville,1
Thaxter  Cooper,1
"THE ""O"" FIRM",1
The 702 Firm,2
The ACLU of Washington Foundation,1
The Adam Law Firm PA,1
The Alamaraz Law Firm,1
The Aleem Law Firm,1
The Ammons Law Firm; LLP,17
The Amusan Law Firm  PC,1
THE ANDERSON LAW FIRM,1
The Archuleta Law Firm,3
The Arnsworth Law firm PLLC,1
The Arrotta Law Firm,3
The Askman Law Firm,2
The Avery Law Firm,1
The Babcock Law Firm,1
The Bail Law Firm,3
The Ball Law Group LLC,1
The Barber Law Firm,1
"The Barber Law Firm, P.C.",2
The Barkett Law Firm,1
THE BARKETT LAW FIRM PLLC,1
The Barnes Firm,4
The Barnes Firm P.C.,1
The Barnes Firm PC,1
"The Barnes Firm, P.C.",1
THE BARNES FIRM; LC,2
The Barnes Firm; P.C.,1
The Barrera Law Firm,4
The Beasley Firm,1
The Beasley Firm LLC,1
The Beasley Firm; LLC,1
The Becker Law Firm,1
The Becket Fund,3
The Becket Fund for Religious Liberty,3
THE BECKET FUND FOR RELIGIOUS LIBERTY,2
The Bell Law Firm; PLLC,1
The Bennett Law Center,1
THE BHATTI LAW FIRM,1
The Biker Lawyers; P.C.,1
THE BLAKE HORWITZ LAW FIRM LTD,1
THE BLANKENSHIP LAW FIRM PS,1
The Blazick Law Firm,1
The Boetcher Law Firm,1
The Boettcher Law Firm,1
The Boettcher Law Firm; PC,1
The Bonadies Law Firm,1
The Bonneau Law Firm,1
THE BORTEL FIRM LLC,1
THE BOWLING LAW FIRM,1
The Brad Hendricks Law Firm,3
THE BRAD HENDRICKS LAW FIRM,1
The Brad Hendricks Law Firm; P.A.,1
THE BRADSHAW FIRM,1
The Bradshaw Firm; PLC,1
The Brewer Law Firm,2
The Bronx Defenders,1
The Brown Firm,1
The Brownell Law Firm; PC,1
The Bruscato Law Firm,1
The Buller Group LLC,1
The Burchett Law Firm PC,2
The Burke Law Group LLC,1
The Burkett Law Firm,1
The Burnett Law Firm,1
the Bush law firm,1
The Bush Law Firm LLC,1
The Bush Law Firm; LLC,1
The Buxton Law Firm Attorneys at Law,2
The Buzbee Law Firm,3
The Cabrera Law Firm PC,1
THE CAREY FIRM LLC,1
The Carlo Law Group,1
The Carlson Law Firm,21
THE CARLSON LAW FIRM,3
The Carlson Law Firm PC,1
THE CARLSON LAW FIRM PC IOLTA,1
The Carlson Law Firm; P.C.,1
THE CARLSON LAW FIRM; P.C.,1
The Carlson Law Firm; PC,1
THE CARLSON LAW FIRM; PC,2
The Carter Law Firm,3
THE CATANESE LAW FIRM PC,1
The Cei Group,1
The CEI Group Inc,2
"The CEI Group, Inc.",1
"The CEI Group, LLC",1
The CEI Group; Inc.,1
THE CEI GROUP; INC.,1
The Chadwick R Richardson Law Firm,1
The Champion Firm; P.C.,1
The Champion Law Firm; P.C.,1
The Chandler Law Group,1
The Chartwell Law Offices LLP,2
The Chartwell Law Offices; LLP,1
The Chotiner Firm,1
The Claims Center LLC,1
The Clauson Law Firm; PLLC,1
The Cochran Firm,9
THE COCHRAN FIRM,3
The Cody Law Firm; LLC,1
The Cody Law Group,1
"The Cody Law Group, Chartered",1
The Cohen Law Firm; P.A.,1
The Cole Law Firm,2
THE COLLERAN FIRM,1
THE CONNELLY FIRM PC,1
The Cottle Firm,1
The Country Lawyer PC,1
THE COWEN LAW FIRM PC,1
The Cowen Law Group,3
THE COWEN LAW GROUP,3
THE COWEN LAW GROUP IOLTA,1
The Cristian P. Silva Law Office,1
The Crone Law Firm,2
THE CROSLEY LAW FIRM PC IOLTA ACCT,1
The da la Torre Law Office LLC,2
The Darwish Law Firm,1
THE DASHNER LAW FIRM,1
The Day Law Practice LLC,1
The de la Torre Law Group,1
The de la Torre Law Office,2
The De la Torre Law Office D/B/A Tower Law Group,2
The de la Torre Law Office LLC,19
The De La Torre Law Office LLC,1
THE DE LA TORRE LAW OFFICE LLC,1
The de la Torre Law Office LLC d/b/a Tower Law Group,1
The De La Torrre Law Office LLC,1
The Deas Law Firm LLC,1
The Dehaan Law Firm,1
The DeHaan Law Firm,2
The DeHaan Law Firm P.C,1
The Dehaan Law Firm P.C.,1
The DeHaan Law Firm P.C.,24
The Dehaan Law Firm PC,2
The DeHaan Law Firm PC,5
THE DEHAAN LAW FIRM PC,1
"The DeHaan Law Firm, P.C.",41
The Dehaan Law Firm; P.C.,1
The DeHaan Law Firm; P.C.,60
THE DeHAAN LAW FIRM; P.C.,1
THE DEHAAN LAW FIRM; P.C.,1
The DelliCarpini Law Firm,1
The Dellutri Law Group,1
The Delorie Law Firm,2
The Dennis Law Firm LLC,1
The Deratany Firm LLC,2
The Dickerson Law Group,1
The Dietrich Law Firm PC,1
The Doan Law Firm PC,1
The Doan Law Firm; P.C.,1
The Doctor Lawyer Team,3
The Doctor Lawyer Team; LLC,2
The Dodd Law Firm,1
The Dodd Law Firm; LLC.,1
The Dominguez Law Firm,1
The Donahey Law Firm LLC,2
THE DORE LAW FIRM,1
THE DORE LAW FIRM PA,1
The Dowling Law Firm PLLC,1
THE DOWNS LAW FIRM,2
The Downs Law Group,1
THE DOWNS LAW GROUP,3
THE DOWNS LAW GROUP P.A.,2
THE DOWNS LAW GROUP PA,8
THE DOWNS LAW GROUP; PA,2
The Dr Lawyer Law Group,1
"The Dratch Law Firm, P.C.",1
The Dratch Law Firm; P.C.,2
THE DRUMMOND LAW FIRM,1
THE EDWARDS LAW FIRM LLP TR ACCT;TREVOR  FURLONG,1
The Edwards Law Firm PLLC,1
The Eichholz Law Firm,1
THE EICHHOLZ LAW FIRM,1
The Eichholz Law Firm; PC,2
The Eisenberg Firm,1
The Ellsley Law Firm Trust Account,2
"The Elmer Law Firm, L.L.C.",1
The Emory Law Firm PC,2
The Employment Law Firm; LLC,1
The Employment Law Group,6
THE EMPLOYMENT LAW GROUP PC,1
"The Employment Law Group, P.C.",1
The Employment Law Group; P.C.,1
The Employment Law Group; PC,4
The Erlich Law Office; P.C.,1
The Ervin Law Firm; P.C.,1
"The Esdale Law Firm, LLC",1
The Esdale Law Firm; LLC,1
THE ESPINOZA LAW FIRM,1
The Fakhouri Firm; LLC,1
The Farber Law Firm,1
The Farias Firm; P.C.,1
The Farneth Law Group; LLC,2
The Farrington Law Firm,1
The Fears Nachawati Law Firm,1
The Federal Employee Law Group PLLC,1
The Federal Practice Group,3
The Fein Law Firm; P.C.,1
The Feinberg Firm; P.C.,1
The Ferrara Law Firm; LLC,1
The Ferris Law Firm,2
"The Fields Group, LLC",1
"The Fierberg National Law Group, PLLC",1
The Fine Law Firm,1
The Finkel Firm APC,1
The FIRM LA,1
THE FISCHER LAW FIRM,1
The Fitch Law Firm,1
The Flood Law Firm,1
The Florida Legal Advocacy Group; P.A.,2
"The Fonteneau Firm, LLC",4
The Ford Law Firm,2
The Foster Firm; LC,1
THE FOUNDERS  LAW FIRM,1
The Founders Law,1
The Founders Law Firm,3
THE FOUNDERS LAW FIRM LLC,1
The Founders Law Firm of John Pascua LLC,1
The Founders Law; P.A. Trust Account,1
The Frantz Law Group,1
The Fratus Law Group,1
"The Fratus Law Group, LLC",1
The Frederick Law Firm,1
The Freibott Law Firm,1
The Frickey Law Firm,1
The Frutkin Law Firm PLC,1
The Fry Law Firm,1
The Fullam Firm; P.C.,1
The Furth Law Firm PA,1
THE FUSSELMAN LAW FIRM P.C.,1
The Fussleman Law Firm PC,1
The Gaffney Firm PA,1
The Gage Law Firm,2
THE GALVAN LAW FIRM; PLLC,1
The Garden Law Firm,1
The Gardner Law Firm,2
The Garner Law Firm,10
The Gatti Law Firm,1
The Gbenjo Law Group,1
The Gee Law Firm,1
The Gervelis Law Firm,2
The Gewirtz Law Firm,1
THE GIBBONS LAW FIRM,1
The Gillam Law Firm,3
The Gillam Law Firm; P.C.,1
The Gillaspie Law Firm,1
The Gilleon Law Firm,1
The Gilpin Law Firm LLC,1
The Girley Law Firm,1
The Godsey Law Firm,1
The Gold Law Firm; LLC,1
THE GOLDSMITH LAW FIRM,1
The Goldsmith Law Firm LLC,1
"The Goldsmith Law Firm, LLC",1
THE GOLDSMITH LAW FIRM; LLC,2
The Gonzales Law Firm,2
THE GONZALES LAW FIRM PC ABF TRUST,1
The Good Law Group,25
The Good Law Group P.C.,2
The Good Law Group PC,2
The Gordon Law Firm,1
The Goss Law Firm,1
The Gould Law Firm,2
The Graham Firm,1
The Green Law Firm,3
THE GREEN LAW FIRM,1
The Green Law Firm P.C.,2
THE GREEN LAW FIRM P.C.,1
The Green Law Firm PC,3
"The Green Law Firm, P.C.",1
The Green Law Firm; P.C.,1
THE GREEN LAW FIRM; P.C.,1
The Greenwood Prather Law Firm PC,1
THE GUAJARDO LAW FIRM,1
The Gucciardo Law Firm,1
THE GUCCIARDO LAW FIRM,1
The Gucciardo Law Firm PLLC,1
The Gutierrez Firm,1
The Haddad Law Firm PC,1
The Hadi Law Firm,1
The Haggard Law Firm; P.A.,4
THE HAMILTON LAW FIRM PLLC,1
The Hamilton Law Firm; PLLC,1
The Hamilton Law Office,1
The Hammontree Firm,3
The Hanamirian Firm PC,1
The Handley Law Firm,1
The Hanover Insurance Group,1
The Harrell Firm; PLLC,2
The Hart Law Firm,2
The Hartley Law Firm,1
The Hatley Law Firm,3
The Hatley Law Firm PLLC,1
THE HATLEY LAW FIRM; PLLC,1
The Haymond Law Firm,1
The Haymond Law Firm PC,1
THE HAYMOND LAW FIRM PC,3
The Haynes Firm,6
The Heald Law Firm; PLLC,1
The Healy Law Firm Ltd,1
The Heilig Firm; P.C.,1
The Henny Law Firm,1
The Henry Emerson Tingle Firm,1
The Herring Law Firm PC,1
The Hester Group,1
THE HIRSCH LAW FIRM PLLC IOLTA,1
The HMA Law Firm,1
The Holman Law Firm,2
The Hoppock Law Firm; LLC,1
The Hormozdi Law firm,1
THE HOUSE LAW FIRM PC,1
THE HOWARD LAW FIRM,1
The Hoyt Firm,1
The Hull Firm; LLC,1
The Humane Society of the United States,1
THE HUMANE SOCIETY OF THE UNITED STATES,1
"The Huynh Law Firm, PLLC",1
The Huynh Law Firm; PLLC,2
THE INGLE LAW FIRM,1
The Injury Lawyer,1
The Institute for Justice,3
The Iweanoges' Firm,1
The J Gongalez Law Firm,1
The J Gonzalez Law Firm P.L.L.C,1
The J. Gonzalez Law Firm; PLLC,5
The Jacob D Fuchsberg Law Firm,1
THE JACOB D FUCHSBERG LAW FIRM,1
"The Jacob D. Fuchsberg Law Firm, LLP",1
The Jacob D. Fuchsberg Law Firm; LLP,1
"The Jacob Fuchsberg Law Firm, LLP",1
The Jacobson Law Group,1
The Jaeger Firm; PLLC,1
The Jaklitsch Law Group,3
THE JAKLITSCH LAW GROUP,1
THE JAQUES ADMIRALTY LAW FIRM,1
The Jim Roberts Law Firm; LLC,1
The Jimmerson Law Firm; PC,1
The Joel Bieber Firm,4
The Jones Firm,2
The Joseph Dedvukaj Firm PC,1
The Justis Law Firm LLC,1
The Justis Law Firm LLC.,1
THE KANSAS BAR FOUNDATION;THE LAW OFFICES OF DOUGLAS L CARTER PC,1
The Kelly Firm,1
The Kennedy Law Firm,1
The Kettles Law Firm,1
The Khan Law Firm; LLC,1
The Khan Law Group; PLLC,1
The Killian Law Group LLC,1
The Kindley Firm; APC,1
The King Firm,1
THE KING FIRM; LLC,1
The King Firm;LLC,1
THE KIPNESS LAW FIRM PC,1
The Krass Law Firm,1
THE KRASS LAW FIRM,2
The Kratzig Law Firm,1
The Krist Law Firm,1
The Krolikowski Law Firm,2
"The Kryder Law Group, LLC",1
"The Kuykendall Group, LLC",1
THE KYLE LAW FIRM,2
The Lackey Law Firm,1
The Lage Law Firm,1
The Landau Group,1
"The Lange Firm, PLLC",2
The Lanier Law Firm ITF,4
The Latronica Law Firm,1
The Latronica Law Firm PC,1
The Laura Law Firm PLLC,1
THE LAW FIRM ELY & REED,1
The Law Firm of Alan G. Molk,1
The Law Firm of Carol Henderson PA,1
THE LAW FIRM OF DE JESUS & CUPRILL; P.A.,1
The Law Firm of Dempsey & Dempsey,1
The Law Firm of Douglas G. Jackson; P.A.,1
The Law Firm of Dr. Bede Anyanwu,1
The Law Firm of Ernesto Fuentes,1
The Law Firm of G. Judson Scott; Jr.,1
The Law Firm of Mariano Acuna LLC,1
The Law Firm of Michael A Serrano,1
The Law Firm of Oscar A Garza,2
"The Law Firm of Oscar Garza, PLLC",1
THE LAW FIRM OF PATRICK W. HARLAND; JR,1
The Law Firm of Samuel Fishman,10
The Law office Jan Meyer,1
The Law Office of Alex Arreaza; P.A.,1
The Law Office of Allen Mills PLLC,1
The Law Office of Allen Mills; PLLC,1
THE LAW OFFICE OF ANTHONY R. CAMACHO,1
THE LAW OFFICE OF BARRY BACHRACH,1
The Law Office of Bobby Garcia,1
The Law Office of Carissa Kranz,1
The Law Office of Chad Wilson PC,1
The Law Office of Charles F. Hall IV,1
"The Law Office of Charles F. Hall, IV",1
The Law Office of Charles F. Hall; IV,3
THE LAW OFFICE OF CHERYL L LANGSTON,1
The Law Office of Cynthia Dill,1
The Law Office of Dan N. Fiorito III,1
"The Law Office of Daniel M. Gonzales, PLLC",1
"THE LAW OFFICE OF DANIEL M. GONZALES, PLLC",1
THE LAW OFFICE OF DAVID BONILLA,1
The Law Office of David H. Pollack; LLC,1
The Law Office of Douglas N. Harty,1
THE LAW OFFICE OF EDWARD J WOMAC JR LLC,2
THE LAW OFFICE OF ELIZABETH B DUNLAP,1
The Law Office of Ellie Silverman,1
"The Law Office of Ellie Silverman, P.C.",1
The Law Office of Enrique Lopez,4
THE LAW OFFICE OF ENRIQUE LOPEZ,1
The Law Office of Ermila A. Martinez,1
The Law Office of Gary M. Gilbert,1
"The Law Office of Gilberto Falcon, PLLC",1
The Law Office of Harold Skovronsky,1
The Law Office of J Scott Escujuri PLLC,1
The Law Office of James A Lawrence,1
The Law Office of James LaSalle,1
The Law Office of James Wadleigh,1
"The Law Office of Jarrett Adams, PLLC",1
The Law Office of Javier Martinez,1
The Law Office of Jennifer L Fisher,4
The Law Office of Jim Black & Associates,1
The Law Office of Joe A. Gamez,1
The Law Office of Joe C. Nwankwo,1
"The Law Office of Joel J. Humphries, P.C.",2
THE LAW OFFICE OF JOHN R. SOLIS,1
The Law Office of Jon Powell PLLC,1
The Law Office of Jonathan S Resnick Esq,1
The Law Office of Joseph M. Goldberg,1
The Law Office of Joseph Monaco; P.C.,1
"The Law Office of Julianna Rivera, P.C.",1
"THE LAW OFFICE OF JULIANNA RIVERA, P.C.",1
The Law Office of Karen H. Ross,1
The Law Office of Karl E. Osterhout LLC,1
The Law Office of Karl Osterhout; LLC,1
The Law Office of Katherine E. Smith,1
The Law Office of Kwesi Korreh,1
The Law Office of Lynn Coyle; PLLC,1
The Law Office of Lynn Eric Goar PC,1
The Law Office of Marc S. Stern,1
The Law Office of Mark E Salomone,1
"The Law Office of Mark E. Meyer, LLC",1
The Law Office of Michael Eisenberg,1
The Law Office of Michael L Yeung,1
The Law Office of Michelle L. Landon LLC,1
The Law Office of Pardue & Coskrey; LLC,1
The Law Office of Paul A. Samakow,1
The Law Office of Paul Joseph Bohnet,1
"The Law Office of Paul Mankin, APC",1
THE LAW OFFICE OF PEACH & WEATHERS,4
The Law Office of Ralph Ertz,1
The Law Office of Richard Klein & Assoc.,1
The Law Office of Robert D King Jr PC,1
The Law Office of Robert J. Pecora,1
The Law Office of Robert R. Castro,1
The Law Office of Rolando D. Cantu,2
The Law Office of Stephen L Grobel LTD,1
The Law Office of Stephen P New,1
THE LAW OFFICE OF STEVE WOLF LC,1
The Law office of T.W. Murray,1
The Law Office of Timur Kishinevsky,1
THE LAW OFFICE OF VINCENT DESALVO,1
The Law Office of William H. Jackson,1
"THE LAW OFFICE OF WILLIAM J. FOX, P.C.",1
The Law Office of William J. McCarthy,3
The Law Office Yates & Schiller PA,1
The Law Offices of Andrew S. Kasmer; PC,1
The Law Offices of Anthony Iadevaia,1
The Law Offices of Barry A Schultz PC,6
The Law Offices of Barry A. Schultz,7
The Law Offices of Barry A. Shultz; P.C.,1
The Law Offices of Benjamin D. Pelton,1
The Law Offices of Benjamin D. Rust,1
The Law Offices of Berry A. Schultz,1
The Law Offices of Bonita P. Martinez,1
The Law Offices of Brian Timothy Meyers,1
The Law Offices of Brooks P. Marshall,1
The Law Offices of Carlos O. Gomez,1
The Law Offices of Casey D. Conklin; PLC,1
THE LAW OFFICES OF CHRISTOPHER A. WALKER,1
The Law Offices of Chrysti Bryant,1
The Law Offices of Damian D Capozzola,1
The Law Offices of David Damick; LC,1
The Law Offices of David Henderson,2
The Law Offices of David M Bogard,1
The Law Offices of David P. Sheldon,1
THE LAW OFFICES OF DAVID R JORDAN PC,1
"The Law Offices of David Rees, P.C.",2
The Law Offices of Derell D Wilison,1
The Law Offices of Derell D. Wilson,1
The Law Offices of DW Duke,1
THE LAW OFFICES OF EDDY & JONES PC,1
The Law Offices of Emeka A. Njoku; P.C.,2
The Law Offices of Erika E Anderson,1
The Law Offices of Gary M. Gilbert & Associates,1
The Law Offices of Gastone Bebi,1
THE LAW OFFICES OF GEORGE A. BURKE; LLC.,1
The Law Offices of Hall; Friedly & Ward,1
The Law Offices of James M. O'Dea,1
The Law Offices of Jan H. Brown; P.C.,1
The Law Offices of Jason E. Taylor P.C.,1
THE LAW OFFICES OF JASON R. HERRICK,1
"The Law Offices of Jeffrey Rabin & Associates, Ltd.",1
THE LAW OFFICES OF JIMMY EWENIKE,2
The Law Offices of Joe Bornstein,1
The Law Offices of John Goalwin,1
THE LAW OFFICES OF JORDAN GODDAR,1
The Law Offices of Jordan Goddard,11
THE LAW OFFICES OF JORDAN GODDARD,2
THE LAW OFFICES OF JOSEPH A. MALOUF,1
The Law Offices of Joseph C. Madalon,1
The Law Offices of Joseph Dubinsky,3
"The Law Offices of Joseph J. Steffen, Jr.",1
The Law Offices of Julie R. Ulmet,2
"THE LAW OFFICES OF KEITH ANTHONY, LLC",2
The law Offices of Kenneth Hiller,1
The Law Offices of Kenneth Hiller,2
The Law Offices of Larry H. Parker; Inc.,1
The Law Offices of Mark C Blane APC,1
THE LAW OFFICES OF MARK C. CAPWELL; P.A.,2
The Law Offices of Marshall B. Pitt; Jr.,1
The Law Offices of Michael DeMayo LLP,2
The Law Offices of Michael J. Gopin,1
THE LAW OFFICES OF MORRIS H. HYMAN,1
The Law Offices of Neil J. Lewis; P.A.,1
The Law Offices of Patrick J. Higgins,1
THE LAW OFFICES OF PETER KNAPMAN,2
THE LAW OFFICES OF REGINA L DARBY,1
THE LAW OFFICES OF REGINALD ESTELL JR PA,1
The Law Offices of Rehan Nazrali; Esq,2
The Law Offices of Ronald E. Sholes PA,1
The Law Offices of Rutger Heymann,1
The Law Offices of Ryan Quinn; PLLC,1
THE LAW OFFICES OF SIDNEY SCHUPAK; LLC,2
The Law Offices of Stephen E. Gertler,2
The Law Offices of Stephen R. Paul,2
The Law Offices of Stephen S. Stallings,3
The Law Offices of Steven Dolson,1
The Law Offices of Steven Dolson; PLLC,1
The Law Offices of Steven H Heisler Esq,1
The Law Offices of Steven H. Kaminski,1
The Law Offices of Steven R Dolson,1
The Law Offices of Steven R Dolson; PLLC,1
The Law Offices of Steven R. Dolson,3
The Law Offices of Steven R. Dolson PLLC,2
The Law Offices of Susan R. Wasserman,3
The Law Offices of Thomas Gallian; PLLC,1
The Law Offices of Todd Rash,1
THE LAW OFFICES OF TUDIE ANNE PHILLIPS,1
The Law Offices of Tyler & Peery,2
The Law Offices of Ursula Taylor,4
The Law Offices of Vic Feazell PC,1
The Law Offices of William J. Fox; P.C.,1
The Law Officxes of Gene S Hagood,1
The Law Offiice of Thomas J. Henry PLLC,1
THE LAWRENCE LAW FIRM,1
The Laws Law Firm PC,1
THE LAYBOURNE LAW FIRM,1
The Leader Law Firm,1
The Ledbetter Law Firm; PLC,1
The Ledger Law Firm,2
THE LEDGER LAW FIRM,2
The Leon Law Firm; PC,1
The Lindsay Law Firm; P.C.,1
"The Linn Law Firm, PLLC",2
The Lisenby Law Firm; P.C.,1
The Lokey Law Firm; LLC,1
The Lombardo Law Office,1
The Lovitz Law Firm,2
The Lowell Stanley Firm,1
The Lyon Firm,1
The Mabry Firm; PC,1
The Maher Law Firm,1
The Malki Law Offices; P.A.,1
The Mandel Law Group,2
The Manginello Law Firm; PLLC,1
The Marcaldo Law Firm,1
The Markham Group,1
The Marks Law Group LLC,1
The Martin Law Firm,1
The Martone Law Office,1
THE MARYE LAW FIRM,1
THE MASSIE LAW GROUP; P.C.,1
The Masters Law Firm; PC,1
The Matthews Firm; PLLC,1
The May Firm,1
The McDaniel Law Group; PLLC,3
The McGarity Group,1
The McHughes Law Firm; LLC,1
The McIntosh Law Firm; P.C.,1
The McLeod Firm,2
The Megwa Law Office,1
THE MEGWA LAW OFFICES; PLLC,2
The Mehle Law Firm PLLC,1
The Merryman Guthrie Law Firm LLC,1
The Metsker Law Firm,20
THE METSKER LAW FIRM,1
The Mike Cox Law Firm,2
The Mike Hostilo Law Firm,1
The Mills Law Firm LLP,1
The Mission Law Center,1
The Mitchell Firm; PLLC,1
The Mitchell Law Group,1
The Moore Law Firm,1
THE MORE LAW CENTER,1
THE MORGAN FIRM PA,1
The Morgan Firm PA DBA Morgan & Morgan,2
The Morgan Law Firm PA,1
The Moulton Law Firm,3
THE MOULTON LAW FIRM,1
The Moulton Law Firm; PC,1
The Mungo Law Firm PLC,1
The Nathan Law Firm,1
The Nathan Law Firm LLC,1
The Nation Law Firm; LLP,1
The Nelson Law Firm,1
The Nichols Law Group,1
The Nielsen Firm,1
The Nielsen Law Firm PC,2
The Nix Law Firm,3
The Nixon Law Firm; PLLC,1
The Noack Law Firm PLLC,1
The Noll Law Firm PC,1
The Norman Law Firm PLLC,1
The Norton Law Firm PC,1
THE NURSE LAWYER INC,1
The O'Neil Law Office; LLC,1
The Office of William Dennie Cook; P.C.,2
The Orenberg Law Firm; P.C.,2
The Orlando Firm,1
The Orr Firm,1
The Osiris A. Gonzalez Law Firm PLLC,1
THE OVERSTREET LAW FIRM,1
The Paglinawan Firm; P.C.,2
The Palmer Law Firm; P.A.,1
The Palmer Law Firm; PA,1
The Parmele Law Firm,1
The Parmele Law Firm P.C.,1
The Parmele Law Firm; P.C.,3
THE PATRICK LAW FIRM,1
The Paul Powell Law Firm,1
The Paul Wilkinson Law Firm,1
The Pawlowski Mastrilli Law Group,1
The Pawlowski/Mastrilli Law Group,1
The Pearson Law Firm,1
The Pearson Law Firm PLLC,2
"The Pearson Law Firm, PLLC",1
The Pearson Law Firm; PLLC,1
THE PELLINGRA LAW GROUP P.A,1
The Pels Law Firm,2
The Pendas Law Firm,2
The Pendergrass Law Firm,2
"The Peper Law Firm, PA",1
The Personal Injury & Criminal Law Firm,1
THE PHILLY LAWYERS,1
The Piemonte Law Firm,1
The Piemonte Law Firm PC,2
THE PIEMONTE LAW FIRM PC,1
The Piemonte Law Firm; PC,2
The Pittman Firm,1
THE PLUM LAW OFFICE,1
"The Poole Law Firm, PLLC",1
The Poole Law Firm; PLLC,1
The Pope Law Firm,2
The Popham Law Firm; PC,1
The Porter Law Firm,1
THE POTTER LAW FIRM PC,3
The Potts Law Firm,1
The Powell Law Firm,2
"THE PRESUTTI LAW FIRM, P.C.",2
The Pride Law Firm,22
The Rad Law Firm,2
The Ramirez Law Firm,2
The Rasansky Law Firm,2
The Rawlings Company,1
The Rawlings Company LLC,1
THE RAWLINGS COMPANY LLC,1
The Rawlings Company; LLC,2
The Rawlings Law Firm,1
The Rawls Law Group,1
"The Reardon Law Firm, PC",1
The Reardon Law Firm; LLC.,1
The Reardon Law Firm; P. C.,1
The Reece Law Firm LLC,1
The Replogle Firm PC,1
THE REX CARR LAW FIRM LLC,2
The Reyna Law Firm,1
The Reyna Law FIrm,1
THE REYNA LAW FIRM PC,2
THE REYNA LAW FIRM; P.C.,2
The Rich Firm,1
The Rich Firm; PC,1
The Rich Law Firm; PC,1
The Riddell Law Group,1
The Robenalt Law Firm; Inc,1
The Robenalt Law Firm; Inc.,2
The Robernalt Firm,2
The Roberts Law Firm,1
The Rogers Law Firm,3
THE ROGERS LAW FIRM,1
The Rogers Law Group P.A.,1
The Rosato Firm PC,2
The Rosato Firm; P.C.,1
THE ROTH FIRM,1
the roth firm;THE ROTH FIRM,1
The Rothenberg Law Firm; LLP,2
The Ruth Law Team,5
The Ryles Firm,1
The S.E. Farris Law Firm,3
The Sam Bernstein Law Firm,1
The Samuels Parmer Law Firm,1
THE SANCHEZ LAW FIRM,1
The Sasser Law Firm; P.A.,1
THE SAWAYA  LAW FIRM COLTAF ACCOUNT,1
THE SAWAYA LAW FIRM,1
THE SAWAYA LAW FIRM COLTAF ACCOUNT,1
The Scanlon Group,1
The Scanlon Group Co. LPA,1
The Schaefer Law Group LLC,1
The Schleicher Law Firm; PLLC,1
The Schnitzer Law Firm,1
The Scott Law Firm LLC,1
THE SCOTT LAW FIRM LLC,1
THE SENICH LAW FIRM; LLC,1
The Sexton Law Firm,1
THE SEXTON LAW FIRM,1
The Shamsi Law Firm,1
The Shawver Law Firm,1
The Sheena Law Firm,1
The Shim Law Firm; P.C.,1
The Silkman Law Firm PLL,1
The Simon Law Firm; P.C.,1
The Simon Law Group LLP,1
The Singleton Law Firm,1
The Skolnick; Weiser Law Firm; LLC,1
The Smith Fila Law Firm,3
The Smith Law Offices APC,2
THE SNOW LAW FIRM IOLTA,1
The Solomon Law Center; LLC,1
The Solomon Law Group,1
THE SON LAW FIRM,2
The Son Law Firm PSC  The Son Law Firm PSC,1
The Sorenson Law Firm; PLLC,2
The Soud Law Firm,1
The Spence Law Firm,1
The Sperling Firm LLC,1
THE SPIGARELLI LAW FIRM,1
The Stanley Law Firm,1
The Starkman Law Firm,1
The Stephens Law Firm,3
The stepp Law Firm,1
The Stepp Law Firm,4
THE STEPP LAW FIRM,1
The Stepp Law Firm PC,1
"The Stone Law Group - Trial Lawyers, LLC",1
The Strong Firm; PC,1
THE STRONG LAW FIRM,1
The Suggs Law Firm,1
THE SUMNER LAW GROUP; LLC,1
The Swafford Law Firm,1
The Swain Law Firm; PC,1
THE SWEENEY FIRM LAWYERS,1
The Talaska Law Firm; PLLC,1
The Tarantino Law Firm; LLP,1
The Tawwater Law Firm; P.L.L.C,1
The Tawwater Law Firm;The Tawwater Law Firm; P.L.L.C.,2
The Theos Law Firm; LLC,1
THE THISTLE LAW FIRM PC,2
The Thomas Firm PLLC,1
"The Thomas Firm, PLLC",1
The Thurswell Law Firm PLLC,1
The Tinker Law Firm; PLLC,1
The Todd Law Group PLLC,1
The Touchy Law Firm; P.L.L.C.,1
The Tourigny Law Firm,1
The Townsend Law Firm,1
The Townsley Law Firm,3
The Townsley Law Firm LLP,3
The Townsley Law Firm; LLP,1
The Trial Professionals; P.A.,2
The Trinity Law Group,1
THE TUCKER LAW FIRM; PLLC,1
The Tufts Law Firm; PLLC,1
The University of Chicago,1
The Upton Law Firm,1
The Upton Law Firm; LLC,1
"The Usman Law Firm, P.A.",1
The Valente Law Group,7
The Valenzuela Law Firm,2
The Vaughn Law Offices PLLC,1
The Verdecia Law Firm; LLC,1
The Viorst Law Offices PC,2
THE VRDOLAYK LAW GROUP; LLC,1
The W Firm,1
The Wagner Law Group,10
The Wagner Law Group LLC,1
The Ward Law Group,2
The Warren Firm,1
The Waters Law Firm,1
The Waters Law Firm PC,2
"The Watson Firm, PLLC",1
The Watson Firm; PLLC,1
The Webster Law Firm,5
The Weidner Law Firm; LLC,1
THE WEINSTEIN LAW FIRM,1
The Weitz Firm,1
The West Law Firm,1
THE WEST LAW FIRM,1
The Weston Firm PC,1
The Weyer Law Firm,1
The Wharton Law Firm,1
THE WIGGER LAW FIRM,1
The Wilber Group,1
The Wilber Lane Law Firm,1
The Wilkins Law Firm P.C,2
The Williamson Law Firm,1
The Winston Law Firm,2
The Winters Law Group; LLC,1
The Witt Law Firm,1
THE WOLF LAW FIRM,1
The Wozniak Law Group; PC,1
The Yates Firm LLC,1
The Yerrid Law Firm; P.A.,1
The Yolles Legal Group,2
The Yost Legal Group,1
The Zarella Law Office; LLC,1
The Zimmerman Law Firm,1
The Zinn Law Firm,1
The Zwerdling Law Firm LLP,1
Thee Tax Terminator,1
Theisen Brock,1
Themis Law Group,1
Theodore  Bowman,1
Theodore  Karpuk,1
Theodore  Smith,1
Theodore A Bowman,2
Theodore A Julian,1
THEODORE A NORWOOD,1
Theodore F Smith,1
Theodore F Smith Jr.,1
Theodore F. Smith Jr. PC,1
Theodore F. Smith Jr.; PC,1
Theodore H Enfield PA,1
Theodore H. Enfield P.A.,1
Theodore H. Enfield PA,1
Theodore H. Enfield; P.A.,1
Theodore L Stacy,1
THEODORE M BAILEY,2
Theodore P Watson,1
Theodore R Cooke,1
Theodore S Allison,1
Theodore S Forman,1
Theodore W Barudin,2
THEODORE W BARUDIN,5
Theodore Z Deutsch,1
Theresa  Abbott,1
THERESA  GALLION,1
THERESA A VARELA,1
Thiel Law NM LLC,1
Thomas  Bayham,3
THOMAS  BUSH,3
Thomas  C,1
THOMAS  CRANE,1
THOMAS  EDWARD,1
Thomas  Edwards,3
Thomas  Fitzpatrick,1
Thomas  Frieberg,1
THOMAS  GEORGE ASSOC.,1
THOMAS  GEORGE ASSOCIATE,1
THOMAS  GEORGE ASSOCIATES,1
THOMAS  GILL,1
Thomas  Gray,1
THOMAS  HIGGINS,1
THOMAS  HOLMAN WHEILER,1
Thomas  Jacobs,1
THOMAS  KEITH,1
Thomas  Kerner,1
THOMAS  KLEIN,1
THOMAS  KRAUSE,4
THOMAS  MASON,1
THOMAS  MASSEY,1
THOMAS  MCKAY,1
Thomas  Moribondo,1
Thomas  Olmstead,1
Thomas  Pavano,1
THOMAS  QUICK,1
Thomas  Reynolds,1
THOMAS  RUTLEDGE,1
THOMAS  SCHLOSSER,1
THOMAS  STYLIANOS JR,1
Thomas  Sutton,2
THOMAS  SUTTON,1
THOMAS  TRAUBE,1
Thomas  Turner,1
Thomas  Van Norman,1
Thomas & Thomas Law PLLC,1
Thomas A Ambrose,2
Thomas A Carse,1
Thomas A Cena,1
Thomas A Geelhoed,4
Thomas A Hansen,1
THOMAS A KRAUS,1
Thomas A Krause,37
THOMAS A KRAUSE,26
Thomas A Lemmer,1
Thomas A McCarter,2
Thomas A McFarland,1
THOMAS A McFARLAND,2
THOMAS A MCFARLAND,8
THOMAS A SOBECKI,1
THOMAS A WOLFE;WOLFE FIRM TRUST ACCT,1
Thomas A. Manges; LLC,1
Thomas B Browder,4
THOMAS B BROWDER,2
Thomas B Byrne,1
Thomas B Calvert PLLC,2
THOMAS B CORBIN,1
Thomas B Morrison,2
THOMAS B ROEBIG,1
Thomas B Woodall,1
Thomas Braun Bernard & Burke LLP,1
THOMAS BROCK & STOUT LLC,1
THOMAS C BLASKA & ASSOCIATES IOLTA ACCT,1
THOMAS C BUCHELE,1
THOMAS C EVANS,1
THOMAS C JESSEE,2
Thomas C O'Keefe,2
THOMAS C O'KEEFE,4
Thomas C O'Keefe III,1
THOMAS C O'KEEFE III,1
THOMAS C OKEEFE,1
Thomas C Staples,1
Thomas C. Patton PC,1
Thomas Campbell Law Office,1
THOMAS D HAGGARD IOLTA ACCT,1
THOMAS D JONES PC,2
Thomas D Lininger,1
THOMAS D SCHNEIDER,1
Thomas D Sutton,15
THOMAS D SUTTON,5
THOMAS D THOMPSON,1
Thomas Dimitre Attorney at Law; LLC,1
Thomas E Bush,13
THOMAS E BUSH,20
Thomas E Bush SC,3
Thomas E Campbell,1
THOMAS E LUCAS,1
Thomas E Pyles,1
Thomas E Quirk,1
THOMAS E REILLY,1
THOMAS E STRELKA,1
Thomas E. Bush SC,2
Thomas E. McIntire & Associates; L.C.,1
THOMAS F FRIEDBERG,1
Thomas F Snyker,1
Thomas F Yost Jr PA IOLTA Trust,1
THOMAS G KELLY,1
THOMAS G KEMMY,1
THOMAS G KREUL,1
THOMAS G QUICK,1
THOMAS G SAUNDERS,1
Thomas George & Associates,4
Thomas George and Associates,3
THOMAS GEORGE ASSO,1
Thomas George Assoc,3
Thomas George Assoc  agents for Liberty Mutual,1
Thomas George Assoc Ltd,1
Thomas George Assoc LTD,2
Thomas George Assoc; LTD,1
Thomas George Assoc; LTD;Thomas George Associates,1
Thomas George Assoc.,2
Thomas George Assoc.;  Ltd. (TGA),1
Thomas George Assocaites,1
Thomas George Associate,1
Thomas George Associates,66
THOMAS GEORGE ASSOCIATES,15
Thomas George Associates LIBE,1
THOMAS GEORGE ASSOCIATES LTC,1
Thomas George Associates Ltd,2
Thomas George Associates LTD,14
THOMAS GEORGE ASSOCIATES LTD,2
Thomas George Associates Ltd.,3
Thomas George Associates SAFE,1
"Thomas George Associates, LTD",3
"Thomas George Associates, Ltd.",2
Thomas George Associates; Ltd,1
Thomas George Associates; LTD,5
THOMAS GEORGE ASSOCIATES; LTD,1
Thomas George Associates; Ltd.,3
Thomas George Associcates,1
Thomas George Asssociates,1
THOMAS H COMER,1
THOMAS H KLEIN,8
THOMAS H MCCANN,1
THOMAS H WAGENBLAST,1
THOMAS J BERTINO,2
THOMAS J DUFF,1
THOMAS J FUCILLO,1
THOMAS J GEHRING,1
Thomas J Giordano; Jr.,1
THOMAS J GRAY,1
Thomas J Henry Injury Attorneys,1
Thomas J Henry Law,1
Thomas J Henry Law Office,1
Thomas J Henry Law PLLC,1
THOMAS J INTILI,1
Thomas J Leksan,1
THOMAS J MANNING,1
Thomas J Massey,1
THOMAS J MASSEY,3
THOMAS J POPOVICH PC CLIENT TR ACCT,1
THOMAS J RILEY,1
Thomas J. Henry,1
Thomas J. Henry Injury Attorneys,1
THOMAS J. HENRY LAW,2
Thomas J. Henry Law PC,2
"Thomas J. Henry Law, P.C.",1
"Thomas J. Henry Law, PC",3
Thomas J. Massey,1
Thomas J. Massey Attorney at Law,1
Thomas J. Massey Attorney At Law,1
Thomas J. Ueberschaer; P.A.,1
THOMAS K NEILL,1
Thomas Keel & Laird,1
Thomas Keel & Laird LLC,2
Thomas L Schaefer,1
Thomas L Spelman,1
Thomas Law Firm,1
"Thomas Law Offices, PLLC",1
Thomas M Lake,1
THOMAS M PETRONIO,1
Thomas M Wright,1
THOMAS M WRIGHT;WRIGHT;STOUT & WILBURN PC,1
THOMAS M. GEISNESS & ASSOC. INC,1
THOMAS MORE  LAW CENTER,1
Thomas More Law Center,4
THOMAS MORE LAW CENTER,5
THOMAS N SHERIDAN,1
THOMAS O FALB,1
THOMAS O KEEFE JR PC;THOMAS Q KEEFE,1
THOMAS P COMERFORD,1
Thomas P Peters II & Associates; PA,1
THOMAS P POLACEK,1
THOMAS P SCHLOSSER,1
THOMAS P TULLY;TULLY LAW OFFICE PC,1
THOMAS P VALET,1
THOMAS PHILIP  KELLY III,1
THOMAS Q KEEFE,2
THOMAS R SHELTON,1
Thomas S. Francis,1
Thomas Soileau Jackson & Cole LLP,1
Thomas U Reynolds,18
Thomas U Reynolds Attorney,1
Thomas U Reynolds Attorney at Law,1
Thomas U Reynolds Law Firm,1
Thomas U Reynolds; Attorney at Law,1
Thomas U. Reynolds; Attorney at Law,2
Thomas V. Mike Miller. Jr. P.A.,1
THOMAS W ANDERSON PC,2
Thomas W Durkin,11
THOMAS W DURKIN,4
THOMAS W HAMRICK,1
Thomas W Harrity,1
Thomas W Kavanagh,1
THOMAS W KAVANAGH,1
Thomas W Pleasant,2
Thomas W. Russo; P.C.,1
THOMAS WILLIAMS & PARK LLP,1
Thomas-George associates,1
"THOMAS, COON, NEWTON & FROST",1
Thomas; Adams & Assoc PC,1
THOMASINE E MOORE ATTY AT LAW PA,1
THOMPSON & ASSOCIATES,1
Thompson & Knight LLP,1
Thompson & Knight; LLP,1
THOMPSON & REILLY IOLTA ACCOUNT,1
Thompson & Sheve PLLC,1
Thompson Coburn LLP,1
Thompson G Kirkpatrick,1
Thompson Hine LLP,1
"Thompson Hine, LLP",1
Thompson Law,3
Thompson Law Firm LLC,1
Thompson Legal,1
Thompson Legal PA,1
Thompson Legal; P.A.,1
Thompson McMullan PC,1
THOMPSON; SLAGLE & HANNAN;LLC,1
Thompsons  Solicitors,1
Thompsons Client Account,1
Thorn  Smith,1
THORN O EMBLEM,1
Thornberry; Eischens & Brown LLC,1
Thorne & Skinner,1
Thorner Kennedy & Ganos PS,1
Thornton Biechlin Reynolds Guerra,1
Thorsnes Bartolotta Mcguire,2
Thorsnes Bartolotta McGuire LLP,3
THRASHER LISS & SMITH LLC IOLTA ACCT,2
Thunderbird Strategic LLC,1
TIA M KENNEDY,1
Tiano & O'Dell,1
Tiano & ODell Law Firm,1
Tiano O'Dell PLLC,3
Tiano O'Dell; PLLC,7
Tiano ODell; PLLC,1
Tichenor & Dziuba LLP,2
Tidal Basin Law; PLLC,1
Tidmore Law Offices; P.L.L.C,1
TIDWELL & TIDWELL LLP,2
Tiffany & Bosco P.A.,1
Tijerina Legal Group PC,4
Tijerina Legal Group; P.C.,1
TIKHOMIROV & ROYTBLAT,1
TILLERY & TILLERY TRUST ACCOUNT,1
TILTON & TILTON,1
Tilton & Tilton LLP,1
Tilton Tilton LLP,1
Tim  Bowden,1
TIM  GRESBACK,1
Tim  Kern,5
Tim  Locke,1
Tim  McDougall,1
TIM  PRESO,1
Tim  Wilborn,24
TIM  WILBORN,21
TIM  WILBORN;WILBORN & ASSOCIATES PC,5
Tim A Tarter,2
Tim D Wilborn,4
Tim Dudley LTD,1
Tim Dudley LtD Lawyer,1
TIM LYONS LAW,1
TIM PIGFORD ET AL,1
TIM S HODSON,1
TIM WILLIAMS LAW OFFICE; PLLC,1
TIMASHE E CHIMWAZA,1
TiMedLaw Firm; P.A.,1
Timian & Fawcett LLC,2
"Timian & Fawcett, LLC",1
Timian & Fawcett; LLC,1
Timm W Reid,1
"Timmer, Judkins & Borland, P.L.L.C",1
TIMMY LEE  FIELDS,1
TIMOTHY  BELZ,1
Timothy  Bergere,10
Timothy  Bridge,1
TIMOTHY  BURNETT,1
Timothy  Burns,6
TIMOTHY  BURNS,1
Timothy  Clancy,2
TIMOTHY  CLARDY,1
TIMOTHY  ENGELMEYER,1
TIMOTHY  GARVEY,1
Timothy  Hagery,1
TIMOTHY  HAMILTON;WALKER HAMILTON & WHITE,1
Timothy  Hiller,18
TIMOTHY  HILLER,6
TIMOTHY  KIDD,3
TIMOTHY  KINGSTON,1
TIMOTHY  LOCK,1
Timothy  Morris,1
Timothy  Quinn,1
TIMOTHY  RENSCH,1
Timothy  Roberts,1
Timothy  Staggs,1
Timothy  Sullivan,3
Timothy  Tripp,2
TIMOTHY  TRIPP,1
Timothy  Vanagas,1
Timothy  Vrana,2
Timothy A Bridge,2
TIMOTHY A BRIDGE,1
TIMOTHY A DACHILLE,2
TIMOTHY A GILL,1
TIMOTHY A MCDONOUGH,1
TIMOTHY A MULHALL,1
TIMOTHY A ROWE,1
TIMOTHY B NODLAND,1
Timothy Bergere,2
TIMOTHY C CARESS,1
Timothy C Harlan,3
TIMOTHY C HARLAN,4
TIMOTHY D BROWN,1
TIMOTHY D MCKINZIE & ASSO,1
Timothy Duggan,1
Timothy E Burns,8
TIMOTHY E BURNS,3
Timothy E Skaggs,1
Timothy E Staggs,1
TIMOTHY E STAGGS,1
TIMOTHY F COGAN,1
Timothy G Anderson,1
Timothy Hiller; Esq.,1
Timothy J Barton,2
Timothy J Bergere,19
TIMOTHY J BERGERE,2
Timothy J Bernasek,2
TIMOTHY J BYLAND,1
TIMOTHY J CUDDIGAN,1
TIMOTHY J DRISCOLL,1
Timothy J Kern,2
Timothy J King,1
TIMOTHY J MCKAY,1
TIMOTHY J NOLAN,1
Timothy J Ryan & Associates,1
Timothy J Vrana,26
TIMOTHY J VRANA,11
Timothy J Vrana LLC,7
Timothy J Vrena,1
Timothy J Witczak,1
Timothy J. Ryan & Associates,2
TIMOTHY L BUTLER CLIENT TRUST ACCT,1
TIMOTHY L JACOBS,1
TIMOTHY L MOULTON,1
Timothy M Burke Law Office,1
TIMOTHY M FARROW,1
Timothy M McLean,1
TIMOTHY M TRIPP,1
Timothy N Tripp,8
TIMOTHY N TRIPP,5
Timothy P Assaf,1
Timothy P Geary,4
TIMOTHY P GEARY,3
Timothy P Geary Attorney at Law LLC,1
TIMOTHY P O'BRIEN,1
TIMOTHY P OBRIEN,1
Timothy R Patterson,1
Timothy R Tyler,1
Timothy R White,4
TIMOTHY R WHITE,1
TIMOTHY T SEMPF,1
Timothy W Mizerowski,1
TIMOTHY W MURPHY;WADE S KOLB JR IOLTA ACCT,1
"Tin, Fulton, Walker & Owen, PLLC",1
TIN; FULTON; WALKER & OWEN; PLLC,1
Tina  Fields,1
Tingey Injury Law Firm,1
Tinsman & Sciano,5
Tinsman & Sciano Inc,2
"Tinsman & Sciano, Inc",2
Tinsman & Sciano; Inc,1
Tinsman & Sciano; Inc.,7
Tisdale Middleton Law Firm,3
Tishbi Law Firm APC,1
Tishkoff & Associates PC,1
"Tittle Law, LLC",1
TJ Morelli-Wolfe PC,2
TL Thompson  & Associates Inc,1
TL Thompson & Associates Inc,1
TN BAR FOUNDATION IOLTA;WILLIAM B SLOAN,1
Tobin Kessler Greenstein Caruso Esqs.,1
Tobin Law Office LLC,1
Tobin Law Office; LLC,1
Tobin Reitman Greenstein Caruso Wiener,1
Tobin; O'Connor & Ewing,1
TODD  CONORMON,1
TODD  DOUGLAS TINKER,1
Todd  Harshman,1
Todd  Mozingo,1
TODD  PHARES,1
Todd  Pittenger,1
TODD  POWERS,1
Todd  Renda,15
TODD  RENDA,12
TODD  RUSSELL RENDA,3
Todd  Shea,1
TODD  TKACH,1
Todd & Dossett,1
Todd & Weld LLP,1
Todd Boudreaux; PC,2
Todd C Conormon,2
TODD C CONORMON,1
Todd C. Conormon; P.A.,1
Todd Clement Law Firm,1
Todd E. Tkach; P.C.; Attorneys at Law,1
Todd F Bovo,1
Todd Griffin PLLC,1
Todd J Johnson,1
TODD J McKENNA,1
Todd K. Miner; P.A.,1
Todd Miller Law Co.,1
Todd Miner Law,2
TODD PETERSON LAW OFFICES,1
Todd R Renda,39
TODD R RENDA,30
TODD R RENDA ATTORNEY AT LAW,8
"Todd R. Renda, Attorney at Law",7
Todd R. Renda; Attorney at Law,17
Todd Rosen Law Group,2
TODD RUSSELL  RENDA,1
TODD S HAMMOND,1
TODD S OSBORNE,2
Todd W Billmire,2
TOFER & ASSOCIATES,1
Tofer and Associates,1
Tofer and Associates PLC,1
Tolbert Beadle  Musgrave LLC,1
TOLBERT BEADLE & MUSGRAVE LLC,1
Tolleson & Nash IOLTA Trust Acct.,1
TOM  GEHRING,1
TOM  MARION,1
Tom  O'Neil,1
Tom  O'Neill,3
TOM  O'NEILL,2
TOM  PENNEKAMP,2
Tom  Ryan,1
TOM  WHITNEY,1
Tom G Cordell,2
TOM RHODES LAW FIRM PC,1
Tom Riley Law Firm P.L.C.,1
Tomeny Law Firm,2
TOMMY A JOHNSON;TYLER  JOHNSON LLC,1
Tommy Klepper & Assoc,2
Tommy Klepper & Associates,1
Tommy Klepper & Associates PLLC,3
Tommy Klepper & Associates; PLLC,1
Toni Jaramilla APLC,1
Toni Jaramilla Law Offices APLC,1
Tonio  Sacco,1
TONY  ARJO,1
TONY  DITOMMASO,1
TONY  FASANO,1
Tony  Richa,1
Tony D Monge,1
TONY F ORTIZ ATTORNEY AT LAW LLC,1
TONY L WILCOX P A,1
Tony Milazzo  Hebbler & Giordano LLC,1
Tonya J Hirsch,1
TOON & OSMOND,1
Top-Pi-Firm APC,1
TOPKIN &  PARTLOW PL,1
TOPKIN & EGNER P L,1
Torger  Oaas,1
TORGER S OAAS,1
Torklaw,1
Toscano Law Firm,1
TOSCANO LAW FIRM,1
TOSCANO LAW FIRM PC IOTA ACCOUNT,1
"Toscano Law Firm, PC",1
Touchet Law Firm,1
Touchet Law Firm P.C.,1
Touchet Law Firm PC,2
TOUCHY & GREEN LLP IOLTA,1
Toudouze Law PC,1
Tourigny Law Firm; L.L.C.,1
TOURKOW CRELL ROSENBLATT JOHNSTONE,1
Towe & Fitzpatrick Attorneys at Law,1
Towe & Fitzpatrick PLLC,3
Towe Ball Mackey Sommerfield Turner,1
Tower Law Group,18
TOWEY LAW; PLLC,2
Towne Ryan and Partners,1
Towns Law Firm,1
Townsend & Townsend,2
"Townsend & Townsend, LLP",1
Townsend Law,1
TR ACCT LAW OFCS OF DAVID J ST LOUIS INC,1
TRACEY L MORIN,1
TRACEY R WALLACE,1
Tracey; Fox; King & Walters,1
Traci  Severs,4
Traci L Severs,21
TRACI L SEVERS,11
TRACI L SEVERS ATTORNEY AT LAW,1
Traci L Severs LLC,1
"Traci L. Severs, LLC",5
Traci L. Severs; LLC,6
Traci Severs,1
Traci Severs LLC,1
Tracie J. Jackson Law Office,1
Tracy & Stillwell PC,1
TRACY L HARTMAN,1
Tracy L Severs,2
Tracy L. Severs; LLC,1
Tracy N D'Amico,1
Tracy T Miller,1
Tragos; Sartes & Tragos,1
Trammell Piazza Law Firm,2
TRAN &  ASSOCIATES,1
Tran Law Group,1
TransPac Solutions,2
Trantolo & Trantolo LLC,1
Trantolo & Trantolo; LLC,2
Trapp & Geller,1
Traut Firm,2
Travelers,1
Travelers Home and Marine Insurance,1
Travelers Indemnity Co.,2
Travelers Indemnity Company,2
Traver & Traver,1
TRAVER & TRAVER,1
Traver & Traver S.C.,3
Traver & Traver SC,4
Traver & Traver; S.C.,4
Traver & Traver; SC,2
Travis Herbert & Stempien,2
TRAVIS L MCELHANY,1
Travis Law Office,1
Travis Stroud Law,1
Travis; Pravlik & Milliam; LLP,1
Trecker & Fritz,1
TRECKER & FRITZ,1
Trecker; Fritz & Williams AAL,2
Tree Law Firm,2
Tree Law LLC,1
Tree Law Office,58
TREE LAW OFFICE,5
"Tree Law Office , PLLC",1
Tree Law Offices,55
"Tree Law Offices, PLLC",1
Tree Law PLLC,1
TreeLaw Firm,1
Tremont Sheldon Robinson Mahoney PC,3
Trenchard & Hoskins,1
TRENT  MCCAIN,2
Trent A Howell,2
Treon & Aguirre,3
Tretschok McNamara & Miller P.C.,1
Tretschok Mcnamara & Miller Pc,1
Tretschok McNamara & Miller PC,1
TRETSCHOK MCNAMARA & MILLER PC,1
Tretschok McNamara Miller & Feldman,2
Tretschok; McNamara & Miller PC,1
Tretschok; McNamara; Miller & Feldman,1
Tretschok; McNamara; Miller; Feldman,1
TREVOR F BERRETT,1
Treyvus & Konoski P.C.,1
Treyzon And Associates Client Trust,1
TrialHawk Litigation Group; LLC,1
TRIBAL FIRST,1
TRICIA SCHINDLEDECKER TR ATTORNEY,1
TRIMAX LAW FIRM,1
Trimble & Grant PLLC,2
TRIMBLE LAW OFFICE PC,1
TRINA  REALMUTO,2
Trinity/USG,3
Triple L Law P.C.,1
Tripp Law Firm,1
Tripp P.C.,2
"Tripp, P.C.",2
"TRIPP, P.C.",2
Tripp; P.C.,5
TRISH  OVERSTREET,1
Trisha  Ortiz,1
TRISHA  POST,1
"Trister, Ross, Schadler & Gold, PLLC",1
Trister; Ross; Schadler & Gold; PLLC,1
Trombly & Singer PLLC,1
Tronfeld West & Durrett,2
TRONFELD WEST & DURRETT,4
Troubh Helsler,1
Troup; Christnacht; Ladenburg; McKasy,1
Troutman & Troutman,19
TROUTMAN & TROUTMAN,2
Troutman & Troutman PC,8
TROUTMAN & TROUTMAN PC,5
"Troutman & Troutman, P.C.",1
Troutman & Troutman; P.C.,11
Troutman & Troutman; PC,10
TROUTMAN & TROUTMAN; PC,1
Troutman and Troutman,7
Troutman and Troutman PC,1
Troutman Law Firm; P.A.,1
Troutman Pepper Hamilton Sanders LLP,1
Troutman Sanders,1
Troutman Sanders LLP,1
Troutman&Troutman,1
TROVER  SOLUTIONS; TPCS;VASEEM S HADI,1
Troy  Monge,8
TROY  MONGE,4
Troy A Lanier,1
"Troy A. Lanier, P.C.",1
Troy A. Lanier; PC,2
Troy D Monge,2
Troy D Monge Esq.,8
TROY R KELLER APLC,1
TRUDY  ADELL,1
"True North Law Group, LLC",2
True North Law LLC,1
"True North Law, LLC",2
True North Law; LLC,6
Truhlar and Truhlar LLP,1
Truitt & Lyons,1
Trumbull Ins/ASO Ella Mankins c/o,1
Truss Faber PC,1
TRUST ACCOUNT,4
Trust Account of Anderson & Associate,1
TRUST ACCOUNT OF KRAVITZ LAW GROUP; PA,1
TRUST ACCOUNT;VICTOR  HARDING;WARSHAFSKY ROTTER TARNOFF & BLOCH SC,1
TRUST ACCOUNT;VICTOR  HARDING;WARSHAFSKY ROTTER TARNOFF & BLOCK SC,1
Trust Acct D. Andrew Vloedman,1
TRUST FUND OF PETER T WALTZ SC,1
Trustee of the Law Offic of Mark Waple,1
Tsao-Wu & Yee LLP,1
Tsilimos; Dolesh; Pena; LLC,1
TSR Injury Law,3
Tsugawa Lau & Muzzi LLLC,1
Tuan A Khuu & Associates,1
Tucker & Miller; LLLP,2
Tucker Arensberg,1
Tucker Arensberg P.C.,1
TUCKER ARENSBERG P.C.,1
TUCKER ARENSBURG; P.C. (IOLTA ACCT),1
Tucker Ellis LLP,1
TUCKER EVERITT LONG BREWTON & LANIER,2
Tucker Law,1
Tucker Law Group,1
Tucker Long; P.C.,1
TUCKER; EVERITT; LONG; BREWTON,1
Tucker; Everitt; Long; Brewton & Lanier,1
Tuholske Law Office PC,1
Tuite Law,19
Tulane Environmental Law Clinic,1
Tullio DeLuca Esq.,1
Tully Rinckey PLLC,14
"Tully Rinckey, PLLC",1
Tully Rinckey; PLLC,2
Tumelty & Spier; LLP,1
Turbin Chu Heidt,1
TURBIN CHU HEIDT; A Law Corporation,2
Turbitt; O'Herron & Leach; PLLC,1
Turley Redmond & Rosasco,4
"Turley Redmond & Rosasco, LLP",2
Turley Redmond Rosasco & Rosasco LLP,1
"Turley, Redmond & Rosasco",9
Turley; Redmond & Rosasco,3
Turley; Redmond; Rosasco & Rosasco,2
Turley; Redmond; Rosasco & Rosasco; LLP,1
Turnbull Brockmeyer Law Group,1
Turnbull Law Firm,1
"Turnbull, Holcomb & LeMoine PC",1
"Turnbull, Holcomb & LeMoine, P.C.",1
"Turnbull, Holcomb & LeMoine, PC",3
TURNER & ASSOCIATES PLLC,1
Turner and Rasch,1
Turner Law Office; PLLC,2
Turner Onderdonk Kimbrough & Howell,1
Turner Padget,1
TURNER PADGET GRAHAM & LANEY PA,2
Turnipseed and Associates,1
Tuzzolino Law,2
TVA,1
Twenge; Twombley Law Firm,1
Twiggs Strickland & Rabenau; PA,1
TWOMEY LAW OFFICE,1
TYA S SMITH  ESQ,1
Tye S Smith,7
TYE S SMITH,13
Tyler  Rognlin,1
Tyler & Peery,2
"Tyler & Possa, APLC",1
Tyler D Benson,1
Tyler E Patterson,1
TYLER L RANDOLPH,1
TYLER LAW OFFICES,1
Tynan  Buthod,1
TYRONE  TOWNSEND,1
Tzangas Plakas Mannos,1
U.S. Disability Group PLLC,1
U.S. EPA Region 1,1
Ubom Law Group,1
Udall Law Firm; LLP,1
UDALL SHUMWAY; PLD IOLTA TR ACCT,1
"Udelman Law Firm, P.L.C.",1
Udine & Udine PA,1
UDINE & UDINE PA,5
Udine & Udine PA Trust Acct,1
Uehlein & Associates LLC,1
Uehlein & Associates; LLC,1
Ufkes & Bright Atty Client Trust Acct,1
Umberto Cerrai,1
United Disability Lawyers Group,3
United Disability Lawyers Group-Providence,1
UNITED FINANCIAL CASUALTY COMPANY,1
UNITED STATES  PENITENTIARY ADX,1
United Subrogation,2
United Subrogation Associates,9
United Subrogation Association,1
Univ of Denver Sturm College of Law,1
University of California Irvine,1
University of Chicago,1
University of Denver Student Law Office,2
University of Southern California,1
UNM SW Indian Law Clinic,1
Unruh Turner Burke & Frees; P.C.,1
UPTON &  HATFIELD LLP IOLTA,1
Urban & Taylor,1
Urech & Livaudais; P.C.,1
URICCHIO HOWE & KRELL PA,1
URICCHIO HOWE KRELL JACOBSON TOPOREK PA,1
US Disability Group,1
US Disability Group; PLLC,1
USAA,1
USAA;Wilber & Associates PC,2
Usry; Weeks & Matthews,1
Ustynoski & Marusak LLC,1
UVAILE LAW FIRM PLLC,1
Uvalle Law Firm PLLC,1
UVALLE LAW FIRM PLLC,1
"Uvalle law Firm, PLLC",1
V Lamar  Gudger,2
VACURA LAW OFFICE TRUST ACCT,1
Vail; Cross-Euteneier & Associates,1
VAL  DAVIS,1
Valarie  Burch,1
Valcarce Law Office,3
Valcarce Law Office LLC,50
VALCARCE LAW OFFICE LLC,1
Valcarce Law Office LLC IOLTA,2
Valcarce Law Office; LLC,10
Valcarce Law Offices LLC,1
Valcourt & Associates LLC,1
Valdez; De La O  & Associates Inc,1
Valdi  Licul,1
Valencia Law Group PLLC,2
Valenzuela Law Firm PLLC,1
Valerie  Barsom,1
VALERIE  WILLIFORD;VALERIE WILLIFORD ESQ TR ACCT,1
VAN DER HOUT,1
VAN DER HOUT BRIGAGALIANO & NIGHTINGALE,1
Van Der Hout Brigagliano & Nightingale,1
VAN DER HOUT BRIGAGLIANO & NIGHTINGALE,2
Van Der Hout Brigagliano Nightingale LLP,1
Van Der Hout; Brigagliano & Nightingale,1
Van Der Hout; Brigagliano; Nightingale,1
Van Dorn & Curtiss; PLLC,1
Van Gilder & Trzynka PC,1
"Van Law Firm, PLLC",1
Van Meter Law Firm,1
Van Meter Law Firm PLC,2
Van Meter Law Firm PLC; IOLTA Trust Acct,1
VAN NESS FELDMAN LLP,1
Van Ness Feldman; LLP,1
Van Wey Law; PLLC,1
Van Winkle Law Firm,1
VanAmberg Rogers Yepa Abeita & Gomez LLP,2
VanAmberg Rogers Yepa Abeita Gomez,2
VANAMBERG ROGERS YEPA ABEITA GOMEZ,1
"VANAMBERG, ROGERS, YEPA, ABEITA & GOMEZ",1
VanAmberg; ROGERS; YEPA ABEITA & GOMEZ,2
VanAmberg; Rogers; Yepa; Abeita & Gomez,1
Vance & Lotane,1
Vance Lotane &  Bookhart P A & The Hartford,1
VANCE LOTANE & BOOKHARDT P.A.,1
Vance Lotane & Bookhardt PA,1
Vance; Lotane & Bookhardt PA Trust,1
Vandenberg Law,1
VANDERGINST LAW PC,1
VanDerHeyden Law Office,1
VanDerHeyden Law Office PA,1
VanDerHout Brigaglano & Nightingale LLP,1
Vandeveer Garzia PC,1
Vandeventer Black LLP,1
VanDeventer Black LLP,1
VANDEVENTER BLACK LLP,1
VANESSA M ABEYTA,1
VAnNESS & VAnNESS P.A. IOTA CLNT TRT,1
"Vanover, Hall, Bartley & Ward, P.S.C.",1
VANSANT & CORRIERE LLC,2
VARD R JOHNSON,1
"Varela, Lee, Metz & Guarino LLP",1
Vargas Chapman Woods LLC,1
Varner Faddis Elite Legal,1
VASOS LAW OFFICES TRUST ACCOUNT,2
Vastola & Kirwan; P.A.,1
Vastola Legal,1
VAUGHN  CLAUSON,2
Vaughn  Wamsley,1
Vaughn A Booker,1
"Vaughn A. Wamsley, PC",1
Vaughn S Clauson,2
VAUGHN S CLAUSON,1
Vaux Marscher Berglind PA,2
Vaziri Law Group; APC,2
Vecchio & Vegh LLC,1
VedderPrice PC,1
Vegas Valley Injury Law,1
"Velaquez Law Offices, PSC",2
Velasquez Dolan Arias; P.A.,1
"Velasquez Dolan, P.A.",1
Velazquez & Velazquez Law Offices; PSC,5
Velazquez Law Offices PSC,1
Velikanje Halverson P.C.,1
Venable LLP,4
VENABLE LLP,1
Venable LLP Escrow Account,1
"Venable, LLP",1
Venardi Zurada LLP,1
Veneri Law Offices,2
VENGROFF WILLIAMS & ASSOCIATES INC,2
Vengroff Williams Inc,1
VENGROFF WILLIAMS INC,1
Vengroff Williams Inc.,2
Vengroff Williams Incorporated,1
Vengroff; Williams &  Associates,1
VENGROFF; WILLIAMS & ASSOCIATES,1
Vengroff; Williams & Associates Inc.,1
VENTKER AND WARMAN PLLC,1
Ventura & Ribeiro LLC,1
Ventura Law,2
"Ventura Law, APLC",1
Ventura Subrogation,1
Vernon  James,1
Veron Bice LLC,1
Veron Bice Palermo & Wilson LLC,2
Veronica A Holt,1
Veronica Emilce  Phillips,3
Veronique  Richardson,1
Versical Law - Royal Oak,1
Versical Law PLLC,9
"Versical Law, PLLC",4
Verusio e Cosmelli - Studio Legale,1
"Veterans Legal Advocacy Group, P.C.",1
VEZINA; LAWRENCE & PISCITELLI; P.A.,1
VG Law Group LLP,1
Vicente  Santori,1
Vick & Glantz LLP Lawyer Trust Account,1
Vickery & Shepherd; LLP,1
Vicki  Dempsey,1
Vicki A Dempsey,1
Vickie  Fang,1
Vicky R Hruby,1
Victor  Altamirano,1
Victor  Mantel,1
VICTOR  MANTEL,1
Victor  Mitchener,1
Victor A. Ruiz; P.A.,1
VICTOR G KLINGELHOFER,2
VICTOR M BROWN,1
VICTOR M SERBY,1
VICTOR MANUEL  RODRIGUEZ,1
Victor R Spencer,1
VICTOR RANE,1
Victoria  Chhagan,3
VICTORIA  CHHAGAN,13
Victoria  Dye,1
VICTORIA A FERRER-KERBER,1
Victoria B Chhagan,7
VICTORIA B CHHAGAN,8
Victoria E Ames,1
VICTORIA J PIKE,2
Vielledent & Associates; PLLC,1
Vielma Law Firm,1
"Vielma Law Firm, PLLC",1
Vigil Law Firm,1
Vigil Law Firm; P.A.,1
VIJAY  PATEL,1
Vijay J Patel,1
VIK  PAWAR,1
Viking Client Services,2
Viking Client Services LLC,3
Viking Client Services; LLC,1
Viles & Beckman; LLC,1
Villari; Lentz & Lynam; LLC,1
Villarreal & Begum Law Firm,1
Villarreal & Begum Law Group,2
VILLARREAL & BEGUM LAW GROUP,1
VILLARREAL & BEGUM MART,1
Villarreal & Begum PLLC,2
"VILLARREAL & BEGUM, PLLC",2
Villmer Caudill; PLLC,1
Vinal & Vinal,1
Vince  Rabago,1
Vince  Sabella,1
VINCENT  JESUELE,1
VINCENT  LIPARI,1
VINCENT  MONFREDO,1
VINCENT  QUIGG,1
Vincent A Decesare Law Offices,1
VINCENT A FULLER,1
Vincent D Jackson,1
VINCENT F PRESTO,1
Vincent J DeSalvo,2
Vincent M Lentini,1
VINCENT MARK J POLICY,1
VINCENT P SCALLAN,1
Vincent R Angermeier,1
Vincent U Iwudike,3
Vincent/Davey Law Firm,1
Viner Disability Law,2
Vinkler Law Offices Ltd,1
Vinson & Elkins LLP,6
VINSON & ELKINS LLP,1
Vinson & Elkins LP,1
Vinturella Law Firm,2
Viorst Law Offices PC,1
Viper Law Group,2
VIRGIL A ILER,1
VIRGIL A LIER,1
VIRGIL L ADAMS,1
Virginia  Buchanan,2
Virginia Beach Injury Law PLLC,1
Virginia Injury Law,1
VIRGINIA L CARD SMITH,1
Virginia L LoCoco,1
Virginia Law Foundation,1
VIRGINIA LEE  CARD SMITH,1
Visar  Maligi,1
Visconti and Boren LTD,1
VISSEPO & MELENDEZ,1
Visuvanathan  Rudrakumaran,1
VITAL & VITAL; LC TR ACCT,1
Viterna Law,1
Vito & Dollenmaier,1
Vito & Dollenmaier Law,1
Vitola  John,1
Vivek  Grover,1
Vivian Munson Law Office,1
VIVIANNE WHALEN DUFFRIN IOLTA ACCT,1
Vogel Law Office PC,1
Vohs & Vohs; PC,2
VOLK POULOS & COATES LLP,2
Volk Poulos & Coates; LLP,1
Volk; Poulos & Coates,2
Volk; Poulos; & Coates LLP,1
Volkan Boke,1
Volkema; Thomas; Miller & Scott PA,1
von Briesen Y Roper,1
Voorhees Law Firm; PC,1
Voorhies Law Firm; LLC,1
Vorys Sater Seymour and Pease LLP,5
Vorys; Sater; Seymour and Pease LLP,9
Vrdolyak Law Group; LLC,1
Vu Law Firm,1
Vujasinovic & Beckom PLLC,1
VWI Subrogation dba Subro IQ,1
W Alan  Lilley,1
W B MUNROE,1
W B Wraga,1
W Bryan  Smith,1
W CARL REYNOLDS PC,2
W CHRISTIAN KRANKEMANN LLP,1
W D Mayes,28
W D MAYES,5
W DANIEL  MAYERS,1
W Daniel  Mayes,53
W DANIEL  MAYES,46
W Daniel  Myers,1
W DANIEL MAYES & PAUL T MCCHESNEY,1
W DANIELS  MAYES,1
W Douglas  Adams,1
W F SCOTT FENDLEY VICE PRESIDENT,1
W Grady  Jordan,1
W MARTYN PHILPOT JR LLC,1
W R GRAHAM,1
W Ralph  Garris,1
W RALPH  GARRIS,1
W RUSSELL  FIELDS,1
W V Bernie  Siebert,1
W Ware  Morrison,1
W. Bryan Smith & Associates;Whetstone Law Firm,1
W. Carl Reynolds P.C.,1
W. Clavin Smith II; PC,1
W. D Mayes,10
W. Daniel  Mayes,16
W. DANIEL  MAYES,39
W. DANIEL MAYES; ESQ,1
W. DANIELS  MAYES,3
W. Eugene  Hallman,1
W. Jay  Luneau,1
W. Jeff  Paradowski,1
W. Kennerly  Burger,1
W. Lee  Parsons,1
W. Ralph  Garris,1
W. RALPH  GARRIS,1
W. Randolph Barnhart; P.C.,1
W. STACY  MILLER,1
W. Thomas Yi & Associates,1
W. Ware Morrison PLC,2
WADE & NYSATHER PC,1
Wade & Nysather; P.C.,2
WADE G RUPERT,1
Wade Grimes Friedman Sutter Leischner,1
WADE W SMITH,2
WADE; KELLEY & SULLIVAN,1
Wadkins & Wallace .,1
WADLEIGH STARR & PETERS PLLC,1
Wadleigh; Starr & Peters; PLLC,1
Wagar Hickman LLC,1
Wagenaar Law Office,1
Wagerman Law Firm,1
WAGERMAN LAW FIRM TRUST ACCOUNT,2
Wages & Benham,1
Waggoner Law Firm,1
Wagner Jones Kopfman & Artenian Trust,1
Wagner Law Group,2
Wagner Law Group PC,1
Wagner McLaughlin & Whittemore; P.A.,1
Wagner McLaughlin; P.A.,2
WAGNER REESE & CROSSEN,1
Wagner; Vaughan & McLaughlin; PA,1
Wagstaff Law Firm,4
Waite P Stuhl,1
WAITS EMMETT & POPP LLC,1
Walborsky & Bradley; PLLC,1
Walborsky; Bradley; Fleming Law Firm,1
Wald; Gonzalez & Graff; PA,1
Waldman Law Firm; P.C.,1
Waldrep Stewart & Kendrick LLC,1
Waldrep; Stewart; & Kendrick; LLC,1
WALENTINE O'TOOLE MCQUILLAN & GORDON,1
Walker & Driskill PLC,1
Walker Daly LLP,2
WALKER DALY LLP,1
Walker Daly; LLP,1
Walker Gressette Freeman & Linton; LLC,2
WALKER HAMILTON &  KOENIG,1
WALKER HEYE & MEEHAN; PPLC,1
Walker Keeling LLP,2
Walker Law Offices,1
Walker Law Offices PA,1
Walker Morgan; LLC,2
"Walker Trial Lawyers, LLP",1
Walker; Brown & Brown PA,1
Walker; Ferguson & Ferguson,1
Walker; Ferguson and Ferguson,1
Walkup Melodia Kelly & Schoenberger,1
WALKUP MELODIA KELLY & SCHOENBERGER,1
"Walkup, Melodia, Kelly & Schoenberger",1
Wall Liebert & Lund PS,1
Wall; McCormick; Baroldi; Green & Dugan,1
Wallace & Garcia LLP,1
Wallace & Graham,1
Wallace & Graham PA,3
"Wallace & Graham, P.A.",1
"Wallace & Graham, PA",20
Wallace and Graham,6
Wallace and Graham PA,8
"Wallace and Graham, PA",12
Wallace and Graham; PA,1
WALLACE E HARRELL,1
WALLACE M BRYLAK,1
WALLACE SAUNDERS AUSTIN BROWN & ENOCHS,1
Waller Appeals,2
Waller Smith & Palmer PC,3
WALLER SMITH & PALMER PC,2
"Waller, Smith & Palmer PC",2
Waller; Smith & Palmer PC,2
Waller; Smith; & Palmer PC,1
Walsh & Gaertner,1
Walsh & Walsh,2
Walsh Woodard LLC,1
Walsh Woodard LLC Clien's Funds Account,1
Walsh/Davis Joint Venture,1
WALSH/DAVIS JOINT VENTURE,1
Walter  Boyaki;Walter L Boyaki,1
WALTER  CHRISTY,1
Walter  Mugdan,3
Walter  Walkenhorst,2
WALTER  WALKENHORST,2
Walter A Blakeney,1
WALTER A BLAKENEY,3
Walter A Oleniewski,3
WALTER A OLENIEWSKI,3
Walter Clark Legal Group,1
WALTER CLARK LEGAL GROUP,1
Walter Clark Legal Group; APLC,1
Walter Clark Legal Group; APLG,1
WALTER CLARK LEGAL GROUP;WALTER CLARK LEGAL GROUP BUEN,1
Walter J Rucker,1
Walter J Wabby Law Offices,1
Walter K Burton,1
Walter L Boyaki,3
WALTER L BOYAKI,3
WALTER L BOYAKI - RALPH MIRANDA TRT ACCT,1
Walter L Boyaki Law Firm,1
Walter L Boyaki/Ralph Miranda,1
WALTER L BOYAKI/RALPH MIRANDA TR ACCT,1
WALTER L BOYAKI/RALPH MIRANDA TRT ACC,1
Walter L Boyaki/Ralph Miranda Trust Acct,1
Walter P Robertson,1
WALTER P ROBERTSON,1
WALTER Z STEINMAN,1
Walters Papillion Thomas Cullens LLC,1
Walters; Balido & Crain; LLP,4
WALTHER & FLANIGAN,1
Walther Zwibelman Law Assoc PC,1
Walther/Zwibelman Law Associates; P.C.,1
Walton & Walton; LLP,1
WALTON D. MORRIS; ATTY AT LAW TRUST ACCT,1
WALTON LANTAFF SCHROEDER & CARSON LLP,1
Walton Telken & Foster LLC,1
"Walton Telken, LLC",1
Waltzer Wiygul & Garside LLC,1
Wambach Disability Law,3
Waple and Associates,1
Wapner Newman,1
Wapner; Newman; Wigrizer; Brecher Miller,1
Ward & Berry PLLC,1
WARD & FEDERMAN,1
Ward & Glass LLP,1
Ward and Smith PA,2
"Ward and Smith, PA",1
Ward Black Law,5
Ward Glass Attorneys Law Office,1
Ward Law Office,4
"Wardell Law Firm, P.A.",1
"Wardell Law Firm, PA",1
Wardell Law Firm; P.A.,4
Wardell Law Firm; PA,1
WARE LAW FIRM PLLC,1
Warhawk Legal,5
WARNER & FINLEY TRUST ACCT,1
Warner Hooper & Ramsey,1
Warner Norcross & Judd LLP,7
Warner Norcross & Judd/Dennis Donohue,1
Warner Norcross + Judd LLP,1
Warner Sechrest & Butts,2
"Warnken, LLC",1
Warnock Mackinlay,1
Warnock MacKinlay Law,3
Warnock MacKinlay Law PLLC,2
Warnock; MacKinley & Carman PLLC,1
Warren  Mark,1
WARREN  MARK PC,1
WARREN  REIMER,1
WARREN  SIEGEL,1
Warren & Griffin,1
WARREN & KALLIANOS,1
Warren & Kallianos; PLLC,1
Warren & Schairbaum,2
Warren & Schairbaum; PLLC,3
WARREN & SIMPSON PC,1
Warren A Forstall Jr Law Offices,1
Warren A Forstall Jr LLC Law Off,1
Warren A Zimmerman,1
Warren Allen LLP,1
Warren Danz PC,1
WARREN E ABRAHAMSON,1
Warren F Hire,1
Warren Hays Attorney at Law,1
WARREN J WEST,1
WARREN JOHN WEST CLIENT TR ACCT,1
Warren John West; P.C.,1
WARREN L REIMER,4
WARREN N SAMS,1
Warren N Sams III LLC,1
Warren P Beck Esq.,1
Warren R Baldys,2
WARREN R BALDYS,2
Warren R. Markowitz; Esq.,1
Warren W. Mark; Esq,1
WARRENSON A PAYNE,3
Warshafsky Law Firm,1
WARSHAFSKY LAW FIRM,1
WARSHAFSKY ROTTER TARNOFF & BLOCH; SC,1
WARSHAFSKY ROTTER TARNOFF & BLOCK S.C.,1
Warshauer Law Group,1
Warshauer Woodward Atkins,1
Wasden Banias LLC,2
"Wasden Banias, LLC",1
WASHINGTON DC TRUST ACCT,1
Washington Dreyer & Associates,1
Washington Immigration Defense Group,1
WASHINGTON IMMIGRATION DEFENSE GROUP,1
Washington Lawyer's Committee,1
Washington Lawyers' Committee,1
WASHINGTON LAWYERS' COMMITTEE FOR,1
Washington Lawyers' Committee for Civ,1
Washington Legal Group,1
Washington Legal Group LLC,3
Washington University,1
Waterfall Economidis Caldwell Hanshaw,1
Waterman Law PC,1
Waters Law Firm PC,1
Watkins & Letofsky; LLP,1
Watkins; Boyer; Gray & Curry,1
Watson & Associates LLC,2
"Watson & Associates, LLC",1
Watson & Carroll,2
WATSON & CARROLL PC LLO,1
Watson & Carroll; PC; LLO,1
Watson Law Firm; LLP,2
Watson Spence,1
Watt Tieder Hoffar & Fitzgerald,2
WATT TIEDER HOFFAR & FITZGERALD,2
Watt Tieder Hoffar & Fitzgerald LLP,2
"Watt, Tieder, Hoffar & Fitzgerald LLP",1
Watt; Tieder; Hoffar & Fitzgerald; LLP,1
Wattel & York,5
Wattel & York LLC,1
"Wattel & York, LLC",1
WATTEL & YORK; LLC,1
Wattle and York; LLC,2
Watts Guerra,1
Watts Guerra LLP,1
Watts Law Firm,1
Watts Law Firm LLP,1
"Watts Law Firm, LLC",1
"Watts Law Firm, LLP",2
Watts Tieder Hoffar & Fitzgerald,2
Watts; Donovan; Tilley & Carson; P.A.,1
Watts; Donovan; Tilley; Casrson; P.A.,1
Wayerski Zmolek Injury Law Firm,1
Wayne  Anderson,1
WAYNE  ANDERSON,1
Wayne  Bush,1
WAYNE  WRIGHT,1
WAYNE  WRIGHT LLP,1
WAYNE A KNIGHT,1
WAYNE D INGE,1
"Wayne Hardee Law, PLLC",2
WAYNE L KNUTSEN,2
WAYNE P SMITH,1
WAYNE WRIGHT LAWYERS,1
Wayne Wright Lawyers LLP,1
Wayne Wright Lawyers; L.L.P.,1
Wayne Wright LLP,3
WAYNE WRIGHT LLP IOLTA 2,1
Wayne Wright LLP; Lawyers,1
Wayne Wright; LLP,5
Wayne Wright; LLP Attorney IOLTA Acct,1
Wear & Associates,1
Weathers Law Firm LLC,2
Weaver Tidmore; LLC,2
Webb & Beecher Attorneys At Law,1
WEBB & D'ORAZIO IOLTA ACCOUNT,1
WEBB & TAYLOR LLC,1
Webb & Taylor; LLC,1
Webb and Beecher,1
Webb and Taylor LLC,1
Webb Law Firm,2
WEBB STOKES & SPARKS LLP,1
Webb; Stokes & Sparks LLP,1
WEBB; STOKES & SPARKS LLP,2
Webb; Stokes; & Sparks; LLP,2
WEBER & MARKS PLLC,1
Weber Gallagher,2
Weber Gallagher Law,1
Weber Gallagher LLP,2
Weber Gallagher Simpson,1
WEBER GALLAGHER SIMPSON STAPLETON,1
Weber Gallagher Simpson Stapleton Fires,2
Webster & Frederickson; PLLC,2
"Webster & Fredrickson, PLLC",1
Webster & Fredrickson; PLLC,8
"Webster and Fredrickson, PLLC",1
Webster Fredrickson,1
Webster Fredrickson Correa & Puth; LLC,1
"Webster Law Office, PLLC",1
Webster; Fredrickson; Correia & Puth,4
Weddell & Haller; P.C.,1
Weeks Law Office CHAP,1
Weeks Law Office; LLC,2
Weeks Law Office; LLC WRIG,1
Weems Law Offices,1
WEEMS LAW OFFICES,1
WEIGAND & LEVENSON,1
Weik Nitsche & Dougherty,2
Weil Gotshal & Manges LLP,1
"WEIL, GOTSHAL & MANGES LLP",1
Weil; Gotshal & Manges LLP,1
Weilbacher & Weilbacher APC,1
Weiler Legal Services Co.,1
Weill and Long PLLC,1
Weilmuenster & Keck PC,1
WEILMUENSTER & KECK PC,1
Weilmuenster Law Group; P.C.,1
Weilmuenster; Keck & Brown; P.C.,2
Weilmuenster; Keck; & Brown PC,1
Weinberg & Reis,1
Weinberg & Weinberg LLP,1
"Weinberg & Weinberg, LLP",1
WEINBERG & WEINBERG; LLP,1
Weinburg Wheeler Hudgins Gunn & Dial,1
WEINER RYAN & MAZZEI,1
Weiner; Spivey & Miller; PLC,1
Weiner; Spivey; & Miller; PCC,1
WEING & WEING,1
Weinstein Legal,1
Weinstein; Chase; Messinger & Peters; PC,1
WEINSTOCK FRIEDMAN AND FRIEDMAN,1
Weir & Associates,1
Weir; Greenblatt; Pierce; LLP,1
Weisbord & Weisbord P.C.,1
Weisfuse & Weisfuse,1
Weisfuse & Weisfuse; LLP,2
Weisman Kennedy & Berris Co LPA,1
Weiss & Kopit LLC,2
Weiss & Kopit; LLC,1
Weiss & Paarz P.C.,1
Weiss & Paarz; P.C.,1
"Weitz & Luxenberg, P.C.",4
"Weitz & Luxenberg, PC",3
Weitz and Luxenberg,2
Weitz and Luxenberg PC,1
Weitz Morgan PLLC,1
Welborn Sullivan Meck & Tooley; P.C.,1
Welch; Bruun; and Green,1
Weldon Hammond Law Firm,2
Welebir Tierney  PLC,1
Welebir Tierney & Weck,1
Welebir Tierney & Weck; PLC,1
"Weller, Green, Toups & Terrell, L.L.P",1
"Weller, Green, Toups & Terrell, LLP",1
WELLER; GREEN; TOUPS & TERRELL LLP,1
Weller; Green; Toups; & Terrell LLP,2
Wellman & Warren; LLP,1
Wellman; Weinberg & Reis Co.; L.P.A.,1
Wells & Associates; PLLC,1
Wells Call Clark Bennett & Clawson,1
"Wells, Manning, Eitenmiller & Taylor",1
"Wells, Manning, Eitenmiller & Taylor PC",1
"Wells, Manning, Eitenmiller & Taylor, P.C.",7
"Wells, Manning, Eitenmiller & Taylor, PC",9
"Wells, Manning, Eitenmiller, & Taylor PC",8
Wells; Call; Clark; Bennett & Clawson,4
WELLS; CALL; CLARK; BENNETT & CLAWSON,1
Wells; Manning; Eitenmiller & Taylor,3
Wells; Manning; Eitenmiller & Taylor; PC,2
Wells; Manning; Eitenmiller; & Taylor,1
Wells; Manning; Eitenmiller; & Taylor PC,1
Wellstone Law Group,1
Welmaker Law Firm PC,1
WELMAN WEINBERG & REIS CO L P A,1
"Weltchek Mallahan and Weltchek, LLC",3
Weltman Weinberg & Reis Co LPA,3
Weltman Weinberg & Reis CO LPA,1
WELTMAN WEINBERG & REIS CO LPA,1
WELTMAN WEINBERG & REIS CO. I.P.A,1
"Weltman, Weinberg & Reis Co LPA",1
"Weltman, Weinberg, & Reis, Co., LPA",1
WELTMAN; WEINBERG & REIS,1
Weltman; Weinberg & Reis Co LPA,1
Weltman; Weinberg & Reis Co; LPA,1
Weltman; Weinberg & Reis Co. L.P.A.,1
Weltman; Weinberg & Reis Co.; L.P.A.,1
Weltman; Weinberg & Reis Co.; LPA,3
Weltman; Weinberg & Reis Col; LLP,1
Weltman; Weinberg Reis Co.; LPA,1
WELTMAN; WEINBERG; & REIS,1
Weltman; Weinberg; and Reis Co LPA,1
Weltman; Wienberg & Reis Co.; L.P.A,1
"Weltmen, Wienberg & Reis Co., L.P.A.",1
Weltran & Weinberg  & Reis Co LPA,1
"Wendell ""Wes""  Schollander",1
WENDT GOSS PC,1
Wendy  Brill,2
Wendy  Musell,1
WENDY  PRZYTULA,1
WENDY A PIERCE,2
WENIG & WENIG,1
Wenig & Wenig; PLLC,1
WEPRIN AND FOLKERTH LLC,1
Weprin Folkerth & Routh LLC,1
WEPRIN FOLKERTH & ROUTH LLC,1
Werman Salas P.C.,3
Werther & Mills LLC,1
Wes  Kappelman,12
WES  WILLIAMS,1
Wes Kappelman,1
Wesierski & Zurek LLP,1
Wesley A Cottrell,1
"West & Dunn, LLC",1
West Coast Trial Lawyers PLC,1
WEST ELSBERRY LONGENBAUGH & ZICKERMAN,1
"West Law, LLC",1
West; Ylla; Gosney,1
Westberry & Connors LLC,2
WESTBERRY & CONNORS LLC,2
Western Environmental Law Center,10
WESTERN ENVIRONMENTAL LAW CENTER,9
WESTERN ENVIRONMENTAL LAW CENTER IOLTA,1
Western Environmental Law Ctr,1
WESTERN ENVIRONMENTAL LAW CTR,1
Western Mining Action Project,1
Western Sky Industries; LLC,1
Western Watersheds Project,1
Westmoreland Patterson Moseley Hinson,1
Westmoreland Patterson Mosely Hinson LLP,1
Westmoreland Vesper & Quattrone,2
"Westmoreland, Patterson, Moseley, & Hinson, LLP",1
Westmoreland; Patterson; Moseley,1
WESTMORELAND; PATTERSON; MOSELEY,1
Westside Personal Injury Law Firm,1
Wetherington Law Firm,1
Wettermark & Keith LLC,4
Wettermark & Keith; LLC,1
Wettermark & Keith; LLC.,1
Weycer; Kaplan; Pulaski & Zuber; P.C.,1
Whalen Law Office,2
Wham & Wham,1
WHAM & WHAM SPECIAL ACCOUNT,1
Wheatley Bingham & Baker LLP,1
Wheeler & Arey PA,1
Wheels Inc,1
Whetstone Law Firm,1
Whetstone Myers Perkins & Young; L.L.C.,1
Whetstone; Myers; Perkins & Fulda; LLC,1
Whetstone; Perkins & FULDA; LLC,1
Whibbs Stone Barnett; P.A.,1
Whistleblower Law Firm P.A.,1
Whitaker Law P.A.,2
Whitcomb Selinsky PC,1
"Whitcomb, Selinsky, PC",1
Whitcomb; Selinsky,1
Whitcomb; Selinsky McAuliffe; PC,1
WHITCOMB; SELINSKY P.C.,1
Whitcomb; Selinsky; P.C.,1
Whitcomb; Selinsky; PC,1
White & Case LLP,2
WHITE & JORGENSEN,1
White & Weddle PC,1
White & Wiggins LLP,1
White & Wolnerman; PLLC,1
White & Woods PC,2
White and Williams,1
White Cirrito & Nally LLP,1
White Law PLLC,14
WHITE MARSH ANDERSON BRUSATTE VICKERS &,1
White; Marsh; Anderson,1
WHITE; SCHUERMAN; RHODES & BURSON,1
Whiteford; Taylor & Preston; L.L.P,1
WHITEHEAD & CHIOCCA PLC ESCROW ACCT,1
Whitehead Law Group,1
Whitehead Law LLC,1
Whitehurst Harkness Brees & Cheng,1
WHITEHURST HARKNESS BREES & CHENG,1
Whitehurst Harkness Brees Cheng,5
Whitehurst Harkness Brees Cheng Alsaffar,13
WHITEHURST HARKNESS BREES CHENG ALSAFFAR,1
Whitehurst Harkness Brees Cheng Asaffar,1
Whitehurst Harkness Brees Cheng et al,7
Whitehurst Harkness Brees Cheng et el,2
Whitehurst Harkness Brees Cheng PC,1
Whitehurst Harkness Brees et al,2
Whitehurst Harkness; Brees; Cheng,1
"Whitehurst, Harkness, Brees, Cheng",1
"Whitehurst, Harkness, Brees, Cheng, Alsaffar, Higginbotham, & Jacob PLLC",2
"Whitehurst, Harkness, Brees, Cheng, Alsaffar, Higginbotham, & Jacob, PLLC",1
"Whitehurst, Harkness, Brees, et al.",1
Whitehurst; Blackburn & Warren,2
Whitehurst; Harkness,1
Whitehurst; Harkness Brees; Cheng,4
Whitehurst; Harkness- JOHN,1
Whitehurst; Harkness; Bree; Cheng,1
Whitehurst; Harkness; Brees,5
Whitehurst; Harkness; Brees et al.; PLLC,1
Whitehurst; Harkness; Brees; & Cheng; PC,1
Whitehurst; Harkness; Brees; Alsaffar,1
Whitehurst; Harkness; Brees; Cheng,38
WHITEHURST; HARKNESS; BREES; CHENG,2
Whitehurst; Harkness; Brees; Cheng et al,4
Whitehurst; Harkness; Brees; Cheng PLLC,2
Whitehurst; Harkness; Brees; Cheng;,2
Whitehurst; Harkness; Brees; Cheng; Alsa,3
Whitehurst; Harkness; Brees; Cheng; etal,3
Whitehurst; Harkness; Brees; Cherg,1
WHITEHURST; HARKNESS; BREES; ET AL,1
WHITEHURST; HARKNESS; BREES; LLC,1
Whitehurst; Harkness; Brees; P.L.L.C,1
Whitehurst; Harkness;Brees; et al; PLLC,1
Whitehurst;Harkness; Brees; Cheng; PLLC,1
Whitehurst;Harkness;Brees;Cheng;Alsaf,2
WHITEHURSTE HARKNESS BRESS CHENG ALSAFAR,1
Whitehurt; Harkness; Brees & Cheng; P.C.,1
WHITENER LAW FIRM PA,1
Whitener Law Firm; P.A.,1
Whitesell Law Office,1
WHITESELL LAW OFFICES,1
Whiteside & Goldberg; Ltd,1
Whiteside & Goldberg; Ltd.,2
Whitestone Young; PC,1
Whitfield Crosby & Flynn,1
Whitford Law Offices; LLC,1
Whiting and Bruner; PLLC,1
WHITING HAGG & DORSEY LLP,1
WHITING HAGG HAGG DORSEY & HAGG LLP,1
Whiting Hagg Hagg Dorsey & Hagg; LLP,1
"Whitlow, Roberts, Houston, & Straub PLLC",1
Whitney  Coney,1
Whitney A Davis,1
Whitney L Sorrell,1
Whittelsey; Whittelsey; Poole,1
Whitten Law Office,1
Whitworth & Trunnel; P.A.,1
Wibbels Law,1
Wiber & Associates,2
Widis Law Firm PLLC,1
"WIEAND LAW FIRM, LLC",1
Wigger Law Firm,1
Wigger Law Firm Inc,1
WIGGER LAW FIRM INC.,1
WIGGIN & DANA LLP; TRUSTEE,1
Wiggins Childs Pantazis Fisher,1
Wiggins Childs Pantazis Fisher Goldfarb,1
"Wiggins Childs Pantazis Fisher Goldfarb, LLC",4
WIGGINS; CHILDS; QUINN & PANTZLS,1
Wilber,11
WILBER,12
WILBER  & ASSOCIATES,3
WILBER  AND ASSOCIATES,1
Wilber  Associates,1
WILBER  GROUP,1
WILBER  LANE,1
Wilber  Wilber,1
WILBER &  ASSOC P.C.,1
Wilber &  Associates,3
WILBER &  ASSOCIATES,8
WILBER &  ASSOCIATES; P.C.,1
WILBER & AAOCIATES,1
Wilber & Asociates,1
Wilber & Assoc,11
WILBER & ASSOC,3
Wilber & Assoc PC,1
Wilber & Assoc.,2
WILBER & ASSOC.,1
Wilber & Assoc. (USAA),1
Wilber & Assoc.;,1
Wilber & Assoc.;Wilber for USAA,1
Wilber & Assocaites,1
Wilber & Assocates,1
WILBER & ASSOCIATE,1
Wilber & Associates,339
WILBER & Associates,2
WILBER & ASSOCIATES,32
Wilber & Associates  Wilber & Associates,1
Wilber & Associates P C,1
Wilber & Associates P. C.,1
Wilber & Associates P.C.,7
WILBER & ASSOCIATES P.C.,1
Wilber & Associates PC,88
WILBER & ASSOCIATES PC,5
"Wilber & Associates, P.C.",8
"Wilber & Associates, PC",2
Wilber & Associates; P.C,1
Wilber & Associates; P.C.,19
WILBER & Associates; P.C.,1
WILBER & ASSOCIATES; P.C.,4
Wilber & Associates; PC,7
WILBER & ASSOCIATES; PC,1
Wilber & Assoiates,1
Wilber & Assoicates,1
WILBER & ASSOICATES,1
Wilber $ Associates,1
Wilber and  Associates,4
Wilber and Assoc,1
Wilber and Assoc.,2
Wilber and Associates,41
WILBER AND ASSOCIATES,6
Wilber and Associates P.C.,2
Wilber and Associates PC,6
WILBER AND ASSOCIATES PC,3
WILBER AND ASSOCIATES TRUST ACCOUNT,1
Wilber and Associates USAA,1
Wilber and Associates; P.C.,1
Wilber and Associates; PC,1
Wilber and Associates; PC.,1
Wilber Associate,1
Wilber Associates,7
WILBER ATTORNEYS,1
Wilber Group,3
WILBER INS SERVICES,1
Wilber Insur. Srvcs. Enterprise (WISE),1
Wilber Insurance Services,3
Wilber Insurance Services Enterprise,4
Wilber Insurance Services Enterprises,1
Wilber Lane Law,1
Wilber Lane Law Firm,2
WILBER LANE LAW FIRM,3
Wilber Lane Law Firm rep Liberty Mutual,1
Wilber Law,1
WILBER LAW FIRM,1
Wilber Law Firm;P.C. & Ameriprise Auto,1
Wilber&Associate,1
Wilber&Associates,1
WILBORN & ASSOCIATES,1
WILBORN & ASSOCIATES PC,27
WILBORN & ASSOCIATES; PC,2
WILBORN LAW OFFICE PC,2
Wilborn Law Office; P.C.,6
WILBORN LAW OFFICE; P.C.,1
Wilborn Law Office; PC,3
WILBORN LAW OFFICES PC,1
Wilborn Law Offices; PC,1
Wilbur,2
WILBUR,1
Wilbur &  Associates,1
WILBUR &  ASSOCIATES,1
WILBUR & ASSCIATES,1
Wilbur & Assoc.,1
Wilbur & Associates,15
WILBUR & ASSOCIATES,9
Wilbur & Associates P.C.,1
Wilbur & Associates PC,2
Wilbur & Associates; PC,1
WILBUR & ASSOCIATES;WISE,1
WILBUR &ASSOCIATES,1
Wilbur and  Associates,2
Wilbur and Assoc USAA,1
Wilbur and Associates,2
WILBUR AND ASSOCIATES,2
Wilbur and Associates; P.C.,1
Wilbur Group,1
WILBUR INS,1
WILBUR LANE  LAW FIRM,1
WILBUR LANE LAW FIRM,2
Wilcox & Lacy; PLC IOLTA Account,1
Wilcox & Savage; P.C. WHEE,1
WILCOX PARKER HURST LANCASTER & LACY PLC,1
WILCOXEN CALLAHAM LLP,1
Wild & Scenic Law Center,1
WildEarth Guardians,1
WildEarth Guardians Org,1
Wilensky Law; PLLC,1
"Wilentz, Goldman & Spitzer, P.A.",1
Wiley Rein LLP,9
Wiley Rein; LLP,5
Wiley Walsh; P.C.,2
Wilhite; Rose; McClure; and Sawaya; P.C.,1
WILKES & MCHUGH PA,3
Wilkinson & Wilkinson,1
Wilkinson Walsh & Eskovitz LLP,1
Will  Bond,1
Will Ferguson & Associates,1
WILL FERGUSON & ASSOCIATES,2
WILL FERGUSON & ASSOCIATES TRUST,1
"Willard Proctor, Jr., P.A.",1
Willcox Buyck & Williams,2
WILLIA LAW OFFICES PC,1
WILLIAM  BABICH,1
William  Beasley,1
William  Blair,1
William  Budigan,1
William  Cohn,1
William  Coplin,2
WILLIAM  COUNOS,1
William  Dawson,1
William  Fouche,1
WILLIAM  FOX,1
WILLIAM  FRICK,1
William  Fuller,1
William  Grantham,1
William  Hahn,2
WILLIAM  HEITZ,1
William  Kenney,1
William  Lightfoot,2
William  Lutz,1
William  McCarthy,1
WILLIAM  NADAL,3
WILLIAM  NEBLETT,1
William  Pannell,1
William  Ritter,1
William  Roche,1
William  Rutzick,3
WILLIAM  RUTZICK,1
William  Savage,1
WILLIAM  SHIFFMAN,2
WILLIAM  SNAPP,1
William  Sullivan,1
WILLIAM  SUMMERS,1
William  Whitehead,1
William  Winingham,1
William  Wolak,1
William  Wombacher,1
WILLIAM A DEITCHMAN,1
William A Jordan,1
William A L'Esperance,1
WILLIAM A SCOTT,1
William A Snapp,2
WILLIAM A SNAPP,1
WILLIAM B BOWLES,1
WILLIAM B HILDEBRAND,1
William B Jung,18
WILLIAM B JUNG,13
William B Ryan,1
WILLIAM B RYAN,1
William B Seabridge,1
William Benjamin,1
William C Bernhardi,1
WILLIAM C BERNHARDI,6
William C Bronson,1
William C Halsey,1
William C Jeanney,1
William C Kalmbach,1
William C Wombacher,2
WILLIAM C WOMBACHER,1
William C. Bernhardi,1
William C. Bernhardi Law Offices,41
William C. Monroe Law Firm,1
WILLIAM CUKER  BEREZOFSKY,1
William D Brandt,1
William D Cook Law Office,1
WILLIAM D FLETCHER,1
WILLIAM D HANCOCK,1
WILLIAM D HOCHBERG,1
William D West,1
William Daniel  Mayes,1
William Dave Jackson; Esq.,1
WILLIAM E COWLEY,2
WILLIAM E DORRIS,3
WILLIAM E MURA JR,3
WILLIAM E PIERSON JR PC,1
WILLIAM E TAGGERT,1
William E. Artz PC,1
William F Braziel,1
William F Cloran,1
William F Salle,2
WILLIAM F SCHROEDER,1
William F Sink,1
William F. McMurry & Associ.,1
WILLIAM G FISCHER,2
WILLIAM G FISCHER PC COLTAF,1
WILLIAM G FISCHER SR COLTAF ACCT,1
WILLIAM G KOLODNER,1
William G Kolodner PA,2
William G Schwab,1
WILLIAM G SCHWAB,2
William G. Kolodner PA,1
William G. Kolodner; P.A.,1
WILLIAM H CLEAVELAND,1
William H Edwards,1
WILLIAM H HARRIS,1
WILLIAM H INGALDSON,1
William H Milliken,1
WILLIAM H ROWERDINK,1
William H. Buckman Law Firm,1
WILLIAM H. PICKETT; P.C.,1
William J Brutocao,1
William J Butler,1
William J Carver,1
William J Casey,2
William J Clifford,1
WILLIAM J ERETH,1
WILLIAM J FAHRES,1
William J Fox,1
WILLIAM J GAGLIARDINO,1
William J Jenner,1
William J Macke,1
William J McCarthy,3
WILLIAM J MCCARTHY,1
William J McDonald,4
WILLIAM J McDONALD,1
WILLIAM J MCDONALD,5
William J Mcdonald Jr,1
William J McDonald Jr,7
WILLIAM J MCDONALD JR,5
WILLIAM J MCKONALD,1
William J Schenk,1
William J Sinor Esq.,1
WILLIAM J SMITH,1
William J Tinning; PC,1
"WILLIAM J. MCCARTHY, PLLC",2
William J. McCarthy; PLLC,1
William J. Tinning PC,1
WILLIAM JUSTICE  WHITAKER,1
William K Burger,1
William K Dozier LLC,1
William Kennerly  Burger,1
William L Aldred,1
William L Fouche,2
William L Fouche; Jr.,1
William L Skinner,1
WILLIAM L SKINNER,1
William L Warren,1
William Lee  Bruckner,1
William Lee  Skinner,1
WILLIAM LEE  SKINNER,1
William M Chapman,1
William M Cusimano,1
William M Didlake,1
WILLIAM M DROZE,1
WILLIAM M KALUDIS,1
William M Krowl,1
William M Smith,1
William M. Kuntz PLC,1
William Muhr LLP,1
William O Bronson,3
WILLIAM O BRONSON,6
WILLIAM O BRONSON PLLC,1
William O. Bronson; PLLC,1
WILLIAM ORSON WOODALL; JR; INC,1
William P Crews LLC,1
William P Gottlieb,1
WILLIAM P MOORE,1
WILLIAM P SAWYER,1
William P Smith;Woods Oviatt  Gilman LLP,1
WILLIAM P STARKS,1
William R Bieler,1
William R Garris,1
WILLIAM R GARRIS,1
WILLIAM R HIGGINS,1
WILLIAM R HOBSON,1
WILLIAM R HOPKINS,1
WILLIAM R KEELER,2
William R Keller,1
William R McCracken,1
WILLIAM R McCRACKEN,1
William R McCrackin,1
William R McLaughlin,1
William R Norman,2
WILLIAM R PENN,1
WILLIAM R SATTERBERG,1
WILLIAM R SCHMIDT,1
WILLIAM RALPH  GARRIS,1
William S Neal,1
"William Schwitzer & Asso, P.C.",1
WILLIAM SNAPP DOWNS & ASSO,1
William T Coplin,4
William T Dawson,1
William T Lawson,1
WILLIAM T NELSON,1
WILLIAM T PAYNE PC,1
WILLIAM T RIEDER,2
WILLIAM T RIEDER JR,1
William T Wilson,1
WILLIAM T WILSON,2
William T. Coplin Law Office,1
WILLIAM W DURHAM,1
William W Franell,1
WILLIAM W FRANKFURT,1
WILLIAM W PLYLER PLLC,1
WILLIAM W PLYLER PPLC,1
WILLIAM W PRICE,1
Williams & Associates P.C.,1
Williams & Associates; P.C.,1
Williams & Associates; PC,1
Williams & Brown L.L.P.,1
Williams & Cohn LLC,1
Williams & Connolly LLP,12
WILLIAMS & CONNOLLY LLP,1
Williams & Connolly; LLP,1
Williams & Jensen; PLLC,1
Williams & Singh LLP,1
Williams & Williams LLC,1
WILLIAMS CAPONI & FOLEY,1
WILLIAMS CAPONI FOLEY & ECKERT,1
Williams Cedar LLC,1
"Williams Cedar, LLC",2
Williams DeClark Tuschman,1
Williams DeClark Tuschman Co LPA,1
Williams DeClark Tuschman Co. LPA,1
Williams DeLoatche; PC,1
Williams Elliott & Cohn LLC,1
Williams Elliott & Edwards,1
Williams Family Law Firm,1
Williams Kastner & Gibbs PLLC,4
Williams Law Firm,1
Williams Law Office,2
Williams Litigation Group,3
Williams Litigation Group; P.C.,1
Williams Mullen PC,2
"Williams Mullen, PC",1
Williams Palecek Law Group,1
WILLIAMS T COPLIN,1
Williams Williams & Montgomery PA,1
Williams; Broderson; Pritchett & Burke,1
Williams; Caponi; & Foley; P.C.,1
Williams; Williams & Montgomery; P.A.,1
Williams; Williams; and Montgomery; P.A.,1
Williams; Willliams; and Montgomery P.A.,1
Williamson Fontenot Campbell et al,2
Willinger Willinger & Bucci PC,1
Willinger; Willinger & Bucci,2
Willis & Buckley APC,1
"Willis & Buckley, APC",1
Willis & Davidow; L.L.C.,1
Willis & Floyd,1
Willis & Toews PLLC,1
Willis & Toews; PLLC,1
Willis and Associates LLC,1
WillmannGregory; LC,1
WILLOUGHBY DOYLE LLP,1
Willoughby Doyle; LLP,2
Wilmer Cutler Pickering Hale & Corr LLP,1
WILMER CUTLER PICKERING HALE & DORR,1
"WILMER CUTLER PICKERING HALE & DORR, LLP",1
"Wilmer Cutler Pickering Hale and Dorr, LLP",1
WILMERHALE,1
WilmerHale LLP,1
WILNER HARTLEY & METCALF PA IOLTA,1
WILSON & MCQUEEN,1
Wilson & Parlet,1
Wilson & Parlett,3
WILSON & PARTLETT,1
Wilson and Parlett,1
WILSON KEHOE & WININGHAM LLC IOLTA,1
Wilson Kehoe & Winingham; LLC,1
WILSON KEHOE & WININGHAM; LLC; IOLTA,1
WILSON KEHOE WININGHAM LLC IOLTA,1
Wilson Law Group,1
Wilson Law Group; LLC,1
"Wilson Law, P.A.",1
"Wilson Law, PA",1
WILSON SMITH COCHRAN DICKERSON,1
Wilson Sonsini Goodrich & Rosati,1
"Wilson, Reives & Doran PLLC Attorneys at Law",1
"Wilson, Reives & Doran, PLLC Attorneys at Law",1
Wilson; Bave; Conboy; Cozza & Couzens PC,1
Wilson; Frame & Metheney PLLC,1
Wimer Law Offices; P.C.,1
Winckler & Harvey,5
Winckler & Harvey Law Office,1
Winckler & Harvey LLP,13
WINCKLER & HARVEY LLP,4
Winckler & Harvey; L.L.P,1
Winckler & Harvey; L.L.P.,3
Winckler & Harvey; LLP,16
WINCKLER & HARVEY; LLP,2
WINCKLER & HARVEY; LLP IOLTA TR-ACCT,1
WINCKLER AND HARVEY LLP,1
Winckler and Harvey; L.L.P,1
Winckler and Harvey; L.L.P.,1
WINCLER & HARVEY,1
Windmeyer Law Firm LLC,1
Windsor Troy,1
WINEGAR; WILHELM; GLYNN & ROEMERSMA P.C.,1
"Winer, Burritt, Scott & Jacobs LLP",1
Winer; Burritt & Scott LLP,1
WINFIELD &  GINSBERG,1
Wing C Lee,1
WINGATE RUSSOTTI & SHAPIRO,1
WINGATE RUSSOTTI & SHAPIRO LLP,1
Wingate Russotti Shapiro & Halperin,1
Wingate Russotti Shapiro Moses & Halperi,1
Wingate; Russotti & Shapiro; LLP,1
Wingfield Ginsburg & Lipp,1
Wingfield Ginsburg & Lipp PC,2
"Wingfield, Ginsburg & Lipp P.C.",1
"Wingfield, Ginsburg & Lipp, P.C.",1
Winheller Rechtsanwalte,1
Winifred  Hollingsworth Jackson,1
Winkler & Harvey,1
Winkler & Harvey LLP,6
Winkler & Harvey; LLP,3
Winner & Associates PC,1
"Winner & Associates, P.C.",1
Winner's Circle Law; Inc.,1
Winnifred H Jackson,1
Winona W Zimberlin,1
Winstead PC,1
"Winstead, PC",1
Winstein; Kavensky & Cunningham; LLC,1
Winston  Phan,1
WINSTON  VIDAL,1
WINSTON & CLARK; P.A. TRUST ACCT,1
Winston & Strawn,1
Winston & Strawn LLP,5
WINSTON CASHATT LAWYERS,1
Winston Cooks LLC,1
Winston V Gambaro,1
Winters & Yonker; P.A.,1
Winters Brewster Crosby & Schafer LLC,1
"Winters, Salzetta, O'Brien & Richardson, LLC.",1
Winters; Yonker & Kannady; PSC,1
WINTHROP SHAW PITTMAN LLP,1
Winton Law Corporation,224
Wipf & Cotton,1
Wires Jolley,1
Wires Jolley LLP,4
Wires Jolley; LLP,1
Wirth Law Office,1
Wirtz Law APC,1
Wisconsin Institute for Law & Liberty,1
Wise,1
WISE,2
Wise & Donahue PLC,1
WISE & DONAHUE PLLC,2
Wise Carter,1
"Wise Law Firm, PLC",1
Wise Law; P.C.,1
WISE Services Ent,1
WISNIEWSKI & ASSOCIATES LLC,1
Witherite Law Group; PLLC,2
"Witherspoon IP Law, PLLC",1
Witherwax Law; P.C.,1
WITT LAW GROUP,1
Witte Law Offices LLC,1
Witzel Kanzler Dimmitt Kenney,1
Woehrer Law Office,2
Woehrer Law Office Client's Trust-Iolta,1
Wolf  Begoun & Pick,1
Wolf & Brown,1
WOLF & BROWN LLC,1
Wolf Law; P.L.L.C.,1
Wolf Law; PLLC,1
WOLF TIEDEKEN & WOODARD PC,1
Wolfe & Carney,1
Wolfe; Begoun & Pick; LLC,5
Wolfe; Snowden; KOTT,1
WOLFLEY LAW OFFICE; P.S.,1
WOLFSON LAW FIRM,1
Wolfson Legal; LLC,1
WOLNITZEK & ROWEKAMP PSC,1
WOLODYMY  CYBRIWSKY,1
Wolodymyr  Cybriwsky,1
WOLODYMYR  CYBRIWSKY,4
WOLTER; BEEMAN & LYNCH,1
Womble Bond Dickinson (US) LLP,2
Womble Carlyle Sandridge & Rice; LLP,1
WOMICK LAW FIRM CHTD,1
Womick Law Firm; CHTD,1
WON YOUNG  KIM,1
Wong and Associates LLC,1
WONYOUNG  KIM,1
Wood & Carlton,2
Wood & Carlton PC,1
Wood & Carlton; P.C.,1
Wood & Carlton; PC,2
Wood Carlton & Hudson PC,2
Wood Craig & Avery LLC,1
Wood Herron & Evans LLP,1
Wood; Carlton; & Hudson PC,1
Woodard & North,2
WOODBURY & KESLER,1
Woodke & Gibbons,1
Woodley & McGillivary,58
WOODLEY & MCGILLIVARY,1
Woodley & McGillivary Client Trst. Acct.,1
WOODLEY & MCGILLIVARY CLIENT TRUST,3
Woodley & McGillivary Client Trust Acct.,1
Woodley & McGillivary LLP,77
Woodley&McGillivary (Client Trust Acct),3
WOODROW EPPERSON CARLA EPPERSON,1
WOODROW G JORDAN,2
WOODROW GRADY  JORDAN,1
WOODROW K GLASS,1
WOODRUFF JOHNSON & PALERMO LAW FIRM,1
Woodruff Law Firm,2
WOODRUFF LAW FIRM TRUST ACCOUNT,1
Woodruff Law Firm; LLC,3
WOODS & THOMPSON,1
WOODS AND  BROOKS,1
Woods Law PLLC,1
Woods Oviatt Gilman LLP,1
Woods Rogers; PLC,2
Woodward  Warrick,1
Woodward C. Warrick; Attorney at Law,1
Woody  White,1
Woolbert Skawin PLLC,1
WOOLLEY STOUT PLLC,1
WOOMER & HALL; LLP,1
Woomer & Talarico,1
Wooster Law,4
Wooten Injury Law,1
Wooton Davis Hussell & Ellis PLLC,1
Worby Edelman LLP,3
Worby Vecchio Edelman,1
Worby Vecchio Edelman LLP,1
WORDEN THANE P.C.,1
WORKER'S COMPENSATION LAW FIRM; LLC,1
Workers' Compensation LLC,1
Wormington & Bollinger,1
Wormington Law Firm,1
WORSHAM & VICTOR PC,1
Wortman & Nemeroff; P.A.,1
WR Berkley Regional Subrogation Services,1
WRIGHT  STOUT & WILBURN,1
Wright & Schulte LLC,2
WRIGHT CONSTABLE & SKEEN LLP,1
WRIGHT LAW CO LPA,1
Wright Law Firm,1
Wright Law office,1
Wright Law Office,1
WRIGHT STOUT & WILBURN,1
Wright; Pichon & Gray,1
Wright; Pichon & Gray PLC,1
Wright; Pichon &Gray; PLC,1
Wruck Paupore PC,1
WUESTENFELD & COREY LLC,2
Wukela Law Firm,3
WUKELA LAW FIRM,1
WUSINICH & BROGAN,1
Wynn Tax Law,1
Wyoming Attorney General's Office,2
Wyskiel Boc Tillinghast & Bolduc PA,1
Wyskiel Boc Tillinghast & Boldue,1
Wyskiel; Boc; Tillinghast & Bolduc PA,1
Xander Disability Law LLC,2
Yacket Glatt; LLC,1
Yacub Law Offices,1
Yadgarov & Associates; PLLC,1
Yadira  Manfredy,1
Yaeger and Weiner; PLC,1
Yale Law School,2
YALE R SPECTOR,1
Yamamoto & Kitchens PC LLO,1
"Yancey Law, PC",21
Yancey Law; PC,4
YANCEY LAW; PC,1
YANCHUCK BERMAN WADLEY & ZERVOS PA,1
Yanchuck Berman Wadley Thomas,1
Yanchuck Berman Wadley Zervos & Thomas,2
Yarborough Applegate; LLC,1
Yasi &  Yasi P.C.,1
Yasi & Yasi PC,1
YASMAEL  FONSECA,1
Yates & Schiller,1
Yates & Schiller Law Office PA,2
Yates & Schiller Law Offices,1
Yates & Schiller P A,1
Yates & Schiller P.A.,1
Yates & Schiller PA,8
"Yates & Schiller, P.A.",1
"Yates & Schiller, PA",3
"YATES & SCHILLER, PA",1
Yates & Shubeck,5
Yates and Schiller,2
Yates and Shiller; PA,1
Yeager and Pierson,1
Yeager and Pierson Attorneys at Law,1
"Yeager Lanasa Tauzier, LLC",1
Yeager; LaNasa; Tauzier; LLC,1
YEFIM RUBINOV ATTORNEY AT LAW ESCROW,1
Yervasi Law PC,1
Yochelson & Associates,1
Yocum Law Office,8
Yoder & Langford PC,1
Yoder Ainlay Ulmer & Buckingham,1
Yolanda  Pierce,1
Yolofsky Law; P.A.,1
Yonke Law; LLC,1
Yoshida & Associates,1
YOSHIDA & ASSOCIATES,1
YOST &  BAILL,1
YOST & BAIL; LLP,1
yost & baill,1
Yost & Baill,1
YOST & BAILL,1
Yost & Baill  LLP,1
YOST & BAILL LAW FIRM,1
Yost & Baill LLP,2
Yost & Baill; LLP,1
YOST & BAILL; LLP,1
"Yost and Baill, LLP",1
Youman & Caputo LLC,1
YOUMAN & CAPUTO LLC,1
Younce; Vtipil & Baznik,1
YOUNG  CHO,1
YOUNG  CHUL CHO,1
Young & Young,1
YOUNG B YIM,1
Young Basile Hanlon & MacFarlane PC,1
Young C Cho,1
YOUNG CLEMENT RIVERS LLP,1
Young Conaway Stargatt & Taylor,3
YOUNG CONAWAY STARGATT & TAYLOR LLP,1
Young Jenkins,1
Young Reverman & Mazzei CO; LPA,2
YOUNG REVERMAN AND MAZZEI CO.; LPA,2
Young Ricchiuti Caldwell & Heller; LLC,1
Young Scanlan; LLC,2
YOUNG WARD & LOTHERT,2
Young Wells,1
Young Williams P.A.,2
Young; Klein and Associates,1
Young; Reverman & Mazzie Co. LPA,1
Young; Reverman; & Mazzei Co.,10
Young; Reverman; & Mazzei CO.,1
YOUNG; WARD & LOTHERT PLC,1
Youngblood Law Firm,2
Younge & Hockensmith,1
Younker Hyde MacFarlane,1
Younker Hyde Macfarlane PLLC,1
Yuan Jiang; P.C.,1
YUDKIN &  BREBNER LLC,1
YUDKIN &  BREBNER PLLC,1
Yudkin & Brebner LLC,1
YUDKIN & BREBNER LLC,2
Yudkin & Brebner PLLC,1
Yudkin & Brebner; Attorney Trust Acct,1
Yui Law Firm,2
Yuspeh Rappaport Law LLC,1
YVETTE  ROSS-EDWARDS,1
Yvonne M Ernzen,2
YVONNE M ERNZEN,5
Zacarias  Zinocacassa,1
Zach  Miller,3
ZACH  MILLER,2
Zachar Law,2
Zachar Law Firm,4
Zachar Law Firm P.C.,1
Zachar Law Firm PC,1
ZACHAR LAW FIRM PC,1
ZACHARY B TENRY,2
ZACHARY C SMITH,1
ZACHARY R WALL,1
ZACK M AZAR,1
ZACKEREE S KELIN,1
Zajac & Arias,1
ZAJAC & ARIAS LLC,1
Zakre Law Office,1
Zalinger Cameron & Lambek,1
Zalinger Cameron & Lambek PC,1
Zalkind Duncan & Bernstein LLP,4
Zaman & Trippiedi,1
Zaner Harden Law,1
Zanes Law,1
Zarmi Law,1
Zarwin Baum Devito,1
Zarwin; Baum; Devito;  P.C.,1
ZAVODNICK PERIMUTTER & BOCCIA LLC,1
Zavodnick Perlmutter & Boccia LLC,2
Zavodnick Perlmutter Boccia,2
Zawtocki Law Offices; PLLC,1
ZAYAS & HERNANDEZ PC,1
Zayas Law Firm,1
Zayed  Al-Sayyed,2
Zaytoun Law Firm; PLLC,1
"Zazueta Law, PLLC",1
Zbinden & Curtis,2
Zediker & Associates PA,4
"Zeehandelar, Sabatino & Associates, LLC",3
ZEKE  FLETCHER,2
Zelbst & Butler,1
Zelbst and Butler,1
"Zelbst, Holmes & Butler",1
Zelbst; Holmes & Butler,1
Zeldes Needle & Cooper; Esq.,1
Zeldes; Needle & Cooper; P.C.,1
"Zele & Huber, P.A.",1
Zele Huber Trial Attorneys,1
ZELKOWITZ BARRY & CULLERS LTD,1
Zelle LLP,1
"Zemel Law, LLC",1
ZEMSKY &  SALOMON,1
Zendeh Del Law Firm PLLC,1
Zephier & LaFleur PC,2
"Zephier & LaFleur, P.C.",1
Zephier & LaFleur; P.C.,1
Zerbe; Miller; Fingeret; Frank et al.,1
Zevan Davidson Roman; LLC,1
Ziad Michel  Assouad,1
Ziff Law Firm LLP,1
Zimberlin Law LLC,14
ZIMBERLIN LAW LLC,1
ZIMBERLIN LAW; LLC,1
ZIMMER DUNCAN & COLE LLP,1
ZIMMER;DUNCAN & COLE LLP,1
Zinda Law Group; PLLC,1
Zink & Lenzi,1
Ziontz Chestnut,3
ZIONTZ CHESTNUT - ATTORNEYS AT LAW,1
Ziontz Chestnut Law Firm,1
ZIPPERER LORBERBAUM  BEAUVAIS PC,1
"Zipperer, Lorberbaum, Beauvais & Gotwaltz",1
ZOLA-MARI W SALAKO OF COANE AND ASSO,1
Zorislav R Leyderman,1
Zucker & Regev,2
Zucker & Regev; PC,1
Zuckerman & Powers,1
Zuckerman Spaeder LLP,1
ZUCKERMAN SPAEDER LLP,1
Zukerberg & Halperin,1
Zukor and Nelson,1
Zwerling Moseley & Sears PC,1
Zwiebel and Fairbanks LLP,1
Zwillinger Wulkan,1
